<?xml version="1.0" encoding="UTF-8"?>
<alto xmlns:xsi="http://www.w3.org/2001/XMLSchema-instance" xsi:noNamespaceSchemaLocation="http://www.bl.uk/schemas/alto/alto-1-4.xsd" xmlns:xlink="http://www.w3.org/1999/xlink">
	<Description>
		<MeasurementUnit>mm10</MeasurementUnit>
		<sourceImageInformation>
			<fileName>//head1/IN/2008-12/A0011363537/007225.jp2</fileName>
		</sourceImageInformation>
		<OCRProcessing ID="OCRPROCESSING_1">
			<preProcessingStep>
				<processingSoftware>
					<softwareCreator>CCS Content Conversion Specialists GmbH, Germany</softwareCreator>
					<softwareName>CCS docWORKS</softwareName>
					<softwareVersion>6.1-0.67</softwareVersion>
				</processingSoftware>
			</preProcessingStep>
			<ocrProcessingStep>
				<processingSoftware>
					<softwareCreator>ABBYY (BIT Software), Russia</softwareCreator>
					<softwareName>Finereader</softwareName>
				</processingSoftware>
			</ocrProcessingStep>
		</OCRProcessing>
	</Description>
	<Styles>
		<TextStyle ID="TXT_0" FONTSIZE="10" FONTFAMILY="Courier New"/>
		<TextStyle ID="TXT_1" FONTSIZE="9" FONTFAMILY="Courier New"/>
		<ParagraphStyle ID="PAR_LEFT" ALIGN="Left"/>
		<ParagraphStyle ID="PAR_CENTER" ALIGN="Center"/>
	</Styles>
	<Layout>
		<Page ID="P173" PHYSICAL_IMG_NR="173" HEIGHT="1931" WIDTH="1150" PRINTED_IMG_NR="145" POSITION="Right" ACCURACY="73.74">
			<TopMargin ID="P173_TM00001" HPOS="0" VPOS="0" WIDTH="1149" HEIGHT="117">
				<TextBlock ID="P173_TB00001" HPOS="433" VPOS="86" WIDTH="63" HEIGHT="29" STYLEREFS="TXT_0 PAR_LEFT">
					<TextLine ID="P173_TL00001" HPOS="435" VPOS="88" WIDTH="61" HEIGHT="27">
						<String ID="P173_ST00001" HPOS="435" VPOS="88" WIDTH="61" HEIGHT="27" CONTENT="145" WC="0.43" CC="547"/>
					</TextLine>
				</TextBlock>
			</TopMargin>
			<LeftMargin ID="P173_LM00001" HPOS="0" VPOS="117" WIDTH="28" HEIGHT="1567"/>
			<RightMargin ID="P173_RM00001" HPOS="877" VPOS="117" WIDTH="272" HEIGHT="1567"/>
			<BottomMargin ID="P173_BM00001" HPOS="0" VPOS="1684" WIDTH="1149" HEIGHT="247"/>
			<PrintSpace ID="P173_PS00001" HPOS="28" VPOS="117" WIDTH="849" HEIGHT="1570">
				<TextBlock ID="P173_TB00002" HPOS="38" VPOS="165" WIDTH="839" HEIGHT="1316" STYLEREFS="TXT_1 PAR_LEFT">
					<TextLine ID="P173_TL00002" HPOS="55" VPOS="165" WIDTH="817" HEIGHT="46">
						<String ID="P173_ST00002" HPOS="55" VPOS="170" WIDTH="157" HEIGHT="35" CONTENT="nificence," WC="0.82" CC="7200001006"/>
						<SP ID="P173_SP00001" HPOS="212" VPOS="205" WIDTH="26"/>
						<String ID="P173_ST00003" HPOS="238" VPOS="171" WIDTH="113" HEIGHT="40" CONTENT="having" WC="0.76" CC="520303"/>
						<SP ID="P173_SP00002" HPOS="351" VPOS="211" WIDTH="26"/>
						<String ID="P173_ST00004" HPOS="377" VPOS="171" WIDTH="117" HEIGHT="30" CONTENT="around" WC="0.63" CC="404660"/>
						<SP ID="P173_SP00003" HPOS="494" VPOS="211" WIDTH="25"/>
						<String ID="P173_ST00005" HPOS="519" VPOS="171" WIDTH="63" HEIGHT="29" CONTENT="him" WC="0.96" CC="000"/>
						<SP ID="P173_SP00004" HPOS="582" VPOS="211" WIDTH="22"/>
						<String ID="P173_ST00006" HPOS="604" VPOS="182" WIDTH="18" HEIGHT="19" CONTENT="a" WC="1.00" CC="0"/>
						<SP ID="P173_SP00005" HPOS="622" VPOS="211" WIDTH="21"/>
						<String ID="P173_ST00007" HPOS="643" VPOS="171" WIDTH="83" HEIGHT="39" CONTENT="large" WC="0.69" CC="35600"/>
						<SP ID="P173_SP00006" HPOS="726" VPOS="211" WIDTH="20"/>
						<String ID="P173_ST00008" HPOS="746" VPOS="169" WIDTH="80" HEIGHT="40" CONTENT="body" WC="0.61" CC="3056"/>
						<SP ID="P173_SP00007" HPOS="826" VPOS="211" WIDTH="15"/>
						<String ID="P173_ST00009" HPOS="841" VPOS="165" WIDTH="31" HEIGHT="32" CONTENT="of" WC="0.46" CC="28"/>
					</TextLine>
					<TextLine ID="P173_TL00003" HPOS="55" VPOS="226" WIDTH="820" HEIGHT="38">
						<String ID="P173_ST00010" HPOS="55" VPOS="226" WIDTH="104" HEIGHT="29" CONTENT="armed" WC="0.86" CC="00303"/>
						<SP ID="P173_SP00008" HPOS="159" VPOS="255" WIDTH="16"/>
						<String ID="P173_ST00011" HPOS="175" VPOS="235" WIDTH="71" HEIGHT="20" CONTENT="men" WC="0.63" CC="406"/>
						<SP ID="P173_SP00009" HPOS="246" VPOS="255" WIDTH="15"/>
						<String ID="P173_ST00012" HPOS="261" VPOS="226" WIDTH="61" HEIGHT="30" CONTENT="and" WC="0.47" CC="087"/>
						<SP ID="P173_SP00010" HPOS="322" VPOS="256" WIDTH="12"/>
						<String ID="P173_ST00013" HPOS="334" VPOS="226" WIDTH="173" HEIGHT="31" CONTENT="attendants" WC="0.80" CC="0300680100"/>
						<SP ID="P173_SP00011" HPOS="507" VPOS="257" WIDTH="12"/>
						<String ID="P173_ST00014" HPOS="519" VPOS="239" WIDTH="10" HEIGHT="25" CONTENT=";" WC="0.14" CC="8"/>
						<SP ID="P173_SP00012" HPOS="529" VPOS="264" WIDTH="23"/>
						<String ID="P173_ST00015" HPOS="552" VPOS="226" WIDTH="57" HEIGHT="31" CONTENT="but" WC="0.96" CC="100"/>
						<SP ID="P173_SP00013" HPOS="609" VPOS="264" WIDTH="11"/>
						<String ID="P173_ST00016" HPOS="620" VPOS="226" WIDTH="38" HEIGHT="31" CONTENT="he" WC="1.00" CC="00"/>
						<SP ID="P173_SP00014" HPOS="658" VPOS="264" WIDTH="12"/>
						<String ID="P173_ST00017" HPOS="670" VPOS="226" WIDTH="52" HEIGHT="30" CONTENT="did" WC="1.00" CC="000"/>
						<SP ID="P173_SP00015" HPOS="722" VPOS="264" WIDTH="9"/>
						<String ID="P173_ST00018" HPOS="731" VPOS="231" WIDTH="55" HEIGHT="24" CONTENT="not" WC="0.83" CC="500"/>
						<SP ID="P173_SP00016" HPOS="786" VPOS="264" WIDTH="9"/>
						<String ID="P173_ST00019" HPOS="795" VPOS="233" WIDTH="80" HEIGHT="21" CONTENT="seem" WC="0.70" CC="7300"/>
					</TextLine>
					<TextLine ID="P173_TL00004" HPOS="55" VPOS="280" WIDTH="822" HEIGHT="42">
						<String ID="P173_ST00020" HPOS="55" VPOS="280" WIDTH="75" HEIGHT="30" CONTENT="fond" WC="0.73" CC="5040"/>
						<SP ID="P173_SP00017" HPOS="130" VPOS="310" WIDTH="15"/>
						<String ID="P173_ST00021" HPOS="145" VPOS="281" WIDTH="38" HEIGHT="29" CONTENT="of" WC="0.57" CC="44"/>
						<SP ID="P173_SP00018" HPOS="183" VPOS="310" WIDTH="18"/>
						<String ID="P173_ST00022" HPOS="201" VPOS="281" WIDTH="85" HEIGHT="40" CONTENT="regal" WC="0.55" CC="70446"/>
						<SP ID="P173_SP00019" HPOS="286" VPOS="321" WIDTH="25"/>
						<String ID="P173_ST00023" HPOS="311" VPOS="287" WIDTH="88" HEIGHT="31" CONTENT="state," WC="0.92" CC="000004"/>
						<SP ID="P173_SP00020" HPOS="399" VPOS="321" WIDTH="26"/>
						<String ID="P173_ST00024" HPOS="425" VPOS="281" WIDTH="61" HEIGHT="31" CONTENT="and" WC="0.84" CC="040"/>
						<SP ID="P173_SP00021" HPOS="486" VPOS="321" WIDTH="18"/>
						<String ID="P173_ST00025" HPOS="504" VPOS="281" WIDTH="157" HEIGHT="41" CONTENT="generally" WC="0.72" CC="006030436"/>
						<SP ID="P173_SP00022" HPOS="661" VPOS="322" WIDTH="17"/>
						<String ID="P173_ST00026" HPOS="678" VPOS="286" WIDTH="83" HEIGHT="25" CONTENT="went" WC="0.71" CC="5060"/>
						<SP ID="P173_SP00023" HPOS="761" VPOS="322" WIDTH="23"/>
						<String ID="P173_ST00027" HPOS="784" VPOS="280" WIDTH="93" HEIGHT="30" CONTENT="about" WC="0.90" CC="30010"/>
					</TextLine>
					<TextLine ID="P173_TL00005" HPOS="55" VPOS="335" WIDTH="822" HEIGHT="43">
						<String ID="P173_ST00028" HPOS="55" VPOS="335" WIDTH="74" HEIGHT="30" CONTENT="with" WC="0.89" CC="3100"/>
						<SP ID="P173_SP00024" HPOS="129" VPOS="365" WIDTH="22"/>
						<String ID="P173_ST00029" HPOS="151" VPOS="346" WIDTH="73" HEIGHT="31" CONTENT="very" WC="0.80" CC="0007"/>
						<SP ID="P173_SP00025" HPOS="224" VPOS="377" WIDTH="23"/>
						<String ID="P173_ST00030" HPOS="247" VPOS="336" WIDTH="59" HEIGHT="31" CONTENT="few" WC="0.86" CC="400"/>
						<SP ID="P173_SP00026" HPOS="306" VPOS="377" WIDTH="22"/>
						<String ID="P173_ST00031" HPOS="328" VPOS="337" WIDTH="108" HEIGHT="41" CONTENT="people" WC="0.68" CC="305360"/>
						<String ID="P173_ST00032" HPOS="449" VPOS="349" WIDTH="10" HEIGHT="26" CONTENT=";" WC="0.15" CC="8"/>
						<SP ID="P173_SP00027" HPOS="459" VPOS="378" WIDTH="23"/>
						<String ID="P173_ST00033" HPOS="482" VPOS="337" WIDTH="172" HEIGHT="30" CONTENT="sometimes" WC="0.83" CC="005007200"/>
						<SP ID="P173_SP00028" HPOS="654" VPOS="378" WIDTH="23"/>
						<String ID="P173_ST00034" HPOS="677" VPOS="336" WIDTH="72" HEIGHT="40" CONTENT="only" WC="0.63" CC="0418"/>
						<SP ID="P173_SP00029" HPOS="749" VPOS="378" WIDTH="22"/>
						<String ID="P173_ST00035" HPOS="771" VPOS="335" WIDTH="73" HEIGHT="30" CONTENT="with" WC="0.78" CC="2500"/>
						<SP ID="P173_SP00030" HPOS="844" VPOS="378" WIDTH="15"/>
						<String ID="P173_ST00036" HPOS="859" VPOS="345" WIDTH="18" HEIGHT="19" CONTENT="a" WC="0.38" CC="6"/>
					</TextLine>
					<TextLine ID="P173_TL00006" HPOS="53" VPOS="389" WIDTH="824" HEIGHT="44">
						<String ID="P173_ST00037" HPOS="53" VPOS="391" WIDTH="100" HEIGHT="39" CONTENT="single" WC="0.77" CC="430060"/>
						<SP ID="P173_SP00031" HPOS="153" VPOS="430" WIDTH="21"/>
						<String ID="P173_ST00038" HPOS="174" VPOS="392" WIDTH="62" HEIGHT="41" CONTENT="boy" WC="0.59" CC="407"/>
						<SP ID="P173_SP00032" HPOS="236" VPOS="433" WIDTH="13"/>
						<String ID="P173_ST00039" HPOS="249" VPOS="395" WIDTH="27" HEIGHT="33" CONTENT="*," WC="0.55" CC="44"/>
						<SP ID="P173_SP00033" HPOS="276" VPOS="433" WIDTH="25"/>
						<String ID="P173_ST00040" HPOS="301" VPOS="393" WIDTH="69" HEIGHT="30" CONTENT="who" WC="1.00" CC="000"/>
						<SP ID="P173_SP00034" HPOS="370" VPOS="433" WIDTH="22"/>
						<String ID="P173_ST00041" HPOS="392" VPOS="392" WIDTH="76" HEIGHT="31" CONTENT="used" WC="0.82" CC="0007"/>
						<SP ID="P173_SP00035" HPOS="468" VPOS="433" WIDTH="22"/>
						<String ID="P173_ST00042" HPOS="490" VPOS="397" WIDTH="33" HEIGHT="26" CONTENT="to" WC="0.58" CC="80"/>
						<SP ID="P173_SP00036" HPOS="523" VPOS="433" WIDTH="24"/>
						<String ID="P173_ST00043" HPOS="547" VPOS="402" WIDTH="85" HEIGHT="31" CONTENT="carry" WC="0.74" CC="00705"/>
						<SP ID="P173_SP00037" HPOS="632" VPOS="433" WIDTH="19"/>
						<String ID="P173_ST00044" HPOS="651" VPOS="391" WIDTH="47" HEIGHT="30" CONTENT="his" WC="0.79" CC="600"/>
						<SP ID="P173_SP00038" HPOS="698" VPOS="433" WIDTH="23"/>
						<String ID="P173_ST00045" HPOS="721" VPOS="391" WIDTH="71" HEIGHT="40" CONTENT="pipe" WC="0.76" CC="5310"/>
						<SP ID="P173_SP00039" HPOS="792" VPOS="433" WIDTH="23"/>
						<String ID="P173_ST00046" HPOS="815" VPOS="389" WIDTH="62" HEIGHT="30" CONTENT="and" WC="0.46" CC="167"/>
					</TextLine>
					<TextLine ID="P173_TL00007" HPOS="53" VPOS="445" WIDTH="824" HEIGHT="44">
						<String ID="P173_ST00047" HPOS="53" VPOS="447" WIDTH="143" HEIGHT="41" CONTENT="smoking" WC="0.75" CC="0500351"/>
						<SP ID="P173_SP00040" HPOS="196" VPOS="488" WIDTH="22"/>
						<String ID="P173_ST00048" HPOS="218" VPOS="452" WIDTH="172" HEIGHT="36" CONTENT="apparatus." WC="0.86" CC="0400312000"/>
						<SP ID="P173_SP00041" HPOS="390" VPOS="488" WIDTH="45"/>
						<String ID="P173_ST00049" HPOS="435" VPOS="447" WIDTH="69" HEIGHT="32" CONTENT="The" WC="0.82" CC="310"/>
						<SP ID="P173_SP00042" HPOS="504" VPOS="488" WIDTH="21"/>
						<String ID="P173_ST00050" HPOS="525" VPOS="448" WIDTH="71" HEIGHT="41" CONTENT="pipe" WC="0.75" CC="4050"/>
						<SP ID="P173_SP00043" HPOS="596" VPOS="489" WIDTH="19"/>
						<String ID="P173_ST00051" HPOS="615" VPOS="458" WIDTH="60" HEIGHT="20" CONTENT="was" WC="0.81" CC="220"/>
						<SP ID="P173_SP00044" HPOS="675" VPOS="489" WIDTH="14"/>
						<String ID="P173_ST00052" HPOS="689" VPOS="458" WIDTH="18" HEIGHT="19" CONTENT="a" WC="1.00" CC="0"/>
						<SP ID="P173_SP00045" HPOS="707" VPOS="489" WIDTH="13"/>
						<String ID="P173_ST00053" HPOS="720" VPOS="447" WIDTH="74" HEIGHT="39" CONTENT="long" WC="0.61" CC="0842"/>
						<SP ID="P173_SP00046" HPOS="794" VPOS="489" WIDTH="19"/>
						<String ID="P173_ST00054" HPOS="813" VPOS="445" WIDTH="64" HEIGHT="30" CONTENT="hol-" WC="0.71" CC="0064"/>
					</TextLine>
					<TextLine ID="P173_TL00008" HPOS="52" VPOS="501" WIDTH="825" HEIGHT="43">
						<String ID="P173_ST00055" HPOS="52" VPOS="502" WIDTH="60" HEIGHT="30" CONTENT="low" WC="0.71" CC="205"/>
						<SP ID="P173_SP00047" HPOS="112" VPOS="532" WIDTH="11"/>
						<String ID="P173_ST00056" HPOS="123" VPOS="503" WIDTH="84" HEIGHT="35" CONTENT="tube," WC="0.86" CC="00006"/>
						<SP ID="P173_SP00048" HPOS="207" VPOS="538" WIDTH="27"/>
						<String ID="P173_ST00057" HPOS="234" VPOS="502" WIDTH="87" HEIGHT="31" CONTENT="three" WC="1.00" CC="00000"/>
						<SP ID="P173_SP00049" HPOS="321" VPOS="538" WIDTH="16"/>
						<String ID="P173_ST00058" HPOS="337" VPOS="513" WIDTH="35" HEIGHT="20" CONTENT="or" WC="0.48" CC="36"/>
						<SP ID="P173_SP00050" HPOS="372" VPOS="538" WIDTH="13"/>
						<String ID="P173_ST00059" HPOS="385" VPOS="503" WIDTH="70" HEIGHT="30" CONTENT="four" WC="0.80" CC="8000"/>
						<SP ID="P173_SP00051" HPOS="455" VPOS="538" WIDTH="13"/>
						<String ID="P173_ST00060" HPOS="468" VPOS="502" WIDTH="65" HEIGHT="32" CONTENT="feet" WC="0.76" CC="5003"/>
						<SP ID="P173_SP00052" HPOS="533" VPOS="538" WIDTH="14"/>
						<String ID="P173_ST00061" HPOS="547" VPOS="503" WIDTH="32" HEIGHT="30" CONTENT="in" WC="0.27" CC="67"/>
						<SP ID="P173_SP00053" HPOS="579" VPOS="538" WIDTH="20"/>
						<String ID="P173_ST00062" HPOS="599" VPOS="502" WIDTH="118" HEIGHT="42" CONTENT="length," WC="0.79" CC="0033006"/>
						<SP ID="P173_SP00054" HPOS="717" VPOS="544" WIDTH="25"/>
						<String ID="P173_ST00063" HPOS="742" VPOS="501" WIDTH="61" HEIGHT="31" CONTENT="and" WC="0.50" CC="076"/>
						<SP ID="P173_SP00055" HPOS="803" VPOS="544" WIDTH="21"/>
						<String ID="P173_ST00064" HPOS="824" VPOS="501" WIDTH="53" HEIGHT="30" CONTENT="the" WC="0.83" CC="050"/>
					</TextLine>
					<TextLine ID="P173_TL00009" HPOS="51" VPOS="556" WIDTH="826" HEIGHT="42">
						<String ID="P173_ST00065" HPOS="51" VPOS="557" WIDTH="131" HEIGHT="31" CONTENT="tobacco" WC="0.87" CC="6000002"/>
						<SP ID="P173_SP00056" HPOS="182" VPOS="588" WIDTH="13"/>
						<String ID="P173_ST00066" HPOS="195" VPOS="558" WIDTH="95" HEIGHT="40" CONTENT="being" WC="0.61" CC="30744"/>
						<SP ID="P173_SP00057" HPOS="290" VPOS="598" WIDTH="10"/>
						<String ID="P173_ST00067" HPOS="300" VPOS="557" WIDTH="129" HEIGHT="31" CONTENT="kindled" WC="0.80" CC="3342000"/>
						<SP ID="P173_SP00058" HPOS="429" VPOS="598" WIDTH="11"/>
						<String ID="P173_ST00068" HPOS="440" VPOS="563" WIDTH="32" HEIGHT="25" CONTENT="at" WC="1.00" CC="00"/>
						<SP ID="P173_SP00059" HPOS="472" VPOS="598" WIDTH="10"/>
						<String ID="P173_ST00069" HPOS="482" VPOS="568" WIDTH="58" HEIGHT="21" CONTENT="one" WC="0.82" CC="040"/>
						<SP ID="P173_SP00060" HPOS="540" VPOS="598" WIDTH="10"/>
						<String ID="P173_ST00070" HPOS="550" VPOS="558" WIDTH="60" HEIGHT="30" CONTENT="end" WC="0.77" CC="060"/>
						<SP ID="P173_SP00061" HPOS="610" VPOS="598" WIDTH="10"/>
						<String ID="P173_ST00071" HPOS="620" VPOS="558" WIDTH="33" HEIGHT="30" CONTENT="of" WC="0.96" CC="00"/>
						<SP ID="P173_SP00062" HPOS="653" VPOS="598" WIDTH="10"/>
						<String ID="P173_ST00072" HPOS="663" VPOS="558" WIDTH="33" HEIGHT="35" CONTENT="it," WC="0.74" CC="006"/>
						<SP ID="P173_SP00063" HPOS="696" VPOS="598" WIDTH="13"/>
						<String ID="P173_ST00073" HPOS="709" VPOS="558" WIDTH="52" HEIGHT="30" CONTENT="the" WC="0.82" CC="220"/>
						<SP ID="P173_SP00064" HPOS="761" VPOS="598" WIDTH="11"/>
						<String ID="P173_ST00074" HPOS="772" VPOS="556" WIDTH="105" HEIGHT="31" CONTENT="smoke" WC="0.87" CC="06000"/>
					</TextLine>
					<TextLine ID="P173_TL00010" HPOS="50" VPOS="611" WIDTH="825" HEIGHT="43">
						<String ID="P173_ST00075" HPOS="50" VPOS="623" WIDTH="61" HEIGHT="19" CONTENT="was" WC="0.61" CC="622"/>
						<SP ID="P173_SP00065" HPOS="111" VPOS="642" WIDTH="24"/>
						<String ID="P173_ST00076" HPOS="135" VPOS="612" WIDTH="105" HEIGHT="31" CONTENT="drawn" WC="0.65" CC="23047"/>
						<SP ID="P173_SP00066" HPOS="240" VPOS="643" WIDTH="22"/>
						<String ID="P173_ST00077" HPOS="262" VPOS="613" WIDTH="136" HEIGHT="41" CONTENT="through" WC="0.84" CC="0070040"/>
						<SP ID="P173_SP00067" HPOS="398" VPOS="654" WIDTH="24"/>
						<String ID="P173_ST00078" HPOS="422" VPOS="614" WIDTH="35" HEIGHT="29" CONTENT="it." WC="0.73" CC="520"/>
						<SP ID="P173_SP00068" HPOS="457" VPOS="654" WIDTH="43"/>
						<String ID="P173_ST00079" HPOS="500" VPOS="612" WIDTH="69" HEIGHT="31" CONTENT="The" WC="0.90" CC="300"/>
						<SP ID="P173_SP00069" HPOS="569" VPOS="654" WIDTH="19"/>
						<String ID="P173_ST00080" HPOS="588" VPOS="613" WIDTH="106" HEIGHT="39" CONTENT="palace" WC="0.79" CC="700003"/>
						<SP ID="P173_SP00070" HPOS="694" VPOS="654" WIDTH="21"/>
						<String ID="P173_ST00081" HPOS="715" VPOS="623" WIDTH="61" HEIGHT="19" CONTENT="was" WC="0.79" CC="600"/>
						<SP ID="P173_SP00071" HPOS="776" VPOS="654" WIDTH="21"/>
						<String ID="P173_ST00082" HPOS="797" VPOS="611" WIDTH="78" HEIGHT="30" CONTENT="little" WC="0.75" CC="510070"/>
					</TextLine>
					<TextLine ID="P173_TL00011" HPOS="50" VPOS="667" WIDTH="825" HEIGHT="42">
						<String ID="P173_ST00083" HPOS="50" VPOS="678" WIDTH="85" HEIGHT="20" CONTENT="more" WC="0.81" CC="4102"/>
						<SP ID="P173_SP00072" HPOS="135" VPOS="698" WIDTH="15"/>
						<String ID="P173_ST00084" HPOS="150" VPOS="668" WIDTH="74" HEIGHT="31" CONTENT="than" WC="0.70" CC="4007"/>
						<SP ID="P173_SP00073" HPOS="224" VPOS="699" WIDTH="16"/>
						<String ID="P173_ST00085" HPOS="240" VPOS="679" WIDTH="18" HEIGHT="19" CONTENT="a" WC="1.00" CC="0"/>
						<SP ID="P173_SP00074" HPOS="258" VPOS="699" WIDTH="15"/>
						<String ID="P173_ST00086" HPOS="273" VPOS="668" WIDTH="56" HEIGHT="31" CONTENT="hut" WC="1.00" CC="000"/>
						<SP ID="P173_SP00075" HPOS="329" VPOS="699" WIDTH="16"/>
						<String ID="P173_ST00087" HPOS="345" VPOS="679" WIDTH="40" HEIGHT="20" CONTENT="on" WC="0.80" CC="04"/>
						<SP ID="P173_SP00076" HPOS="385" VPOS="699" WIDTH="15"/>
						<String ID="P173_ST00088" HPOS="400" VPOS="679" WIDTH="18" HEIGHT="20" CONTENT="a" WC="1.00" CC="0"/>
						<SP ID="P173_SP00077" HPOS="418" VPOS="699" WIDTH="14"/>
						<String ID="P173_ST00089" HPOS="432" VPOS="668" WIDTH="100" HEIGHT="41" CONTENT="larger" WC="0.74" CC="315004"/>
						<SP ID="P173_SP00078" HPOS="532" VPOS="709" WIDTH="19"/>
						<String ID="P173_ST00090" HPOS="551" VPOS="668" WIDTH="90" HEIGHT="31" CONTENT="scale." WC="0.81" CC="000506"/>
						<SP ID="P173_SP00079" HPOS="641" VPOS="709" WIDTH="44"/>
						<String ID="P173_ST00091" HPOS="685" VPOS="668" WIDTH="31" HEIGHT="31" CONTENT="It" WC="0.62" CC="42"/>
						<SP ID="P173_SP00080" HPOS="716" VPOS="709" WIDTH="22"/>
						<String ID="P173_ST00092" HPOS="738" VPOS="667" WIDTH="137" HEIGHT="35" CONTENT="differed," WC="0.70" CC="550004037"/>
					</TextLine>
					<TextLine ID="P173_TL00012" HPOS="50" VPOS="723" WIDTH="825" HEIGHT="41">
						<String ID="P173_ST00093" HPOS="50" VPOS="723" WIDTH="151" HEIGHT="37" CONTENT="however," WC="0.89" CC="00002006"/>
						<SP ID="P173_SP00081" HPOS="201" VPOS="760" WIDTH="22"/>
						<String ID="P173_ST00094" HPOS="223" VPOS="724" WIDTH="79" HEIGHT="30" CONTENT="from" WC="0.95" CC="0100"/>
						<SP ID="P173_SP00082" HPOS="302" VPOS="760" WIDTH="15"/>
						<String ID="P173_ST00095" HPOS="317" VPOS="724" WIDTH="54" HEIGHT="31" CONTENT="the" WC="0.85" CC="400"/>
						<SP ID="P173_SP00083" HPOS="371" VPOS="760" WIDTH="14"/>
						<String ID="P173_ST00096" HPOS="385" VPOS="724" WIDTH="89" HEIGHT="31" CONTENT="other" WC="0.88" CC="30001"/>
						<SP ID="P173_SP00084" HPOS="474" VPOS="760" WIDTH="23"/>
						<String ID="P173_ST00097" HPOS="497" VPOS="724" WIDTH="80" HEIGHT="37" CONTENT="huts," WC="0.71" CC="00436"/>
						<SP ID="P173_SP00085" HPOS="577" VPOS="761" WIDTH="22"/>
						<String ID="P173_ST00098" HPOS="599" VPOS="725" WIDTH="33" HEIGHT="30" CONTENT="in" WC="0.37" CC="66"/>
						<SP ID="P173_SP00086" HPOS="632" VPOS="761" WIDTH="22"/>
						<String ID="P173_ST00099" HPOS="654" VPOS="723" WIDTH="114" HEIGHT="41" CONTENT="having" WC="0.83" CC="500030"/>
						<SP ID="P173_SP00087" HPOS="768" VPOS="764" WIDTH="24"/>
						<String ID="P173_ST00100" HPOS="792" VPOS="732" WIDTH="83" HEIGHT="21" CONTENT="some" WC="0.95" CC="1000"/>
					</TextLine>
					<TextLine ID="P173_TL00013" HPOS="50" VPOS="779" WIDTH="825" HEIGHT="42">
						<String ID="P173_ST00101" HPOS="50" VPOS="790" WIDTH="85" HEIGHT="21" CONTENT="more" WC="0.84" CC="1110"/>
						<SP ID="P173_SP00088" HPOS="135" VPOS="811" WIDTH="14"/>
						<String ID="P173_ST00102" HPOS="149" VPOS="780" WIDTH="122" HEIGHT="31" CONTENT="articles" WC="0.88" CC="00050300"/>
						<SP ID="P173_SP00089" HPOS="271" VPOS="811" WIDTH="14"/>
						<String ID="P173_ST00103" HPOS="285" VPOS="780" WIDTH="38" HEIGHT="31" CONTENT="of" WC="0.81" CC="30"/>
						<SP ID="P173_SP00090" HPOS="323" VPOS="811" WIDTH="8"/>
						<String ID="P173_ST00104" HPOS="331" VPOS="780" WIDTH="162" HEIGHT="37" CONTENT="furniture," WC="0.65" CC="5046540107"/>
						<SP ID="P173_SP00091" HPOS="493" VPOS="817" WIDTH="16"/>
						<String ID="P173_ST00105" HPOS="509" VPOS="781" WIDTH="62" HEIGHT="30" CONTENT="and" WC="0.71" CC="440"/>
						<SP ID="P173_SP00092" HPOS="571" VPOS="817" WIDTH="8"/>
						<String ID="P173_ST00106" HPOS="579" VPOS="781" WIDTH="94" HEIGHT="40" CONTENT="being" WC="0.66" CC="00663"/>
						<SP ID="P173_SP00093" HPOS="673" VPOS="821" WIDTH="11"/>
						<String ID="P173_ST00107" HPOS="684" VPOS="779" WIDTH="191" HEIGHT="31" CONTENT="surrounded" WC="0.81" CC="0002004407"/>
					</TextLine>
					<TextLine ID="P173_TL00014" HPOS="49" VPOS="834" WIDTH="826" HEIGHT="42">
						<String ID="P173_ST00108" HPOS="49" VPOS="836" WIDTH="41" HEIGHT="39" CONTENT="by" WC="0.19" CC="78"/>
						<SP ID="P173_SP00094" HPOS="90" VPOS="875" WIDTH="14"/>
						<String ID="P173_ST00109" HPOS="104" VPOS="846" WIDTH="18" HEIGHT="20" CONTENT="a" WC="0.58" CC="4"/>
						<SP ID="P173_SP00095" HPOS="122" VPOS="875" WIDTH="14"/>
						<String ID="P173_ST00110" HPOS="136" VPOS="836" WIDTH="83" HEIGHT="40" CONTENT="large" WC="0.65" CC="51540"/>
						<SP ID="P173_SP00096" HPOS="219" VPOS="876" WIDTH="16"/>
						<String ID="P173_ST00111" HPOS="235" VPOS="836" WIDTH="100" HEIGHT="40" CONTENT="hedge" WC="0.83" CC="60020"/>
						<SP ID="P173_SP00097" HPOS="335" VPOS="876" WIDTH="15"/>
						<String ID="P173_ST00112" HPOS="350" VPOS="846" WIDTH="34" HEIGHT="20" CONTENT="or" WC="1.00" CC="00"/>
						<SP ID="P173_SP00098" HPOS="384" VPOS="876" WIDTH="16"/>
						<String ID="P173_ST00113" HPOS="400" VPOS="836" WIDTH="129" HEIGHT="30" CONTENT="bamboo" WC="0.93" CC="003000"/>
						<SP ID="P173_SP00099" HPOS="529" VPOS="876" WIDTH="14"/>
						<String ID="P173_ST00114" HPOS="543" VPOS="836" WIDTH="100" HEIGHT="35" CONTENT="fence," WC="0.67" CC="507007"/>
						<SP ID="P173_SP00100" HPOS="643" VPOS="876" WIDTH="16"/>
						<String ID="P173_ST00115" HPOS="659" VPOS="835" WIDTH="99" HEIGHT="31" CONTENT="which" WC="0.77" CC="14500"/>
						<SP ID="P173_SP00101" HPOS="758" VPOS="876" WIDTH="15"/>
						<String ID="P173_ST00116" HPOS="773" VPOS="834" WIDTH="102" HEIGHT="31" CONTENT="enclo-" WC="0.71" CC="030354"/>
					</TextLine>
					<TextLine ID="P173_TL00015" HPOS="48" VPOS="889" WIDTH="824" HEIGHT="42">
						<String ID="P173_ST00117" HPOS="48" VPOS="890" WIDTH="54" HEIGHT="30" CONTENT="sed" WC="1.00" CC="000"/>
						<SP ID="P173_SP00102" HPOS="102" VPOS="920" WIDTH="25"/>
						<String ID="P173_ST00118" HPOS="127" VPOS="900" WIDTH="17" HEIGHT="20" CONTENT="a" WC="1.00" CC="0"/>
						<SP ID="P173_SP00103" HPOS="144" VPOS="920" WIDTH="23"/>
						<String ID="P173_ST00119" HPOS="167" VPOS="895" WIDTH="103" HEIGHT="36" CONTENT="pretty" WC="0.60" CC="460138"/>
						<SP ID="P173_SP00104" HPOS="270" VPOS="931" WIDTH="25"/>
						<String ID="P173_ST00120" HPOS="295" VPOS="891" WIDTH="159" HEIGHT="31" CONTENT="extensive" WC="0.92" CC="000020400"/>
						<SP ID="P173_SP00105" HPOS="454" VPOS="931" WIDTH="25"/>
						<String ID="P173_ST00121" HPOS="479" VPOS="900" WIDTH="71" HEIGHT="21" CONTENT="area" WC="0.63" CC="7700"/>
						<SP ID="P173_SP00106" HPOS="550" VPOS="931" WIDTH="24"/>
						<String ID="P173_ST00122" HPOS="574" VPOS="890" WIDTH="101" HEIGHT="30" CONTENT="where" WC="0.69" CC="45050"/>
						<SP ID="P173_SP00107" HPOS="675" VPOS="931" WIDTH="25"/>
						<String ID="P173_ST00123" HPOS="700" VPOS="890" WIDTH="53" HEIGHT="30" CONTENT="the" WC="0.87" CC="300"/>
						<SP ID="P173_SP00108" HPOS="753" VPOS="931" WIDTH="23"/>
						<String ID="P173_ST00124" HPOS="776" VPOS="889" WIDTH="96" HEIGHT="31" CONTENT="house" WC="0.96" CC="01000"/>
					</TextLine>
					<TextLine ID="P173_TL00016" HPOS="49" VPOS="944" WIDTH="823" HEIGHT="41">
						<String ID="P173_ST00125" HPOS="49" VPOS="945" WIDTH="97" HEIGHT="30" CONTENT="stood." WC="0.90" CC="100202"/>
						<SP ID="P173_SP00109" HPOS="146" VPOS="975" WIDTH="44"/>
						<String ID="P173_ST00126" HPOS="190" VPOS="946" WIDTH="102" HEIGHT="30" CONTENT="There" WC="0.92" CC="00040"/>
						<SP ID="P173_SP00110" HPOS="292" VPOS="976" WIDTH="15"/>
						<String ID="P173_ST00127" HPOS="307" VPOS="945" WIDTH="121" HEIGHT="31" CONTENT="resided" WC="0.78" CC="7020006"/>
						<SP ID="P173_SP00111" HPOS="428" VPOS="976" WIDTH="15"/>
						<String ID="P173_ST00128" HPOS="443" VPOS="945" WIDTH="53" HEIGHT="31" CONTENT="the" WC="0.77" CC="060"/>
						<SP ID="P173_SP00112" HPOS="496" VPOS="976" WIDTH="14"/>
						<String ID="P173_ST00129" HPOS="510" VPOS="945" WIDTH="119" HEIGHT="36" CONTENT="Queen," WC="0.74" CC="300047"/>
						<SP ID="P173_SP00113" HPOS="629" VPOS="981" WIDTH="11"/>
						<String ID="P173_ST00130" HPOS="640" VPOS="944" WIDTH="146" HEIGHT="41" CONTENT="dignified" WC="0.87" CC="311040000"/>
						<SP ID="P173_SP00114" HPOS="786" VPOS="985" WIDTH="11"/>
						<String ID="P173_ST00131" HPOS="797" VPOS="945" WIDTH="75" HEIGHT="30" CONTENT="with" WC="0.77" CC="5201"/>
					</TextLine>
					<TextLine ID="P173_TL00017" HPOS="49" VPOS="1000" WIDTH="823" HEIGHT="42">
						<String ID="P173_ST00132" HPOS="49" VPOS="1000" WIDTH="53" HEIGHT="30" CONTENT="the" WC="0.84" CC="400"/>
						<SP ID="P173_SP00115" HPOS="102" VPOS="1030" WIDTH="15"/>
						<String ID="P173_ST00133" HPOS="117" VPOS="1000" WIDTH="185" HEIGHT="41" CONTENT="appellation" WC="0.83" CC="00400520104"/>
						<SP ID="P173_SP00116" HPOS="302" VPOS="1041" WIDTH="21"/>
						<String ID="P173_ST00134" HPOS="323" VPOS="1001" WIDTH="37" HEIGHT="30" CONTENT="of" WC="0.59" CC="08"/>
						<SP ID="P173_SP00117" HPOS="360" VPOS="1041" WIDTH="21"/>
						<String ID="P173_ST00135" HPOS="381" VPOS="1001" WIDTH="111" HEIGHT="35" CONTENT="Queen" WC="0.88" CC="30002"/>
						<SP ID="P173_SP00118" HPOS="492" VPOS="1041" WIDTH="21"/>
						<String ID="P173_ST00136" HPOS="513" VPOS="1001" WIDTH="157" HEIGHT="31" CONTENT="Charlotte" WC="0.94" CC="000500000"/>
						<SP ID="P173_SP00119" HPOS="670" VPOS="1041" WIDTH="13"/>
						<String ID="P173_ST00137" HPOS="683" VPOS="1014" WIDTH="9" HEIGHT="25" CONTENT=";" WC="0.14" CC="8"/>
						<SP ID="P173_SP00120" HPOS="692" VPOS="1041" WIDTH="23"/>
						<String ID="P173_ST00138" HPOS="715" VPOS="1011" WIDTH="60" HEIGHT="31" CONTENT="any" WC="0.53" CC="274"/>
						<SP ID="P173_SP00121" HPOS="775" VPOS="1042" WIDTH="14"/>
						<String ID="P173_ST00139" HPOS="789" VPOS="1001" WIDTH="83" HEIGHT="40" CONTENT="good" WC="0.86" CC="0005"/>
					</TextLine>
					<TextLine ID="P173_TL00018" HPOS="50" VPOS="1056" WIDTH="823" HEIGHT="40">
						<String ID="P173_ST00140" HPOS="50" VPOS="1056" WIDTH="85" HEIGHT="30" CONTENT="looks" WC="0.83" CC="60002"/>
						<SP ID="P173_SP00122" HPOS="135" VPOS="1086" WIDTH="16"/>
						<String ID="P173_ST00141" HPOS="151" VPOS="1056" WIDTH="52" HEIGHT="30" CONTENT="she" WC="1.00" CC="000"/>
						<SP ID="P173_SP00123" HPOS="203" VPOS="1086" WIDTH="15"/>
						<String ID="P173_ST00142" HPOS="218" VPOS="1066" WIDTH="70" HEIGHT="30" CONTENT="may" WC="0.72" CC="502"/>
						<SP ID="P173_SP00124" HPOS="288" VPOS="1096" WIDTH="14"/>
						<String ID="P173_ST00143" HPOS="302" VPOS="1056" WIDTH="77" HEIGHT="30" CONTENT="have" WC="1.00" CC="0000"/>
						<SP ID="P173_SP00125" HPOS="379" VPOS="1096" WIDTH="15"/>
						<String ID="P173_ST00144" HPOS="394" VPOS="1056" WIDTH="62" HEIGHT="29" CONTENT="had" WC="0.73" CC="008"/>
						<SP ID="P173_SP00126" HPOS="456" VPOS="1096" WIDTH="14"/>
						<String ID="P173_ST00145" HPOS="470" VPOS="1065" WIDTH="79" HEIGHT="21" CONTENT="were" WC="0.97" CC="1000"/>
						<SP ID="P173_SP00127" HPOS="549" VPOS="1096" WIDTH="14"/>
						<String ID="P173_ST00146" HPOS="563" VPOS="1066" WIDTH="80" HEIGHT="30" CONTENT="gone" WC="0.85" CC="0050"/>
						<SP ID="P173_SP00128" HPOS="643" VPOS="1096" WIDTH="15"/>
						<String ID="P173_ST00147" HPOS="658" VPOS="1057" WIDTH="40" HEIGHT="39" CONTENT="by" WC="0.29" CC="76"/>
						<SP ID="P173_SP00129" HPOS="698" VPOS="1096" WIDTH="13"/>
						<String ID="P173_ST00148" HPOS="711" VPOS="1069" WIDTH="9" HEIGHT="24" CONTENT=";" WC="0.15" CC="8"/>
						<SP ID="P173_SP00130" HPOS="720" VPOS="1096" WIDTH="24"/>
						<String ID="P173_ST00149" HPOS="744" VPOS="1057" WIDTH="53" HEIGHT="29" CONTENT="she" WC="1.00" CC="000"/>
						<SP ID="P173_SP00131" HPOS="797" VPOS="1096" WIDTH="15"/>
						<String ID="P173_ST00150" HPOS="812" VPOS="1067" WIDTH="61" HEIGHT="20" CONTENT="was" WC="0.86" CC="400"/>
					</TextLine>
					<TextLine ID="P173_TL00019" HPOS="50" VPOS="1110" WIDTH="823" HEIGHT="41">
						<String ID="P173_ST00151" HPOS="50" VPOS="1111" WIDTH="171" HEIGHT="40" CONTENT="corpulent," WC="0.80" CC="0002340107"/>
						<SP ID="P173_SP00132" HPOS="221" VPOS="1151" WIDTH="24"/>
						<String ID="P173_ST00152" HPOS="245" VPOS="1111" WIDTH="55" HEIGHT="30" CONTENT="but" WC="1.00" CC="000"/>
						<SP ID="P173_SP00133" HPOS="300" VPOS="1151" WIDTH="24"/>
						<String ID="P173_ST00153" HPOS="324" VPOS="1110" WIDTH="254" HEIGHT="41" CONTENT="good-tempered" WC="0.89" CC="0005100240000"/>
						<SP ID="P173_SP00134" HPOS="578" VPOS="1151" WIDTH="23"/>
						<String ID="P173_ST00154" HPOS="601" VPOS="1111" WIDTH="60" HEIGHT="30" CONTENT="and" WC="0.98" CC="000"/>
						<SP ID="P173_SP00135" HPOS="661" VPOS="1151" WIDTH="23"/>
						<String ID="P173_ST00155" HPOS="684" VPOS="1110" WIDTH="85" HEIGHT="32" CONTENT="kind." WC="0.64" CC="00385"/>
						<SP ID="P173_SP00136" HPOS="769" VPOS="1151" WIDTH="45"/>
						<String ID="P173_ST00156" HPOS="814" VPOS="1111" WIDTH="59" HEIGHT="30" CONTENT="His" WC="0.62" CC="640"/>
					</TextLine>
					<TextLine ID="P173_TL00020" HPOS="48" VPOS="1166" WIDTH="825" HEIGHT="42">
						<String ID="P173_ST00157" HPOS="48" VPOS="1167" WIDTH="152" HEIGHT="40" CONTENT="majesty's" WC="0.66" CC="504004860"/>
						<SP ID="P173_SP00137" HPOS="200" VPOS="1207" WIDTH="25"/>
						<String ID="P173_ST00158" HPOS="225" VPOS="1166" WIDTH="158" HEIGHT="30" CONTENT="affections" WC="0.73" CC="0550026050"/>
						<SP ID="P173_SP00138" HPOS="383" VPOS="1207" WIDTH="26"/>
						<String ID="P173_ST00159" HPOS="409" VPOS="1176" WIDTH="79" HEIGHT="21" CONTENT="were" WC="0.87" CC="5000"/>
						<SP ID="P173_SP00139" HPOS="488" VPOS="1207" WIDTH="29"/>
						<String ID="P173_ST00160" HPOS="517" VPOS="1166" WIDTH="134" HEIGHT="36" CONTENT="divided," WC="0.70" CC="06072007"/>
						<SP ID="P173_SP00140" HPOS="651" VPOS="1207" WIDTH="30"/>
						<String ID="P173_ST00161" HPOS="681" VPOS="1176" WIDTH="34" HEIGHT="21" CONTENT="or" WC="0.81" CC="03"/>
						<SP ID="P173_SP00141" HPOS="715" VPOS="1207" WIDTH="27"/>
						<String ID="P173_ST00162" HPOS="742" VPOS="1166" WIDTH="131" HEIGHT="42" CONTENT="perhaps" WC="0.71" CC="5014070"/>
					</TextLine>
					<TextLine ID="P173_TL00021" HPOS="43" VPOS="1220" WIDTH="827" HEIGHT="42">
						<String ID="P173_ST00163" HPOS="43" VPOS="1225" WIDTH="104" HEIGHT="36" CONTENT="pretty" WC="0.70" CC="320308"/>
						<SP ID="P173_SP00142" HPOS="147" VPOS="1261" WIDTH="26"/>
						<String ID="P173_ST00164" HPOS="173" VPOS="1220" WIDTH="187" HEIGHT="41" CONTENT="exclusively" WC="0.71" CC="00066063008"/>
						<SP ID="P173_SP00143" HPOS="360" VPOS="1261" WIDTH="23"/>
						<String ID="P173_ST00165" HPOS="383" VPOS="1221" WIDTH="93" HEIGHT="39" CONTENT="given" WC="0.77" CC="06004"/>
						<SP ID="P173_SP00144" HPOS="476" VPOS="1261" WIDTH="29"/>
						<String ID="P173_ST00166" HPOS="505" VPOS="1226" WIDTH="33" HEIGHT="25" CONTENT="to" WC="0.53" CC="45"/>
						<SP ID="P173_SP00145" HPOS="538" VPOS="1261" WIDTH="27"/>
						<String ID="P173_ST00167" HPOS="565" VPOS="1231" WIDTH="19" HEIGHT="20" CONTENT="a" WC="1.00" CC="0"/>
						<SP ID="P173_SP00146" HPOS="584" VPOS="1261" WIDTH="25"/>
						<String ID="P173_ST00168" HPOS="609" VPOS="1231" WIDTH="73" HEIGHT="31" CONTENT="very" WC="0.66" CC="0066"/>
						<SP ID="P173_SP00147" HPOS="682" VPOS="1262" WIDTH="22"/>
						<String ID="P173_ST00169" HPOS="704" VPOS="1221" WIDTH="166" HEIGHT="31" CONTENT="handsome" WC="0.79" CC="14610010"/>
					</TextLine>
					<TextLine ID="P173_TL00022" HPOS="42" VPOS="1275" WIDTH="827" HEIGHT="41">
						<String ID="P173_ST00170" HPOS="42" VPOS="1286" WIDTH="106" HEIGHT="30" CONTENT="young" WC="0.66" CC="70044"/>
						<SP ID="P173_SP00148" HPOS="148" VPOS="1316" WIDTH="9"/>
						<String ID="P173_ST00171" HPOS="157" VPOS="1286" WIDTH="129" HEIGHT="26" CONTENT="woman," WC="0.61" CC="605056"/>
						<SP ID="P173_SP00149" HPOS="286" VPOS="1316" WIDTH="14"/>
						<String ID="P173_ST00172" HPOS="300" VPOS="1275" WIDTH="74" HEIGHT="32" CONTENT="with" WC="0.65" CC="4602"/>
						<SP ID="P173_SP00150" HPOS="374" VPOS="1316" WIDTH="13"/>
						<String ID="P173_ST00173" HPOS="387" VPOS="1275" WIDTH="101" HEIGHT="31" CONTENT="whom" WC="0.88" CC="4000"/>
						<SP ID="P173_SP00151" HPOS="488" VPOS="1316" WIDTH="15"/>
						<String ID="P173_ST00174" HPOS="503" VPOS="1275" WIDTH="86" HEIGHT="31" CONTENT="there" WC="0.80" CC="00360"/>
						<SP ID="P173_SP00152" HPOS="589" VPOS="1316" WIDTH="13"/>
						<String ID="P173_ST00175" HPOS="602" VPOS="1286" WIDTH="59" HEIGHT="20" CONTENT="was" WC="0.66" CC="360"/>
						<SP ID="P173_SP00153" HPOS="661" VPOS="1316" WIDTH="15"/>
						<String ID="P173_ST00176" HPOS="676" VPOS="1286" WIDTH="18" HEIGHT="20" CONTENT="a" WC="1.00" CC="0"/>
						<SP ID="P173_SP00154" HPOS="694" VPOS="1316" WIDTH="15"/>
						<String ID="P173_ST00177" HPOS="709" VPOS="1281" WIDTH="62" HEIGHT="25" CONTENT="sort" WC="0.92" CC="0003"/>
						<SP ID="P173_SP00155" HPOS="771" VPOS="1316" WIDTH="12"/>
						<String ID="P173_ST00178" HPOS="783" VPOS="1276" WIDTH="37" HEIGHT="30" CONTENT="of" WC="0.74" CC="05"/>
						<SP ID="P173_SP00156" HPOS="820" VPOS="1316" WIDTH="9"/>
						<String ID="P173_ST00179" HPOS="829" VPOS="1276" WIDTH="40" HEIGHT="31" CONTENT="al" SUBS_TYPE="HypPart1" SUBS_CONTENT="alliance" WC="0.62" CC="352"/>
						<HYP CONTENT="-"/>
					</TextLine>
					<TextLine ID="P173_TL00023" HPOS="41" VPOS="1331" WIDTH="828" HEIGHT="41">
						<String ID="P173_ST00180" HPOS="41" VPOS="1331" WIDTH="99" HEIGHT="30" CONTENT="liance" SUBS_TYPE="HypPart2" SUBS_CONTENT="alliance" WC="0.68" CC="344302"/>
						<SP ID="P173_SP00157" HPOS="140" VPOS="1361" WIDTH="16"/>
						<String ID="P173_ST00181" HPOS="156" VPOS="1331" WIDTH="114" HEIGHT="31" CONTENT="known" WC="0.76" CC="03034"/>
						<SP ID="P173_SP00158" HPOS="270" VPOS="1362" WIDTH="14"/>
						<String ID="P173_ST00182" HPOS="284" VPOS="1331" WIDTH="33" HEIGHT="30" CONTENT="in" WC="0.40" CC="65"/>
						<SP ID="P173_SP00159" HPOS="317" VPOS="1362" WIDTH="15"/>
						<String ID="P173_ST00183" HPOS="332" VPOS="1341" WIDTH="56" HEIGHT="20" CONTENT="our" WC="0.80" CC="005"/>
						<SP ID="P173_SP00160" HPOS="388" VPOS="1362" WIDTH="16"/>
						<String ID="P173_ST00184" HPOS="404" VPOS="1331" WIDTH="98" HEIGHT="31" CONTENT="Court" WC="1.00" CC="00000"/>
						<SP ID="P173_SP00161" HPOS="502" VPOS="1362" WIDTH="15"/>
						<String ID="P173_ST00185" HPOS="517" VPOS="1331" WIDTH="94" HEIGHT="31" CONTENT="about" WC="0.91" CC="04000"/>
						<SP ID="P173_SP00162" HPOS="611" VPOS="1362" WIDTH="17"/>
						<String ID="P173_ST00186" HPOS="628" VPOS="1342" WIDTH="18" HEIGHT="20" CONTENT="a" WC="1.00" CC="0"/>
						<SP ID="P173_SP00163" HPOS="646" VPOS="1362" WIDTH="20"/>
						<String ID="P173_ST00187" HPOS="666" VPOS="1336" WIDTH="130" HEIGHT="36" CONTENT="century" WC="0.71" CC="0040086"/>
						<SP ID="P173_SP00164" HPOS="796" VPOS="1372" WIDTH="14"/>
						<String ID="P173_ST00188" HPOS="810" VPOS="1342" WIDTH="59" HEIGHT="30" CONTENT="ago" WC="0.54" CC="723"/>
					</TextLine>
					<TextLine ID="P173_TL00024" HPOS="42" VPOS="1386" WIDTH="826" HEIGHT="41">
						<String ID="P173_ST00189" HPOS="42" VPOS="1397" WIDTH="32" HEIGHT="20" CONTENT="as" WC="0.81" CC="30"/>
						<SP ID="P173_SP00165" HPOS="74" VPOS="1417" WIDTH="16"/>
						<String ID="P173_ST00190" HPOS="90" VPOS="1397" WIDTH="17" HEIGHT="19" CONTENT="a" WC="0.93" CC="0"/>
						<SP ID="P173_SP00166" HPOS="107" VPOS="1417" WIDTH="16"/>
						<String ID="P173_ST00191" HPOS="123" VPOS="1386" WIDTH="192" HEIGHT="31" CONTENT="left-handed" WC="0.72" CC="30805103006"/>
						<SP ID="P173_SP00167" HPOS="315" VPOS="1417" WIDTH="16"/>
						<String ID="P173_ST00192" HPOS="331" VPOS="1386" WIDTH="157" HEIGHT="41" CONTENT="marriage," WC="0.82" CC="204100007"/>
						<SP ID="P173_SP00168" HPOS="488" VPOS="1427" WIDTH="17"/>
						<String ID="P173_ST00193" HPOS="505" VPOS="1396" WIDTH="38" HEIGHT="20" CONTENT="an" WC="0.58" CC="07"/>
						<SP ID="P173_SP00169" HPOS="543" VPOS="1427" WIDTH="17"/>
						<String ID="P173_ST00194" HPOS="560" VPOS="1387" WIDTH="102" HEIGHT="31" CONTENT="exotic" WC="0.84" CC="040040"/>
						<SP ID="P173_SP00170" HPOS="662" VPOS="1427" WIDTH="16"/>
						<String ID="P173_ST00195" HPOS="678" VPOS="1386" WIDTH="37" HEIGHT="31" CONTENT="of" WC="0.89" CC="02"/>
						<SP ID="P173_SP00171" HPOS="715" VPOS="1427" WIDTH="16"/>
						<String ID="P173_ST00196" HPOS="731" VPOS="1386" WIDTH="137" HEIGHT="31" CONTENT="German" WC="0.63" CC="006078"/>
					</TextLine>
					<TextLine ID="P173_TL00025" HPOS="39" VPOS="1441" WIDTH="827" HEIGHT="40">
						<String ID="P173_ST00197" HPOS="39" VPOS="1441" WIDTH="129" HEIGHT="40" CONTENT="growth." WC="0.91" CC="0010004"/>
						<SP ID="P173_SP00172" HPOS="168" VPOS="1481" WIDTH="48"/>
						<String ID="P173_ST00198" HPOS="216" VPOS="1441" WIDTH="68" HEIGHT="31" CONTENT="Her" WC="0.74" CC="403"/>
						<SP ID="P173_SP00173" HPOS="284" VPOS="1481" WIDTH="22"/>
						<String ID="P173_ST00199" HPOS="306" VPOS="1442" WIDTH="138" HEIGHT="30" CONTENT="mansion" WC="0.60" CC="8070506"/>
						<SP ID="P173_SP00174" HPOS="444" VPOS="1481" WIDTH="22"/>
						<String ID="P173_ST00200" HPOS="466" VPOS="1441" WIDTH="87" HEIGHT="31" CONTENT="stood" WC="0.96" CC="00100"/>
						<SP ID="P173_SP00175" HPOS="553" VPOS="1481" WIDTH="20"/>
						<String ID="P173_ST00201" HPOS="573" VPOS="1447" WIDTH="55" HEIGHT="26" CONTENT="not" WC="0.66" CC="720"/>
						<SP ID="P173_SP00176" HPOS="628" VPOS="1481" WIDTH="25"/>
						<String ID="P173_ST00202" HPOS="653" VPOS="1443" WIDTH="46" HEIGHT="30" CONTENT="far" WC="0.29" CC="748"/>
						<SP ID="P173_SP00177" HPOS="699" VPOS="1481" WIDTH="18"/>
						<String ID="P173_ST00203" HPOS="717" VPOS="1442" WIDTH="78" HEIGHT="31" CONTENT="from" WC="0.49" CC="7507"/>
						<SP ID="P173_SP00178" HPOS="795" VPOS="1481" WIDTH="16"/>
						<String ID="P173_ST00204" HPOS="811" VPOS="1453" WIDTH="55" HEIGHT="19" CONTENT="our" WC="0.57" CC="048"/>
					</TextLine>
				</TextBlock>
				<TextBlock ID="P173_TB00003" HPOS="28" VPOS="1572" WIDTH="837" HEIGHT="73" STYLEREFS="TXT_1 PAR_LEFT">
					<TextLine ID="P173_TL00026" HPOS="63" VPOS="1573" WIDTH="802" HEIGHT="33">
						<String ID="P173_ST00205" HPOS="63" VPOS="1573" WIDTH="13" HEIGHT="13" CONTENT="*" WC="0.73" CC="2"/>
						<SP ID="P173_SP00179" HPOS="76" VPOS="1586" WIDTH="17"/>
						<String ID="P173_ST00206" HPOS="93" VPOS="1573" WIDTH="60" HEIGHT="24" CONTENT="This" WC="0.65" CC="0552"/>
						<SP ID="P173_SP00180" HPOS="153" VPOS="1597" WIDTH="18"/>
						<String ID="P173_ST00207" HPOS="171" VPOS="1574" WIDTH="48" HEIGHT="31" CONTENT="boy" WC="0.55" CC="813"/>
						<SP ID="P173_SP00181" HPOS="219" VPOS="1605" WIDTH="15"/>
						<String ID="P173_ST00208" HPOS="234" VPOS="1580" WIDTH="49" HEIGHT="17" CONTENT="was" WC="0.47" CC="518"/>
						<SP ID="P173_SP00182" HPOS="283" VPOS="1605" WIDTH="17"/>
						<String ID="P173_ST00209" HPOS="300" VPOS="1573" WIDTH="76" HEIGHT="24" CONTENT="called" WC="0.65" CC="083521"/>
						<SP ID="P173_SP00183" HPOS="376" VPOS="1605" WIDTH="17"/>
						<String ID="P173_ST00210" HPOS="393" VPOS="1573" WIDTH="79" HEIGHT="26" CONTENT="Luna," WC="0.79" CC="40032"/>
						<SP ID="P173_SP00184" HPOS="472" VPOS="1605" WIDTH="18"/>
						<String ID="P173_ST00211" HPOS="490" VPOS="1582" WIDTH="15" HEIGHT="15" CONTENT="a" WC="0.27" CC="7"/>
						<SP ID="P173_SP00185" HPOS="505" VPOS="1605" WIDTH="11"/>
						<String ID="P173_ST00212" HPOS="516" VPOS="1573" WIDTH="75" HEIGHT="33" CONTENT="lively" WC="0.51" CC="461258"/>
						<SP ID="P173_SP00186" HPOS="591" VPOS="1606" WIDTH="13"/>
						<String ID="P173_ST00213" HPOS="604" VPOS="1573" WIDTH="61" HEIGHT="26" CONTENT="little" WC="0.62" CC="157043"/>
						<SP ID="P173_SP00187" HPOS="665" VPOS="1606" WIDTH="11"/>
						<String ID="P173_ST00214" HPOS="676" VPOS="1573" WIDTH="89" HEIGHT="31" CONTENT="fellow," WC="0.49" CC="6034487"/>
						<SP ID="P173_SP00188" HPOS="765" VPOS="1606" WIDTH="22"/>
						<String ID="P173_ST00215" HPOS="787" VPOS="1573" WIDTH="78" HEIGHT="25" CONTENT="whose" WC="0.71" CC="25060"/>
					</TextLine>
					<TextLine ID="P173_TL00027" HPOS="29" VPOS="1612" WIDTH="498" HEIGHT="33">
						<String ID="P173_ST00216" HPOS="29" VPOS="1612" WIDTH="104" HEIGHT="33" CONTENT="drollery" WC="0.61" CC="74700504"/>
						<SP ID="P173_SP00189" HPOS="133" VPOS="1645" WIDTH="13"/>
						<String ID="P173_ST00217" HPOS="146" VPOS="1613" WIDTH="71" HEIGHT="26" CONTENT="made" WC="0.42" CC="2685"/>
						<SP ID="P173_SP00190" HPOS="217" VPOS="1645" WIDTH="11"/>
						<String ID="P173_ST00218" HPOS="228" VPOS="1613" WIDTH="52" HEIGHT="25" CONTENT="him" WC="0.65" CC="405"/>
						<SP ID="P173_SP00191" HPOS="280" VPOS="1645" WIDTH="13"/>
						<String ID="P173_ST00219" HPOS="293" VPOS="1622" WIDTH="13" HEIGHT="16" CONTENT="a" WC="0.54" CC="4"/>
						<SP ID="P173_SP00192" HPOS="306" VPOS="1645" WIDTH="11"/>
						<String ID="P173_ST00220" HPOS="317" VPOS="1617" WIDTH="72" HEIGHT="28" CONTENT="great" WC="0.65" CC="60406"/>
						<SP ID="P173_SP00193" HPOS="389" VPOS="1645" WIDTH="11"/>
						<String ID="P173_ST00221" HPOS="400" VPOS="1613" WIDTH="127" HEIGHT="25" CONTENT="favourite." WC="0.64" CC="3716005370"/>
					</TextLine>
				</TextBlock>
				<TextBlock ID="P173_TB00004" HPOS="425" VPOS="1667" WIDTH="14" HEIGHT="20" STYLEREFS="TXT_0 PAR_CENTER">
					<TextLine ID="P173_TL00028" HPOS="425" VPOS="1667" WIDTH="12" HEIGHT="17">
						<String ID="P173_ST00222" HPOS="425" VPOS="1667" WIDTH="12" HEIGHT="17" CONTENT="[." WC="0.38" CC="47"/>
					</TextLine>
				</TextBlock>
			</PrintSpace>
		</Page>
	</Layout>
</alto>
