<?xml version="1.0" encoding="UTF-8"?>
<alto xmlns:xsi="http://www.w3.org/2001/XMLSchema-instance" xsi:noNamespaceSchemaLocation="http://www.bl.uk/schemas/alto/alto-1-4.xsd" xmlns:xlink="http://www.w3.org/1999/xlink">
	<Description>
		<MeasurementUnit>mm10</MeasurementUnit>
		<sourceImageInformation>
			<fileName>//head1/IN/2008-12/A0011363537/007072.jp2</fileName>
		</sourceImageInformation>
		<OCRProcessing ID="OCRPROCESSING_1">
			<preProcessingStep>
				<processingSoftware>
					<softwareCreator>CCS Content Conversion Specialists GmbH, Germany</softwareCreator>
					<softwareName>CCS docWORKS</softwareName>
					<softwareVersion>6.1-0.67</softwareVersion>
				</processingSoftware>
			</preProcessingStep>
			<ocrProcessingStep>
				<processingSoftware>
					<softwareCreator>ABBYY (BIT Software), Russia</softwareCreator>
					<softwareName>Finereader</softwareName>
				</processingSoftware>
			</ocrProcessingStep>
		</OCRProcessing>
	</Description>
	<Styles>
		<TextStyle ID="TXT_0" FONTSIZE="10" FONTFAMILY="Courier New"/>
		<ParagraphStyle ID="PAR_LEFT" ALIGN="Left"/>
		<ParagraphStyle ID="PAR_RIGHT" ALIGN="Right"/>
	</Styles>
	<Layout>
		<Page ID="P20" PHYSICAL_IMG_NR="20" HEIGHT="1931" WIDTH="1150" PRINTED_IMG_NR="VIII" POSITION="Left" ACCURACY="73.38">
			<TopMargin ID="P20_TM00001" HPOS="0" VPOS="0" WIDTH="1149" HEIGHT="171">
				<TextBlock ID="P20_TB00001" HPOS="278" VPOS="151" WIDTH="54" HEIGHT="20" STYLEREFS="TXT_0 PAR_LEFT">
					<TextLine ID="P20_TL00001" HPOS="329" VPOS="169" WIDTH="3" HEIGHT="2">
						<String ID="P20_ST00001" HPOS="329" VPOS="169" WIDTH="3" HEIGHT="2" CONTENT="VIII" WC="1.00" CC="0000"/>
					</TextLine>
				</TextBlock>
				<TextBlock ID="P20_TB00002" HPOS="618" VPOS="148" WIDTH="150" HEIGHT="21" STYLEREFS="TXT_0 PAR_RIGHT">
					<TextLine ID="P20_TL00002" HPOS="618" VPOS="148" WIDTH="150" HEIGHT="21">
						<String ID="P20_ST00002" HPOS="618" VPOS="148" WIDTH="150" HEIGHT="21" CONTENT="PREFACE." WC="0.52" CC="87057440"/>
					</TextLine>
				</TextBlock>
			</TopMargin>
			<LeftMargin ID="P20_LM00001" HPOS="0" VPOS="171" WIDTH="271" HEIGHT="1513"/>
			<RightMargin ID="P20_RM00001" HPOS="1107" VPOS="171" WIDTH="42" HEIGHT="1513"/>
			<BottomMargin ID="P20_BM00001" HPOS="0" VPOS="1684" WIDTH="1149" HEIGHT="247"/>
			<PrintSpace ID="P20_PS00001" HPOS="271" VPOS="171" WIDTH="836" HEIGHT="1513">
				<TextBlock ID="P20_TB00003" HPOS="273" VPOS="217" WIDTH="833" HEIGHT="601" STYLEREFS="TXT_0 PAR_LEFT">
					<TextLine ID="P20_TL00003" HPOS="273" VPOS="217" WIDTH="833" HEIGHT="44">
						<String ID="P20_ST00003" HPOS="273" VPOS="229" WIDTH="62" HEIGHT="28" CONTENT="not" WC="0.57" CC="804"/>
						<SP ID="P20_SP00001" HPOS="335" VPOS="257" WIDTH="40"/>
						<String ID="P20_ST00004" HPOS="375" VPOS="224" WIDTH="42" HEIGHT="33" CONTENT="be" WC="0.79" CC="40"/>
						<SP ID="P20_SP00002" HPOS="417" VPOS="257" WIDTH="41"/>
						<String ID="P20_ST00005" HPOS="458" VPOS="222" WIDTH="210" HEIGHT="36" CONTENT="understood" WC="0.81" CC="2670000100"/>
						<SP ID="P20_SP00003" HPOS="668" VPOS="258" WIDTH="41"/>
						<String ID="P20_ST00006" HPOS="709" VPOS="233" WIDTH="37" HEIGHT="21" CONTENT="as" WC="1.00" CC="00"/>
						<SP ID="P20_SP00004" HPOS="746" VPOS="258" WIDTH="41"/>
						<String ID="P20_ST00007" HPOS="787" VPOS="217" WIDTH="132" HEIGHT="44" CONTENT="aiming" WC="0.80" CC="014131"/>
						<SP ID="P20_SP00005" HPOS="919" VPOS="261" WIDTH="38"/>
						<String ID="P20_ST00008" HPOS="957" VPOS="220" WIDTH="37" HEIGHT="28" CONTENT="at" WC="0.84" CC="03"/>
						<SP ID="P20_SP00006" HPOS="994" VPOS="261" WIDTH="43"/>
						<String ID="P20_ST00009" HPOS="1037" VPOS="225" WIDTH="69" HEIGHT="34" CONTENT="any" WC="0.52" CC="183"/>
					</TextLine>
					<TextLine ID="P20_TL00004" HPOS="274" VPOS="275" WIDTH="832" HEIGHT="54">
						<String ID="P20_ST00010" HPOS="274" VPOS="284" WIDTH="101" HEIGHT="45" CONTENT="thing" WC="0.48" CC="25258"/>
						<SP ID="P20_SP00007" HPOS="375" VPOS="329" WIDTH="16"/>
						<String ID="P20_ST00011" HPOS="391" VPOS="291" WIDTH="36" HEIGHT="27" CONTENT="at" WC="1.00" CC="00"/>
						<SP ID="P20_SP00008" HPOS="427" VPOS="329" WIDTH="17"/>
						<String ID="P20_ST00012" HPOS="444" VPOS="286" WIDTH="44" HEIGHT="32" CONTENT="all" WC="0.54" CC="417"/>
						<SP ID="P20_SP00009" HPOS="488" VPOS="329" WIDTH="14"/>
						<String ID="P20_ST00013" HPOS="502" VPOS="286" WIDTH="38" HEIGHT="32" CONTENT="of" WC="0.80" CC="03"/>
						<SP ID="P20_SP00010" HPOS="540" VPOS="329" WIDTH="12"/>
						<String ID="P20_ST00014" HPOS="552" VPOS="297" WIDTH="20" HEIGHT="21" CONTENT="a" WC="0.82" CC="1"/>
						<SP ID="P20_SP00011" HPOS="572" VPOS="329" WIDTH="16"/>
						<String ID="P20_ST00015" HPOS="588" VPOS="285" WIDTH="142" HEIGHT="42" CONTENT="literary" WC="0.80" CC="20202007"/>
						<SP ID="P20_SP00012" HPOS="730" VPOS="329" WIDTH="12"/>
						<String ID="P20_ST00016" HPOS="742" VPOS="279" WIDTH="101" HEIGHT="35" CONTENT="work." WC="0.79" CC="80100"/>
						<SP ID="P20_SP00013" HPOS="843" VPOS="329" WIDTH="46"/>
						<String ID="P20_ST00017" HPOS="889" VPOS="276" WIDTH="80" HEIGHT="33" CONTENT="The" WC="0.75" CC="070"/>
						<SP ID="P20_SP00014" HPOS="969" VPOS="329" WIDTH="11"/>
						<String ID="P20_ST00018" HPOS="980" VPOS="275" WIDTH="126" HEIGHT="33" CONTENT="follow" SUBS_TYPE="HypPart1" SUBS_CONTENT="following" WC="0.68" CC="5003174"/>
						<HYP CONTENT="-"/>
					</TextLine>
					<TextLine ID="P20_TL00005" HPOS="273" VPOS="338" WIDTH="833" HEIGHT="52">
						<String ID="P20_ST00019" HPOS="273" VPOS="345" WIDTH="61" HEIGHT="45" CONTENT="ing" SUBS_TYPE="HypPart2" SUBS_CONTENT="following" WC="0.58" CC="245"/>
						<SP ID="P20_SP00015" HPOS="334" VPOS="390" WIDTH="16"/>
						<String ID="P20_ST00020" HPOS="350" VPOS="346" WIDTH="61" HEIGHT="33" CONTENT="has" WC="0.77" CC="600"/>
						<SP ID="P20_SP00016" HPOS="411" VPOS="390" WIDTH="18"/>
						<String ID="P20_ST00021" HPOS="429" VPOS="347" WIDTH="87" HEIGHT="32" CONTENT="been" WC="0.87" CC="0005"/>
						<SP ID="P20_SP00017" HPOS="516" VPOS="390" WIDTH="19"/>
						<String ID="P20_ST00022" HPOS="535" VPOS="345" WIDTH="60" HEIGHT="34" CONTENT="the" WC="0.61" CC="560"/>
						<SP ID="P20_SP00018" HPOS="595" VPOS="390" WIDTH="26"/>
						<String ID="P20_ST00023" HPOS="621" VPOS="341" WIDTH="217" HEIGHT="36" CONTENT="lucubration" WC="0.74" CC="00006050644"/>
						<SP ID="P20_SP00019" HPOS="838" VPOS="390" WIDTH="27"/>
						<String ID="P20_ST00024" HPOS="865" VPOS="338" WIDTH="39" HEIGHT="33" CONTENT="of" WC="1.00" CC="00"/>
						<SP ID="P20_SP00020" HPOS="904" VPOS="390" WIDTH="13"/>
						<String ID="P20_ST00025" HPOS="917" VPOS="341" WIDTH="62" HEIGHT="29" CONTENT="not" WC="0.63" CC="820"/>
						<SP ID="P20_SP00021" HPOS="979" VPOS="390" WIDTH="23"/>
						<String ID="P20_ST00026" HPOS="1002" VPOS="348" WIDTH="104" HEIGHT="34" CONTENT="many" WC="0.67" CC="0146"/>
					</TextLine>
					<TextLine ID="P20_TL00006" HPOS="275" VPOS="398" WIDTH="831" HEIGHT="53">
						<String ID="P20_ST00027" HPOS="275" VPOS="404" WIDTH="94" HEIGHT="47" CONTENT="days," WC="0.54" CC="63705"/>
						<SP ID="P20_SP00022" HPOS="369" VPOS="451" WIDTH="19"/>
						<String ID="P20_ST00028" HPOS="388" VPOS="419" WIDTH="36" HEIGHT="20" CONTENT="as" WC="0.77" CC="40"/>
						<SP ID="P20_SP00023" HPOS="424" VPOS="451" WIDTH="18"/>
						<String ID="P20_ST00029" HPOS="442" VPOS="418" WIDTH="68" HEIGHT="33" CONTENT="any" WC="0.64" CC="037"/>
						<SP ID="P20_SP00024" HPOS="510" VPOS="451" WIDTH="16"/>
						<String ID="P20_ST00030" HPOS="526" VPOS="417" WIDTH="66" HEIGHT="22" CONTENT="one" WC="0.82" CC="050"/>
						<SP ID="P20_SP00025" HPOS="592" VPOS="451" WIDTH="18"/>
						<String ID="P20_ST00031" HPOS="610" VPOS="404" WIDTH="75" HEIGHT="33" CONTENT="who" WC="0.58" CC="660"/>
						<SP ID="P20_SP00026" HPOS="685" VPOS="451" WIDTH="19"/>
						<String ID="P20_ST00032" HPOS="704" VPOS="401" WIDTH="99" HEIGHT="35" CONTENT="reads" WC="0.91" CC="40000"/>
						<SP ID="P20_SP00027" HPOS="803" VPOS="451" WIDTH="19"/>
						<String ID="P20_ST00033" HPOS="822" VPOS="401" WIDTH="27" HEIGHT="32" CONTENT="it" WC="0.68" CC="06"/>
						<SP ID="P20_SP00028" HPOS="849" VPOS="451" WIDTH="17"/>
						<String ID="P20_ST00034" HPOS="866" VPOS="399" WIDTH="67" HEIGHT="33" CONTENT="will" WC="0.57" CC="5065"/>
						<SP ID="P20_SP00029" HPOS="933" VPOS="451" WIDTH="23"/>
						<String ID="P20_ST00035" HPOS="956" VPOS="403" WIDTH="59" HEIGHT="28" CONTENT="too" WC="0.95" CC="100"/>
						<SP ID="P20_SP00030" HPOS="1015" VPOS="451" WIDTH="17"/>
						<String ID="P20_ST00036" HPOS="1032" VPOS="398" WIDTH="74" HEIGHT="33" CONTENT="well" WC="0.70" CC="5033"/>
					</TextLine>
					<TextLine ID="P20_TL00007" HPOS="274" VPOS="459" WIDTH="832" HEIGHT="49">
						<String ID="P20_ST00037" HPOS="274" VPOS="479" WIDTH="71" HEIGHT="21" CONTENT="see." WC="1.00" CC="0000"/>
						<SP ID="P20_SP00031" HPOS="345" VPOS="500" WIDTH="53"/>
						<String ID="P20_ST00038" HPOS="398" VPOS="468" WIDTH="35" HEIGHT="32" CONTENT="If" WC="1.00" CC="00"/>
						<SP ID="P20_SP00032" HPOS="433" VPOS="500" WIDTH="15"/>
						<String ID="P20_ST00039" HPOS="448" VPOS="469" WIDTH="15" HEIGHT="31" CONTENT="I" WC="0.30" CC="6"/>
						<SP ID="P20_SP00033" HPOS="463" VPOS="500" WIDTH="14"/>
						<String ID="P20_ST00040" HPOS="477" VPOS="466" WIDTH="72" HEIGHT="34" CONTENT="find" WC="0.69" CC="3350"/>
						<SP ID="P20_SP00034" HPOS="549" VPOS="500" WIDTH="17"/>
						<String ID="P20_ST00041" HPOS="566" VPOS="466" WIDTH="28" HEIGHT="32" CONTENT="it" WC="1.00" CC="00"/>
						<SP ID="P20_SP00035" HPOS="594" VPOS="500" WIDTH="12"/>
						<String ID="P20_ST00042" HPOS="606" VPOS="464" WIDTH="137" HEIGHT="34" CONTENT="excites" WC="0.84" CC="0204400"/>
						<SP ID="P20_SP00036" HPOS="743" VPOS="500" WIDTH="16"/>
						<String ID="P20_ST00043" HPOS="759" VPOS="474" WIDTH="70" HEIGHT="34" CONTENT="any" WC="0.58" CC="416"/>
						<SP ID="P20_SP00037" HPOS="829" VPOS="508" WIDTH="13"/>
						<String ID="P20_ST00044" HPOS="842" VPOS="462" WIDTH="159" HEIGHT="38" CONTENT="interest," WC="0.91" CC="050000200"/>
						<SP ID="P20_SP00038" HPOS="1001" VPOS="508" WIDTH="15"/>
						<String ID="P20_ST00045" HPOS="1016" VPOS="459" WIDTH="15" HEIGHT="32" CONTENT="I" WC="1.00" CC="0"/>
						<SP ID="P20_SP00039" HPOS="1031" VPOS="508" WIDTH="12"/>
						<String ID="P20_ST00046" HPOS="1043" VPOS="460" WIDTH="63" HEIGHT="32" CONTENT="will" WC="0.65" CC="8103"/>
					</TextLine>
					<TextLine ID="P20_TL00008" HPOS="274" VPOS="521" WIDTH="832" HEIGHT="52">
						<String ID="P20_ST00047" HPOS="274" VPOS="528" WIDTH="161" HEIGHT="45" CONTENT="probably" WC="0.46" CC="85421757"/>
						<SP ID="P20_SP00040" HPOS="435" VPOS="573" WIDTH="11"/>
						<String ID="P20_ST00048" HPOS="446" VPOS="539" WIDTH="100" HEIGHT="22" CONTENT="recur" WC="0.79" CC="40060"/>
						<SP ID="P20_SP00041" HPOS="546" VPOS="573" WIDTH="11"/>
						<String ID="P20_ST00049" HPOS="557" VPOS="534" WIDTH="36" HEIGHT="25" CONTENT="to" WC="0.75" CC="50"/>
						<SP ID="P20_SP00042" HPOS="593" VPOS="573" WIDTH="15"/>
						<String ID="P20_ST00050" HPOS="608" VPOS="525" WIDTH="61" HEIGHT="33" CONTENT="the" WC="0.55" CC="840"/>
						<SP ID="P20_SP00043" HPOS="669" VPOS="573" WIDTH="12"/>
						<String ID="P20_ST00051" HPOS="681" VPOS="524" WIDTH="174" HEIGHT="33" CONTENT="intention" WC="0.65" CC="243028107"/>
						<SP ID="P20_SP00044" HPOS="855" VPOS="573" WIDTH="20"/>
						<String ID="P20_ST00052" HPOS="875" VPOS="522" WIDTH="16" HEIGHT="33" CONTENT="I" WC="1.00" CC="0"/>
						<SP ID="P20_SP00045" HPOS="891" VPOS="573" WIDTH="15"/>
						<String ID="P20_ST00053" HPOS="906" VPOS="521" WIDTH="75" HEIGHT="34" CONTENT="first" WC="0.76" CC="60004"/>
						<SP ID="P20_SP00046" HPOS="981" VPOS="573" WIDTH="14"/>
						<String ID="P20_ST00054" HPOS="995" VPOS="525" WIDTH="111" HEIGHT="29" CONTENT="enter" SUBS_TYPE="HypPart1" SUBS_CONTENT="entertained" WC="0.75" CC="070051"/>
						<HYP CONTENT="-"/>
					</TextLine>
					<TextLine ID="P20_TL00009" HPOS="274" VPOS="590" WIDTH="832" HEIGHT="45">
						<String ID="P20_ST00055" HPOS="274" VPOS="593" WIDTH="119" HEIGHT="34" CONTENT="tained" SUBS_TYPE="HypPart2" SUBS_CONTENT="entertained" WC="0.84" CC="021600"/>
						<SP ID="P20_SP00047" HPOS="393" VPOS="627" WIDTH="18"/>
						<String ID="P20_ST00056" HPOS="411" VPOS="595" WIDTH="39" HEIGHT="32" CONTENT="of" WC="0.79" CC="03"/>
						<SP ID="P20_SP00048" HPOS="450" VPOS="627" WIDTH="13"/>
						<String ID="P20_ST00057" HPOS="463" VPOS="593" WIDTH="189" HEIGHT="35" CONTENT="somewhat" WC="0.72" CC="00408170"/>
						<SP ID="P20_SP00049" HPOS="652" VPOS="628" WIDTH="13"/>
						<String ID="P20_ST00058" HPOS="665" VPOS="591" WIDTH="196" HEIGHT="44" CONTENT="extending" WC="0.79" CC="043002043"/>
						<SP ID="P20_SP00050" HPOS="861" VPOS="635" WIDTH="18"/>
						<String ID="P20_ST00059" HPOS="879" VPOS="591" WIDTH="36" HEIGHT="32" CONTENT="it." WC="0.66" CC="540"/>
						<SP ID="P20_SP00051" HPOS="915" VPOS="635" WIDTH="40"/>
						<String ID="P20_ST00060" HPOS="955" VPOS="590" WIDTH="35" HEIGHT="31" CONTENT="If" WC="0.70" CC="60"/>
						<SP ID="P20_SP00052" HPOS="990" VPOS="635" WIDTH="13"/>
						<String ID="P20_ST00061" HPOS="1003" VPOS="595" WIDTH="70" HEIGHT="34" CONTENT="not," WC="0.80" CC="3021"/>
						<SP ID="P20_SP00053" HPOS="1073" VPOS="635" WIDTH="17"/>
						<String ID="P20_ST00062" HPOS="1090" VPOS="590" WIDTH="16" HEIGHT="33" CONTENT="I" WC="0.67" CC="3"/>
					</TextLine>
					<TextLine ID="P20_TL00010" HPOS="274" VPOS="650" WIDTH="831" HEIGHT="49">
						<String ID="P20_ST00063" HPOS="274" VPOS="654" WIDTH="85" HEIGHT="33" CONTENT="shall" WC="0.76" CC="00055"/>
						<SP ID="P20_SP00054" HPOS="359" VPOS="687" WIDTH="24"/>
						<String ID="P20_ST00064" HPOS="383" VPOS="655" WIDTH="81" HEIGHT="32" CONTENT="with" WC="0.38" CC="7447"/>
						<SP ID="P20_SP00055" HPOS="464" VPOS="687" WIDTH="20"/>
						<String ID="P20_ST00065" HPOS="484" VPOS="666" WIDTH="85" HEIGHT="33" CONTENT="very" WC="0.68" CC="4016"/>
						<SP ID="P20_SP00056" HPOS="569" VPOS="699" WIDTH="18"/>
						<String ID="P20_ST00066" HPOS="587" VPOS="654" WIDTH="90" HEIGHT="32" CONTENT="little" WC="0.94" CC="200010"/>
						<SP ID="P20_SP00057" HPOS="677" VPOS="699" WIDTH="23"/>
						<String ID="P20_ST00067" HPOS="700" VPOS="657" WIDTH="117" HEIGHT="40" CONTENT="regret" WC="0.77" CC="205202"/>
						<SP ID="P20_SP00058" HPOS="817" VPOS="699" WIDTH="30"/>
						<String ID="P20_ST00068" HPOS="847" VPOS="652" WIDTH="57" HEIGHT="44" CONTENT="lay" WC="0.66" CC="306"/>
						<SP ID="P20_SP00059" HPOS="904" VPOS="699" WIDTH="26"/>
						<String ID="P20_ST00069" HPOS="930" VPOS="650" WIDTH="97" HEIGHT="34" CONTENT="down" WC="0.47" CC="5472"/>
						<SP ID="P20_SP00060" HPOS="1027" VPOS="699" WIDTH="20"/>
						<String ID="P20_ST00070" HPOS="1047" VPOS="651" WIDTH="58" HEIGHT="33" CONTENT="the" WC="0.71" CC="080"/>
					</TextLine>
					<TextLine ID="P20_TL00011" HPOS="273" VPOS="711" WIDTH="833" HEIGHT="47">
						<String ID="P20_ST00071" HPOS="273" VPOS="725" WIDTH="68" HEIGHT="33" CONTENT="pen" WC="0.70" CC="403"/>
						<SP ID="P20_SP00061" HPOS="341" VPOS="758" WIDTH="20"/>
						<String ID="P20_ST00072" HPOS="361" VPOS="714" WIDTH="77" HEIGHT="33" CONTENT="that" WC="0.57" CC="2707"/>
						<SP ID="P20_SP00062" HPOS="438" VPOS="758" WIDTH="19"/>
						<String ID="P20_ST00073" HPOS="457" VPOS="714" WIDTH="16" HEIGHT="31" CONTENT="I" WC="1.00" CC="0"/>
						<SP ID="P20_SP00063" HPOS="473" VPOS="758" WIDTH="20"/>
						<String ID="P20_ST00074" HPOS="493" VPOS="713" WIDTH="88" HEIGHT="33" CONTENT="have" WC="0.86" CC="3010"/>
						<SP ID="P20_SP00064" HPOS="581" VPOS="758" WIDTH="25"/>
						<String ID="P20_ST00075" HPOS="606" VPOS="714" WIDTH="64" HEIGHT="31" CONTENT="felt" WC="0.88" CC="0040"/>
						<SP ID="P20_SP00065" HPOS="670" VPOS="758" WIDTH="19"/>
						<String ID="P20_ST00076" HPOS="689" VPOS="725" WIDTH="20" HEIGHT="20" CONTENT="a" WC="1.00" CC="0"/>
						<SP ID="P20_SP00066" HPOS="709" VPOS="758" WIDTH="18"/>
						<String ID="P20_ST00077" HPOS="727" VPOS="718" WIDTH="72" HEIGHT="27" CONTENT="sort" WC="1.00" CC="0000"/>
						<SP ID="P20_SP00067" HPOS="799" VPOS="758" WIDTH="19"/>
						<String ID="P20_ST00078" HPOS="818" VPOS="713" WIDTH="39" HEIGHT="32" CONTENT="of" WC="0.96" CC="00"/>
						<SP ID="P20_SP00068" HPOS="857" VPOS="758" WIDTH="27"/>
						<String ID="P20_ST00079" HPOS="884" VPOS="711" WIDTH="156" HEIGHT="34" CONTENT="indolent" WC="0.82" CC="06003050"/>
						<SP ID="P20_SP00069" HPOS="1040" VPOS="758" WIDTH="17"/>
						<String ID="P20_ST00080" HPOS="1057" VPOS="723" WIDTH="49" HEIGHT="22" CONTENT="re" SUBS_TYPE="HypPart1" SUBS_CONTENT="reluctance" WC="0.87" CC="003"/>
						<HYP CONTENT="-"/>
					</TextLine>
					<TextLine ID="P20_TL00012" HPOS="276" VPOS="774" WIDTH="426" HEIGHT="44">
						<String ID="P20_ST00081" HPOS="276" VPOS="776" WIDTH="162" HEIGHT="33" CONTENT="luctance" SUBS_TYPE="HypPart2" SUBS_CONTENT="reluctance" WC="0.87" CC="45000000"/>
						<SP ID="P20_SP00070" HPOS="438" VPOS="809" WIDTH="17"/>
						<String ID="P20_ST00082" HPOS="455" VPOS="775" WIDTH="35" HEIGHT="33" CONTENT="in" WC="0.58" CC="43"/>
						<SP ID="P20_SP00071" HPOS="490" VPOS="809" WIDTH="15"/>
						<String ID="P20_ST00083" HPOS="505" VPOS="774" WIDTH="125" HEIGHT="44" CONTENT="taking" WC="0.57" CC="232458"/>
						<SP ID="P20_SP00072" HPOS="630" VPOS="818" WIDTH="18"/>
						<String ID="P20_ST00084" HPOS="648" VPOS="786" WIDTH="54" HEIGHT="32" CONTENT="up." WC="0.66" CC="045"/>
					</TextLine>
				</TextBlock>
				<TextBlock ID="P20_TB00004" HPOS="271" VPOS="897" WIDTH="836" HEIGHT="787" STYLEREFS="TXT_0 PAR_LEFT">
					<TextLine ID="P20_TL00013" HPOS="322" VPOS="897" WIDTH="783" HEIGHT="48">
						<String ID="P20_ST00085" HPOS="322" VPOS="899" WIDTH="16" HEIGHT="33" CONTENT="I" WC="0.69" CC="3"/>
						<SP ID="P20_SP00073" HPOS="338" VPOS="932" WIDTH="19"/>
						<String ID="P20_ST00086" HPOS="357" VPOS="899" WIDTH="87" HEIGHT="34" CONTENT="have" WC="0.77" CC="2070"/>
						<SP ID="P20_SP00074" HPOS="444" VPOS="933" WIDTH="11"/>
						<String ID="P20_ST00087" HPOS="455" VPOS="900" WIDTH="77" HEIGHT="45" CONTENT="just" WC="0.86" CC="0005"/>
						<SP ID="P20_SP00075" HPOS="532" VPOS="945" WIDTH="17"/>
						<String ID="P20_ST00088" HPOS="549" VPOS="911" WIDTH="67" HEIGHT="22" CONTENT="one" WC="0.70" CC="350"/>
						<SP ID="P20_SP00076" HPOS="616" VPOS="945" WIDTH="11"/>
						<String ID="P20_ST00089" HPOS="627" VPOS="910" WIDTH="96" HEIGHT="23" CONTENT="more" WC="0.78" CC="0440"/>
						<SP ID="P20_SP00077" HPOS="723" VPOS="945" WIDTH="19"/>
						<String ID="P20_ST00090" HPOS="742" VPOS="899" WIDTH="219" HEIGHT="34" CONTENT="observation" WC="0.82" CC="03001803002"/>
						<SP ID="P20_SP00078" HPOS="961" VPOS="945" WIDTH="15"/>
						<String ID="P20_ST00091" HPOS="976" VPOS="904" WIDTH="37" HEIGHT="28" CONTENT="to" WC="0.74" CC="50"/>
						<SP ID="P20_SP00079" HPOS="1013" VPOS="945" WIDTH="17"/>
						<String ID="P20_ST00092" HPOS="1030" VPOS="897" WIDTH="75" HEIGHT="35" CONTENT="add." WC="0.64" CC="4270"/>
					</TextLine>
					<TextLine ID="P20_TL00014" HPOS="276" VPOS="960" WIDTH="830" HEIGHT="45">
						<String ID="P20_ST00093" HPOS="276" VPOS="961" WIDTH="76" HEIGHT="33" CONTENT="The" WC="0.75" CC="250"/>
						<SP ID="P20_SP00080" HPOS="352" VPOS="994" WIDTH="18"/>
						<String ID="P20_ST00094" HPOS="370" VPOS="960" WIDTH="167" HEIGHT="45" CONTENT="proceeds" WC="0.83" CC="50400030"/>
						<SP ID="P20_SP00081" HPOS="537" VPOS="1005" WIDTH="17"/>
						<String ID="P20_ST00095" HPOS="554" VPOS="961" WIDTH="39" HEIGHT="33" CONTENT="of" WC="1.00" CC="00"/>
						<SP ID="P20_SP00082" HPOS="593" VPOS="1005" WIDTH="14"/>
						<String ID="P20_ST00096" HPOS="607" VPOS="961" WIDTH="84" HEIGHT="33" CONTENT="such" WC="0.97" CC="0001"/>
						<SP ID="P20_SP00083" HPOS="691" VPOS="1005" WIDTH="26"/>
						<String ID="P20_ST00097" HPOS="717" VPOS="972" WIDTH="20" HEIGHT="22" CONTENT="a" WC="0.73" CC="2"/>
						<SP ID="P20_SP00084" HPOS="737" VPOS="1005" WIDTH="17"/>
						<String ID="P20_ST00098" HPOS="754" VPOS="960" WIDTH="212" HEIGHT="45" CONTENT="publication" WC="0.80" CC="13400040007"/>
						<SP ID="P20_SP00085" HPOS="966" VPOS="1005" WIDTH="19"/>
						<String ID="P20_ST00099" HPOS="985" VPOS="972" WIDTH="36" HEIGHT="22" CONTENT="as" WC="0.60" CC="70"/>
						<SP ID="P20_SP00086" HPOS="1021" VPOS="1005" WIDTH="19"/>
						<String ID="P20_ST00100" HPOS="1040" VPOS="961" WIDTH="66" HEIGHT="33" CONTENT="this" WC="0.75" CC="2312"/>
					</TextLine>
					<TextLine ID="P20_TL00015" HPOS="274" VPOS="1021" WIDTH="833" HEIGHT="46">
						<String ID="P20_ST00101" HPOS="274" VPOS="1022" WIDTH="66" HEIGHT="32" CONTENT="will" WC="0.36" CC="7476"/>
						<SP ID="P20_SP00087" HPOS="340" VPOS="1054" WIDTH="27"/>
						<String ID="P20_ST00102" HPOS="367" VPOS="1021" WIDTH="163" HEIGHT="46" CONTENT="probably" WC="0.73" CC="71000047"/>
						<SP ID="P20_SP00088" HPOS="530" VPOS="1067" WIDTH="26"/>
						<String ID="P20_ST00103" HPOS="556" VPOS="1022" WIDTH="43" HEIGHT="33" CONTENT="be" WC="0.89" CC="20"/>
						<SP ID="P20_SP00089" HPOS="599" VPOS="1067" WIDTH="26"/>
						<String ID="P20_ST00104" HPOS="625" VPOS="1033" WIDTH="84" HEIGHT="34" CONTENT="very" WC="0.63" CC="5035"/>
						<SP ID="P20_SP00090" HPOS="709" VPOS="1067" WIDTH="30"/>
						<String ID="P20_ST00105" HPOS="739" VPOS="1022" WIDTH="208" HEIGHT="33" CONTENT="immaterial" WC="0.88" CC="2002300002"/>
						<String ID="P20_ST00106" HPOS="961" VPOS="1036" WIDTH="7" HEIGHT="24" CONTENT=";" WC="0.86" CC="1"/>
						<SP ID="P20_SP00091" HPOS="968" VPOS="1067" WIDTH="35"/>
						<String ID="P20_ST00107" HPOS="1003" VPOS="1023" WIDTH="64" HEIGHT="32" CONTENT="but" WC="0.54" CC="760"/>
						<SP ID="P20_SP00092" HPOS="1067" VPOS="1067" WIDTH="26"/>
						<String ID="P20_ST00108" HPOS="1093" VPOS="1021" WIDTH="14" HEIGHT="33" CONTENT="I" WC="0.75" CC="2"/>
					</TextLine>
					<TextLine ID="P20_TL00016" HPOS="272" VPOS="1082" WIDTH="835" HEIGHT="47">
						<String ID="P20_ST00109" HPOS="272" VPOS="1083" WIDTH="91" HEIGHT="45" CONTENT="hope" WC="0.67" CC="6060"/>
						<SP ID="P20_SP00093" HPOS="363" VPOS="1128" WIDTH="26"/>
						<String ID="P20_ST00110" HPOS="389" VPOS="1083" WIDTH="77" HEIGHT="33" CONTENT="that" WC="0.83" CC="0401"/>
						<SP ID="P20_SP00094" HPOS="466" VPOS="1128" WIDTH="19"/>
						<String ID="P20_ST00111" HPOS="485" VPOS="1082" WIDTH="19" HEIGHT="33" CONTENT="I" WC="1.00" CC="0"/>
						<SP ID="P20_SP00095" HPOS="504" VPOS="1128" WIDTH="19"/>
						<String ID="P20_ST00112" HPOS="523" VPOS="1083" WIDTH="84" HEIGHT="33" CONTENT="shall" WC="0.65" CC="02544"/>
						<SP ID="P20_SP00096" HPOS="607" VPOS="1128" WIDTH="24"/>
						<String ID="P20_ST00113" HPOS="631" VPOS="1088" WIDTH="61" HEIGHT="28" CONTENT="not" WC="0.78" CC="600"/>
						<SP ID="P20_SP00097" HPOS="692" VPOS="1128" WIDTH="17"/>
						<String ID="P20_ST00114" HPOS="709" VPOS="1084" WIDTH="43" HEIGHT="32" CONTENT="be" WC="0.78" CC="40"/>
						<SP ID="P20_SP00098" HPOS="752" VPOS="1128" WIDTH="18"/>
						<String ID="P20_ST00115" HPOS="770" VPOS="1082" WIDTH="152" HEIGHT="45" CONTENT="charged" WC="0.79" CC="0206400"/>
						<SP ID="P20_SP00099" HPOS="922" VPOS="1128" WIDTH="19"/>
						<String ID="P20_ST00116" HPOS="941" VPOS="1083" WIDTH="81" HEIGHT="33" CONTENT="with" WC="0.68" CC="6006"/>
						<SP ID="P20_SP00100" HPOS="1022" VPOS="1128" WIDTH="18"/>
						<String ID="P20_ST00117" HPOS="1040" VPOS="1095" WIDTH="67" HEIGHT="34" CONTENT="any" WC="0.68" CC="026"/>
					</TextLine>
					<TextLine ID="P20_TL00017" HPOS="273" VPOS="1143" WIDTH="833" HEIGHT="46">
						<String ID="P20_ST00118" HPOS="273" VPOS="1143" WIDTH="184" HEIGHT="46" CONTENT="unworthy" WC="0.72" CC="00801047"/>
						<SP ID="P20_SP00101" HPOS="457" VPOS="1189" WIDTH="6"/>
						<String ID="P20_ST00119" HPOS="463" VPOS="1144" WIDTH="130" HEIGHT="33" CONTENT="motive" WC="0.72" CC="403430"/>
						<SP ID="P20_SP00102" HPOS="593" VPOS="1189" WIDTH="10"/>
						<String ID="P20_ST00120" HPOS="603" VPOS="1144" WIDTH="29" HEIGHT="32" CONTENT="if" WC="1.00" CC="00"/>
						<SP ID="P20_SP00103" HPOS="632" VPOS="1189" WIDTH="7"/>
						<String ID="P20_ST00121" HPOS="639" VPOS="1144" WIDTH="15" HEIGHT="32" CONTENT="I" WC="0.64" CC="3"/>
						<SP ID="P20_SP00104" HPOS="654" VPOS="1189" WIDTH="16"/>
						<String ID="P20_ST00122" HPOS="670" VPOS="1145" WIDTH="169" HEIGHT="39" CONTENT="mention," WC="0.74" CC="50700006"/>
						<SP ID="P20_SP00105" HPOS="839" VPOS="1189" WIDTH="16"/>
						<String ID="P20_ST00123" HPOS="855" VPOS="1145" WIDTH="34" HEIGHT="32" CONTENT="in" WC="0.78" CC="04"/>
						<SP ID="P20_SP00106" HPOS="889" VPOS="1189" WIDTH="14"/>
						<String ID="P20_ST00124" HPOS="903" VPOS="1144" WIDTH="63" HEIGHT="34" CONTENT="the" WC="0.90" CC="020"/>
						<SP ID="P20_SP00107" HPOS="966" VPOS="1189" WIDTH="14"/>
						<String ID="P20_ST00125" HPOS="980" VPOS="1150" WIDTH="126" HEIGHT="36" CONTENT="outset," WC="0.61" CC="0760075"/>
					</TextLine>
					<TextLine ID="P20_TL00018" HPOS="273" VPOS="1204" WIDTH="834" HEIGHT="46">
						<String ID="P20_ST00126" HPOS="273" VPOS="1204" WIDTH="79" HEIGHT="33" CONTENT="that" WC="0.88" CC="0202"/>
						<SP ID="P20_SP00108" HPOS="352" VPOS="1237" WIDTH="18"/>
						<String ID="P20_ST00127" HPOS="370" VPOS="1204" WIDTH="177" HEIGHT="34" CONTENT="whatever" WC="0.75" CC="74006100"/>
						<SP ID="P20_SP00109" HPOS="547" VPOS="1238" WIDTH="18"/>
						<String ID="P20_ST00128" HPOS="565" VPOS="1205" WIDTH="86" HEIGHT="44" CONTENT="they" WC="0.51" CC="5707"/>
						<SP ID="P20_SP00110" HPOS="651" VPOS="1249" WIDTH="19"/>
						<String ID="P20_ST00129" HPOS="670" VPOS="1216" WIDTH="82" HEIGHT="34" CONTENT="may" WC="0.63" CC="307"/>
						<SP ID="P20_SP00111" HPOS="752" VPOS="1250" WIDTH="25"/>
						<String ID="P20_ST00130" HPOS="777" VPOS="1206" WIDTH="53" HEIGHT="40" CONTENT="be," WC="0.78" CC="006"/>
						<SP ID="P20_SP00112" HPOS="830" VPOS="1250" WIDTH="19"/>
						<String ID="P20_ST00131" HPOS="849" VPOS="1206" WIDTH="28" HEIGHT="32" CONTENT="it" WC="1.00" CC="00"/>
						<SP ID="P20_SP00113" HPOS="877" VPOS="1250" WIDTH="18"/>
						<String ID="P20_ST00132" HPOS="895" VPOS="1207" WIDTH="28" HEIGHT="32" CONTENT="is" WC="1.00" CC="00"/>
						<SP ID="P20_SP00114" HPOS="923" VPOS="1250" WIDTH="18"/>
						<String ID="P20_ST00133" HPOS="941" VPOS="1206" WIDTH="166" HEIGHT="35" CONTENT="intended" WC="0.74" CC="05005405"/>
					</TextLine>
					<TextLine ID="P20_TL00019" HPOS="273" VPOS="1264" WIDTH="834" HEIGHT="47">
						<String ID="P20_ST00134" HPOS="273" VPOS="1264" WIDTH="76" HEIGHT="34" CONTENT="that" WC="0.47" CC="6463"/>
						<SP ID="P20_SP00115" HPOS="349" VPOS="1298" WIDTH="18"/>
						<String ID="P20_ST00135" HPOS="367" VPOS="1264" WIDTH="88" HEIGHT="45" CONTENT="they" WC="0.70" CC="2306"/>
						<SP ID="P20_SP00116" HPOS="455" VPOS="1309" WIDTH="17"/>
						<String ID="P20_ST00136" HPOS="472" VPOS="1264" WIDTH="86" HEIGHT="33" CONTENT="shall" WC="0.64" CC="06055"/>
						<SP ID="P20_SP00117" HPOS="558" VPOS="1309" WIDTH="17"/>
						<String ID="P20_ST00137" HPOS="575" VPOS="1265" WIDTH="43" HEIGHT="32" CONTENT="be" WC="1.00" CC="00"/>
						<SP ID="P20_SP00118" HPOS="618" VPOS="1309" WIDTH="18"/>
						<String ID="P20_ST00138" HPOS="636" VPOS="1265" WIDTH="240" HEIGHT="46" CONTENT="appropriated" WC="0.85" CC="040003010700"/>
						<SP ID="P20_SP00119" HPOS="876" VPOS="1311" WIDTH="19"/>
						<String ID="P20_ST00139" HPOS="895" VPOS="1279" WIDTH="36" HEIGHT="22" CONTENT="as" WC="1.00" CC="00"/>
						<SP ID="P20_SP00120" HPOS="931" VPOS="1311" WIDTH="30"/>
						<String ID="P20_ST00140" HPOS="961" VPOS="1280" WIDTH="20" HEIGHT="21" CONTENT="a" WC="1.00" CC="0"/>
						<SP ID="P20_SP00121" HPOS="981" VPOS="1311" WIDTH="31"/>
						<String ID="P20_ST00141" HPOS="1012" VPOS="1268" WIDTH="95" HEIGHT="34" CONTENT="small" WC="0.70" CC="03037"/>
					</TextLine>
					<TextLine ID="P20_TL00020" HPOS="275" VPOS="1324" WIDTH="832" HEIGHT="51">
						<String ID="P20_ST00142" HPOS="275" VPOS="1325" WIDTH="86" HEIGHT="33" CONTENT="mite" WC="0.65" CC="8050"/>
						<SP ID="P20_SP00122" HPOS="361" VPOS="1358" WIDTH="34"/>
						<String ID="P20_ST00143" HPOS="395" VPOS="1324" WIDTH="148" HEIGHT="37" CONTENT="towards" WC="0.62" CC="0288070"/>
						<SP ID="P20_SP00123" HPOS="543" VPOS="1361" WIDTH="29"/>
						<String ID="P20_ST00144" HPOS="572" VPOS="1325" WIDTH="63" HEIGHT="34" CONTENT="the" WC="0.76" CC="510"/>
						<SP ID="P20_SP00124" HPOS="635" VPOS="1361" WIDTH="35"/>
						<String ID="P20_ST00145" HPOS="670" VPOS="1326" WIDTH="210" HEIGHT="49" CONTENT="Missionary" WC="0.80" CC="0000056007"/>
						<SP ID="P20_SP00125" HPOS="880" VPOS="1375" WIDTH="37"/>
						<String ID="P20_ST00146" HPOS="917" VPOS="1329" WIDTH="190" HEIGHT="35" CONTENT="Establish" SUBS_TYPE="HypPart1" SUBS_CONTENT="Establishment" WC="0.79" CC="0007050060"/>
						<HYP CONTENT="-"/>
					</TextLine>
					<TextLine ID="P20_TL00021" HPOS="272" VPOS="1386" WIDTH="835" HEIGHT="49">
						<String ID="P20_ST00147" HPOS="272" VPOS="1390" WIDTH="96" HEIGHT="29" CONTENT="ment" SUBS_TYPE="HypPart2" SUBS_CONTENT="Establishment" WC="0.60" CC="4046"/>
						<SP ID="P20_SP00126" HPOS="368" VPOS="1419" WIDTH="14"/>
						<String ID="P20_ST00148" HPOS="382" VPOS="1397" WIDTH="76" HEIGHT="22" CONTENT="now" WC="0.50" CC="806"/>
						<SP ID="P20_SP00127" HPOS="458" VPOS="1419" WIDTH="8"/>
						<String ID="P20_ST00149" HPOS="466" VPOS="1386" WIDTH="134" HEIGHT="34" CONTENT="formed" WC="0.69" CC="410606"/>
						<SP ID="P20_SP00128" HPOS="600" VPOS="1420" WIDTH="12"/>
						<String ID="P20_ST00150" HPOS="612" VPOS="1387" WIDTH="36" HEIGHT="35" CONTENT="in" WC="0.42" CC="37"/>
						<SP ID="P20_SP00129" HPOS="648" VPOS="1422" WIDTH="15"/>
						<String ID="P20_ST00151" HPOS="663" VPOS="1387" WIDTH="241" HEIGHT="48" CONTENT="Madagascar," WC="0.72" CC="05005400066"/>
						<SP ID="P20_SP00130" HPOS="904" VPOS="1435" WIDTH="13"/>
						<String ID="P20_ST00152" HPOS="917" VPOS="1390" WIDTH="68" HEIGHT="34" CONTENT="and" WC="0.50" CC="680"/>
						<SP ID="P20_SP00131" HPOS="985" VPOS="1435" WIDTH="13"/>
						<String ID="P20_ST00153" HPOS="998" VPOS="1391" WIDTH="109" HEIGHT="33" CONTENT="which" WC="0.72" CC="72004"/>
					</TextLine>
					<TextLine ID="P20_TL00022" HPOS="272" VPOS="1446" WIDTH="834" HEIGHT="47">
						<String ID="P20_ST00154" HPOS="272" VPOS="1446" WIDTH="65" HEIGHT="34" CONTENT="will" WC="0.71" CC="7030"/>
						<SP ID="P20_SP00132" HPOS="337" VPOS="1480" WIDTH="27"/>
						<String ID="P20_ST00155" HPOS="364" VPOS="1448" WIDTH="161" HEIGHT="45" CONTENT="probably" WC="0.54" CC="47630148"/>
						<SP ID="P20_SP00133" HPOS="525" VPOS="1493" WIDTH="18"/>
						<String ID="P20_ST00156" HPOS="543" VPOS="1448" WIDTH="43" HEIGHT="35" CONTENT="be" WC="0.34" CC="84"/>
						<SP ID="P20_SP00134" HPOS="586" VPOS="1493" WIDTH="29"/>
						<String ID="P20_ST00157" HPOS="615" VPOS="1449" WIDTH="189" HEIGHT="36" CONTENT="extended." WC="0.76" CC="042043060"/>
						<SP ID="P20_SP00135" HPOS="804" VPOS="1493" WIDTH="53"/>
						<String ID="P20_ST00158" HPOS="857" VPOS="1451" WIDTH="19" HEIGHT="34" CONTENT="I" WC="0.47" CC="5"/>
						<SP ID="P20_SP00136" HPOS="876" VPOS="1493" WIDTH="32"/>
						<String ID="P20_ST00159" HPOS="908" VPOS="1457" WIDTH="91" HEIGHT="29" CONTENT="state" WC="0.99" CC="00000"/>
						<SP ID="P20_SP00137" HPOS="999" VPOS="1493" WIDTH="26"/>
						<String ID="P20_ST00160" HPOS="1025" VPOS="1453" WIDTH="81" HEIGHT="40" CONTENT="this," WC="0.87" CC="20003"/>
					</TextLine>
					<TextLine ID="P20_TL00023" HPOS="273" VPOS="1507" WIDTH="833" HEIGHT="53">
						<String ID="P20_ST00161" HPOS="273" VPOS="1518" WIDTH="37" HEIGHT="21" CONTENT="as" WC="0.66" CC="60"/>
						<SP ID="P20_SP00138" HPOS="310" VPOS="1539" WIDTH="21"/>
						<String ID="P20_ST00162" HPOS="331" VPOS="1507" WIDTH="15" HEIGHT="32" CONTENT="I" WC="0.27" CC="7"/>
						<SP ID="P20_SP00139" HPOS="346" VPOS="1539" WIDTH="19"/>
						<String ID="P20_ST00163" HPOS="365" VPOS="1508" WIDTH="82" HEIGHT="32" CONTENT="wish" WC="0.60" CC="5207"/>
						<SP ID="P20_SP00140" HPOS="447" VPOS="1540" WIDTH="19"/>
						<String ID="P20_ST00164" HPOS="466" VPOS="1514" WIDTH="36" HEIGHT="27" CONTENT="to" WC="0.75" CC="04"/>
						<SP ID="P20_SP00141" HPOS="502" VPOS="1541" WIDTH="18"/>
						<String ID="P20_ST00165" HPOS="520" VPOS="1508" WIDTH="88" HEIGHT="37" CONTENT="have" WC="0.57" CC="5056"/>
						<SP ID="P20_SP00142" HPOS="608" VPOS="1545" WIDTH="18"/>
						<String ID="P20_ST00166" HPOS="626" VPOS="1523" WIDTH="44" HEIGHT="21" CONTENT="no" WC="0.38" CC="83"/>
						<SP ID="P20_SP00143" HPOS="670" VPOS="1545" WIDTH="14"/>
						<String ID="P20_ST00167" HPOS="684" VPOS="1523" WIDTH="211" HEIGHT="33" CONTENT="appearance" WC="0.68" CC="2307260700"/>
						<SP ID="P20_SP00144" HPOS="895" VPOS="1556" WIDTH="18"/>
						<String ID="P20_ST00168" HPOS="913" VPOS="1515" WIDTH="39" HEIGHT="32" CONTENT="of" WC="1.00" CC="00"/>
						<SP ID="P20_SP00145" HPOS="952" VPOS="1556" WIDTH="13"/>
						<String ID="P20_ST00169" HPOS="965" VPOS="1516" WIDTH="141" HEIGHT="44" CONTENT="pecuni" SUBS_TYPE="HypPart1" SUBS_CONTENT="pecuniary" WC="0.76" CC="3002505"/>
						<HYP CONTENT="-"/>
					</TextLine>
					<TextLine ID="P20_TL00024" HPOS="273" VPOS="1568" WIDTH="834" HEIGHT="50">
						<String ID="P20_ST00170" HPOS="273" VPOS="1579" WIDTH="61" HEIGHT="33" CONTENT="ary" SUBS_TYPE="HypPart2" SUBS_CONTENT="pecuniary" WC="0.67" CC="108"/>
						<SP ID="P20_SP00146" HPOS="334" VPOS="1612" WIDTH="14"/>
						<String ID="P20_ST00171" HPOS="348" VPOS="1568" WIDTH="146" HEIGHT="35" CONTENT="interest" WC="0.68" CC="36508000"/>
						<SP ID="P20_SP00147" HPOS="494" VPOS="1612" WIDTH="11"/>
						<String ID="P20_ST00172" HPOS="505" VPOS="1571" WIDTH="33" HEIGHT="32" CONTENT="in" WC="0.66" CC="14"/>
						<SP ID="P20_SP00148" HPOS="538" VPOS="1612" WIDTH="14"/>
						<String ID="P20_ST00173" HPOS="552" VPOS="1570" WIDTH="60" HEIGHT="34" CONTENT="the" WC="0.79" CC="060"/>
						<SP ID="P20_SP00149" HPOS="612" VPOS="1612" WIDTH="12"/>
						<String ID="P20_ST00174" HPOS="624" VPOS="1572" WIDTH="209" HEIGHT="45" CONTENT="publication" WC="0.65" CC="55751002108"/>
						<SP ID="P20_SP00150" HPOS="833" VPOS="1617" WIDTH="14"/>
						<String ID="P20_ST00175" HPOS="847" VPOS="1588" WIDTH="8" HEIGHT="25" CONTENT=";" WC="1.00" CC="0"/>
						<SP ID="P20_SP00151" HPOS="855" VPOS="1617" WIDTH="26"/>
						<String ID="P20_ST00176" HPOS="881" VPOS="1588" WIDTH="38" HEIGHT="21" CONTENT="as" WC="0.93" CC="10"/>
						<SP ID="P20_SP00152" HPOS="919" VPOS="1617" WIDTH="16"/>
						<String ID="P20_ST00177" HPOS="935" VPOS="1576" WIDTH="83" HEIGHT="42" CONTENT="also," WC="0.81" CC="40013"/>
						<SP ID="P20_SP00153" HPOS="1018" VPOS="1618" WIDTH="12"/>
						<String ID="P20_ST00178" HPOS="1030" VPOS="1578" WIDTH="77" HEIGHT="33" CONTENT="that" WC="0.57" CC="0663"/>
					</TextLine>
					<TextLine ID="P20_TL00025" HPOS="273" VPOS="1628" WIDTH="834" HEIGHT="56">
						<String ID="P20_ST00179" HPOS="273" VPOS="1628" WIDTH="29" HEIGHT="33" CONTENT="if" WC="0.45" CC="55"/>
						<SP ID="P20_SP00154" HPOS="302" VPOS="1661" WIDTH="13"/>
						<String ID="P20_ST00180" HPOS="315" VPOS="1639" WIDTH="68" HEIGHT="34" CONTENT="any" WC="0.45" CC="087"/>
						<SP ID="P20_SP00155" HPOS="383" VPOS="1673" WIDTH="19"/>
						<String ID="P20_ST00181" HPOS="402" VPOS="1640" WIDTH="65" HEIGHT="22" CONTENT="one" WC="0.54" CC="552"/>
						<SP ID="P20_SP00156" HPOS="467" VPOS="1673" WIDTH="14"/>
						<String ID="P20_ST00182" HPOS="481" VPOS="1629" WIDTH="89" HEIGHT="36" CONTENT="finds" WC="0.65" CC="22550"/>
						<SP ID="P20_SP00157" HPOS="570" VPOS="1673" WIDTH="18"/>
						<String ID="P20_ST00183" HPOS="588" VPOS="1641" WIDTH="220" HEIGHT="27" CONTENT="amusement" WC="0.78" CC="063001033"/>
						<SP ID="P20_SP00158" HPOS="808" VPOS="1673" WIDTH="12"/>
						<String ID="P20_ST00184" HPOS="820" VPOS="1636" WIDTH="33" HEIGHT="34" CONTENT="in" WC="0.58" CC="43"/>
						<SP ID="P20_SP00159" HPOS="853" VPOS="1673" WIDTH="17"/>
						<String ID="P20_ST00185" HPOS="870" VPOS="1637" WIDTH="37" HEIGHT="41" CONTENT="it," WC="0.71" CC="106"/>
						<SP ID="P20_SP00160" HPOS="907" VPOS="1678" WIDTH="16"/>
						<String ID="P20_ST00186" HPOS="923" VPOS="1638" WIDTH="26" HEIGHT="33" CONTENT="it" WC="1.00" CC="00"/>
						<SP ID="P20_SP00161" HPOS="949" VPOS="1678" WIDTH="16"/>
						<String ID="P20_ST00187" HPOS="965" VPOS="1651" WIDTH="81" HEIGHT="33" CONTENT="may" WC="0.75" CC="006"/>
						<SP ID="P20_SP00162" HPOS="1046" VPOS="1684" WIDTH="18"/>
						<String ID="P20_ST00188" HPOS="1064" VPOS="1640" WIDTH="43" HEIGHT="32" CONTENT="be" WC="0.63" CC="70"/>
					</TextLine>
				</TextBlock>
			</PrintSpace>
		</Page>
	</Layout>
</alto>
