<?xml version="1.0" encoding="UTF-8"?>
<alto xmlns:xsi="http://www.w3.org/2001/XMLSchema-instance" xsi:noNamespaceSchemaLocation="http://www.bl.uk/schemas/alto/alto-1-4.xsd" xmlns:xlink="http://www.w3.org/1999/xlink">
	<Description>
		<MeasurementUnit>mm10</MeasurementUnit>
		<sourceImageInformation>
			<fileName>//head1/IN/2008-12/A0011363537/007309.jp2</fileName>
		</sourceImageInformation>
		<OCRProcessing ID="OCRPROCESSING_1">
			<preProcessingStep>
				<processingSoftware>
					<softwareCreator>CCS Content Conversion Specialists GmbH, Germany</softwareCreator>
					<softwareName>CCS docWORKS</softwareName>
					<softwareVersion>6.1-0.67</softwareVersion>
				</processingSoftware>
			</preProcessingStep>
			<ocrProcessingStep>
				<processingSoftware>
					<softwareCreator>ABBYY (BIT Software), Russia</softwareCreator>
					<softwareName>Finereader</softwareName>
				</processingSoftware>
			</ocrProcessingStep>
		</OCRProcessing>
	</Description>
	<Styles>
		<TextStyle ID="TXT_0" FONTSIZE="10" FONTFAMILY="Courier New"/>
		<TextStyle ID="TXT_1" FONTSIZE="9" FONTFAMILY="Courier New"/>
		<ParagraphStyle ID="PAR_LEFT" ALIGN="Left"/>
	</Styles>
	<Layout>
		<Page ID="P257" PHYSICAL_IMG_NR="257" HEIGHT="1931" WIDTH="1150" PRINTED_IMG_NR="229" POSITION="Right" ACCURACY="76.50">
			<TopMargin ID="P257_TM00001" HPOS="0" VPOS="0" WIDTH="1149" HEIGHT="171">
				<TextBlock ID="P257_TB00001" HPOS="438" VPOS="139" WIDTH="69" HEIGHT="31" STYLEREFS="TXT_0 PAR_LEFT">
					<TextLine ID="P257_TL00001" HPOS="439" VPOS="140" WIDTH="67" HEIGHT="30">
						<String ID="P257_ST00001" HPOS="439" VPOS="140" WIDTH="67" HEIGHT="30" CONTENT="229" WC="0.20" CC="877"/>
					</TextLine>
				</TextBlock>
			</TopMargin>
			<LeftMargin ID="P257_LM00001" HPOS="0" VPOS="171" WIDTH="50" HEIGHT="1533"/>
			<RightMargin ID="P257_RM00001" HPOS="885" VPOS="171" WIDTH="264" HEIGHT="1533"/>
			<BottomMargin ID="P257_BM00001" HPOS="0" VPOS="1704" WIDTH="1149" HEIGHT="227"/>
			<PrintSpace ID="P257_PS00001" HPOS="50" VPOS="171" WIDTH="835" HEIGHT="1533">
				<TextBlock ID="P257_TB00002" HPOS="56" VPOS="220" WIDTH="828" HEIGHT="545" STYLEREFS="TXT_1 PAR_LEFT">
					<TextLine ID="P257_TL00002" HPOS="60" VPOS="220" WIDTH="822" HEIGHT="44">
						<String ID="P257_ST00002" HPOS="60" VPOS="224" WIDTH="21" HEIGHT="13" CONTENT='"' WC="0.55" CC="4"/>
						<SP ID="P257_SP00001" HPOS="81" VPOS="237" WIDTH="15"/>
						<String ID="P257_ST00003" HPOS="96" VPOS="220" WIDTH="170" HEIGHT="42" CONTENT="extremely" WC="0.89" CC="000300006"/>
						<SP ID="P257_SP00002" HPOS="266" VPOS="262" WIDTH="28"/>
						<String ID="P257_ST00004" HPOS="294" VPOS="227" WIDTH="119" HEIGHT="26" CONTENT="correct" WC="0.81" CC="0226001"/>
						<String ID="P257_ST00005" HPOS="429" VPOS="233" WIDTH="8" HEIGHT="19" CONTENT=":" WC="0.45" CC="5"/>
						<SP ID="P257_SP00003" HPOS="437" VPOS="262" WIDTH="31"/>
						<String ID="P257_ST00006" HPOS="468" VPOS="224" WIDTH="75" HEIGHT="29" CONTENT="And" WC="0.68" CC="450"/>
						<SP ID="P257_SP00004" HPOS="543" VPOS="262" WIDTH="27"/>
						<String ID="P257_ST00007" HPOS="570" VPOS="224" WIDTH="15" HEIGHT="29" CONTENT="I" WC="0.89" CC="1"/>
						<SP ID="P257_SP00005" HPOS="585" VPOS="262" WIDTH="26"/>
						<String ID="P257_ST00008" HPOS="611" VPOS="227" WIDTH="111" HEIGHT="27" CONTENT="cannot" WC="0.78" CC="007500"/>
						<SP ID="P257_SP00006" HPOS="722" VPOS="262" WIDTH="27"/>
						<String ID="P257_ST00009" HPOS="749" VPOS="224" WIDTH="133" HEIGHT="40" CONTENT="imagine" WC="0.78" CC="0503221"/>
					</TextLine>
					<TextLine ID="P257_TL00003" HPOS="59" VPOS="277" WIDTH="824" HEIGHT="43">
						<String ID="P257_ST00010" HPOS="59" VPOS="280" WIDTH="21" HEIGHT="14" CONTENT='"' WC="0.61" CC="3"/>
						<SP ID="P257_SP00007" HPOS="80" VPOS="294" WIDTH="16"/>
						<String ID="P257_ST00011" HPOS="96" VPOS="277" WIDTH="134" HEIGHT="41" CONTENT="(though" WC="0.88" CC="4000300"/>
						<SP ID="P257_SP00008" HPOS="230" VPOS="318" WIDTH="30"/>
						<String ID="P257_ST00012" HPOS="260" VPOS="279" WIDTH="24" HEIGHT="30" CONTENT="it" WC="1.00" CC="00"/>
						<SP ID="P257_SP00009" HPOS="284" VPOS="318" WIDTH="26"/>
						<String ID="P257_ST00013" HPOS="310" VPOS="279" WIDTH="24" HEIGHT="30" CONTENT="is" WC="0.90" CC="20"/>
						<SP ID="P257_SP00010" HPOS="334" VPOS="318" WIDTH="28"/>
						<String ID="P257_ST00014" HPOS="362" VPOS="280" WIDTH="146" HEIGHT="40" CONTENT="possible)" WC="0.84" CC="101060104"/>
						<SP ID="P257_SP00011" HPOS="508" VPOS="320" WIDTH="27"/>
						<String ID="P257_ST00015" HPOS="535" VPOS="281" WIDTH="67" HEIGHT="30" CONTENT="that" WC="0.80" CC="0430"/>
						<SP ID="P257_SP00012" HPOS="602" VPOS="320" WIDTH="29"/>
						<String ID="P257_ST00016" HPOS="631" VPOS="286" WIDTH="137" HEIGHT="26" CONTENT="currents" WC="0.87" CC="00040302"/>
						<SP ID="P257_SP00013" HPOS="768" VPOS="320" WIDTH="27"/>
						<String ID="P257_ST00017" HPOS="795" VPOS="281" WIDTH="88" HEIGHT="31" CONTENT="alone" WC="0.83" CC="00080"/>
					</TextLine>
					<TextLine ID="P257_TL00004" HPOS="60" VPOS="332" WIDTH="823" HEIGHT="39">
						<String ID="P257_ST00018" HPOS="60" VPOS="336" WIDTH="19" HEIGHT="13" CONTENT='"' WC="1.00" CC="0"/>
						<SP ID="P257_SP00014" HPOS="79" VPOS="349" WIDTH="16"/>
						<String ID="P257_ST00019" HPOS="95" VPOS="332" WIDTH="111" HEIGHT="31" CONTENT="should" WC="0.79" CC="300701"/>
						<SP ID="P257_SP00015" HPOS="206" VPOS="363" WIDTH="26"/>
						<String ID="P257_ST00020" HPOS="232" VPOS="334" WIDTH="76" HEIGHT="31" CONTENT="have" WC="1.00" CC="0000"/>
						<SP ID="P257_SP00016" HPOS="308" VPOS="365" WIDTH="25"/>
						<String ID="P257_ST00021" HPOS="333" VPOS="336" WIDTH="87" HEIGHT="30" CONTENT="made" WC="0.85" CC="5000"/>
						<SP ID="P257_SP00017" HPOS="420" VPOS="366" WIDTH="29"/>
						<String ID="P257_ST00022" HPOS="449" VPOS="347" WIDTH="17" HEIGHT="19" CONTENT="a" WC="1.00" CC="0"/>
						<SP ID="P257_SP00018" HPOS="466" VPOS="366" WIDTH="29"/>
						<String ID="P257_ST00023" HPOS="495" VPOS="336" WIDTH="164" HEIGHT="31" CONTENT="difference" WC="0.85" CC="0411000600"/>
						<SP ID="P257_SP00019" HPOS="659" VPOS="367" WIDTH="27"/>
						<String ID="P257_ST00024" HPOS="686" VPOS="336" WIDTH="37" HEIGHT="31" CONTENT="of" WC="0.67" CC="60"/>
						<SP ID="P257_SP00020" HPOS="723" VPOS="367" WIDTH="21"/>
						<String ID="P257_ST00025" HPOS="744" VPOS="347" WIDTH="71" HEIGHT="20" CONTENT="near" WC="0.74" CC="1043"/>
						<SP ID="P257_SP00021" HPOS="815" VPOS="367" WIDTH="27"/>
						<String ID="P257_ST00026" HPOS="842" VPOS="340" WIDTH="41" HEIGHT="31" CONTENT="90" WC="0.23" CC="87"/>
					</TextLine>
					<TextLine ID="P257_TL00005" HPOS="57" VPOS="389" WIDTH="827" HEIGHT="44">
						<String ID="P257_ST00027" HPOS="57" VPOS="394" WIDTH="20" HEIGHT="13" CONTENT='"' WC="0.68" CC="3"/>
						<SP ID="P257_SP00022" HPOS="77" VPOS="407" WIDTH="16"/>
						<String ID="P257_ST00028" HPOS="93" VPOS="389" WIDTH="86" HEIGHT="31" CONTENT="miles" WC="0.77" CC="14500"/>
						<SP ID="P257_SP00023" HPOS="179" VPOS="420" WIDTH="16"/>
						<String ID="P257_ST00029" HPOS="195" VPOS="391" WIDTH="31" HEIGHT="29" CONTENT="in" WC="0.71" CC="23"/>
						<SP ID="P257_SP00024" HPOS="226" VPOS="420" WIDTH="15"/>
						<String ID="P257_ST00030" HPOS="241" VPOS="392" WIDTH="53" HEIGHT="30" CONTENT="the" WC="1.00" CC="000"/>
						<SP ID="P257_SP00025" HPOS="294" VPOS="422" WIDTH="12"/>
						<String ID="P257_ST00031" HPOS="306" VPOS="403" WIDTH="89" HEIGHT="30" CONTENT="space" WC="1.00" CC="00000"/>
						<SP ID="P257_SP00026" HPOS="395" VPOS="433" WIDTH="16"/>
						<String ID="P257_ST00032" HPOS="411" VPOS="394" WIDTH="38" HEIGHT="29" CONTENT="of" WC="0.60" CC="07"/>
						<SP ID="P257_SP00027" HPOS="449" VPOS="433" WIDTH="22"/>
						<String ID="P257_ST00033" HPOS="471" VPOS="398" WIDTH="35" HEIGHT="25" CONTENT="15" WC="0.59" CC="08"/>
						<SP ID="P257_SP00028" HPOS="506" VPOS="433" WIDTH="17"/>
						<String ID="P257_ST00034" HPOS="523" VPOS="394" WIDTH="90" HEIGHT="29" CONTENT="hours" WC="0.88" CC="00050"/>
						<SP ID="P257_SP00029" HPOS="613" VPOS="433" WIDTH="13"/>
						<String ID="P257_ST00035" HPOS="626" VPOS="406" WIDTH="8" HEIGHT="25" CONTENT=";" WC="0.17" CC="8"/>
						<SP ID="P257_SP00030" HPOS="634" VPOS="433" WIDTH="28"/>
						<String ID="P257_ST00036" HPOS="662" VPOS="394" WIDTH="67" HEIGHT="29" CONTENT="that" WC="0.94" CC="0002"/>
						<SP ID="P257_SP00031" HPOS="729" VPOS="433" WIDTH="21"/>
						<String ID="P257_ST00037" HPOS="750" VPOS="394" WIDTH="34" HEIGHT="35" CONTENT="is," WC="0.66" CC="207"/>
						<SP ID="P257_SP00032" HPOS="784" VPOS="433" WIDTH="21"/>
						<String ID="P257_ST00038" HPOS="805" VPOS="395" WIDTH="79" HEIGHT="29" CONTENT="from" WC="0.69" CC="7004"/>
					</TextLine>
					<TextLine ID="P257_TL00006" HPOS="57" VPOS="448" WIDTH="827" HEIGHT="42">
						<String ID="P257_ST00039" HPOS="57" VPOS="450" WIDTH="20" HEIGHT="13" CONTENT='"' WC="0.84" CC="1"/>
						<SP ID="P257_SP00033" HPOS="77" VPOS="463" WIDTH="16"/>
						<String ID="P257_ST00040" HPOS="93" VPOS="455" WIDTH="82" HEIGHT="21" CONTENT="noon" WC="0.76" CC="4004"/>
						<SP ID="P257_SP00034" HPOS="175" VPOS="476" WIDTH="26"/>
						<String ID="P257_ST00041" HPOS="201" VPOS="448" WIDTH="168" HEIGHT="41" CONTENT="preceding" WC="0.89" CC="030000230"/>
						<SP ID="P257_SP00035" HPOS="369" VPOS="489" WIDTH="23"/>
						<String ID="P257_ST00042" HPOS="392" VPOS="450" WIDTH="46" HEIGHT="29" CONTENT="till" WC="0.81" CC="0025"/>
						<SP ID="P257_SP00036" HPOS="438" VPOS="489" WIDTH="24"/>
						<String ID="P257_ST00043" HPOS="462" VPOS="450" WIDTH="53" HEIGHT="29" CONTENT="the" WC="1.00" CC="000"/>
						<SP ID="P257_SP00037" HPOS="515" VPOS="489" WIDTH="23"/>
						<String ID="P257_ST00044" HPOS="538" VPOS="450" WIDTH="66" HEIGHT="40" CONTENT="ship" WC="0.99" CC="0000"/>
						<SP ID="P257_SP00038" HPOS="604" VPOS="490" WIDTH="27"/>
						<String ID="P257_ST00045" HPOS="631" VPOS="450" WIDTH="111" HEIGHT="31" CONTENT="struck." WC="0.80" CC="0030054"/>
						<SP ID="P257_SP00039" HPOS="742" VPOS="490" WIDTH="44"/>
						<String ID="P257_ST00046" HPOS="786" VPOS="450" WIDTH="32" HEIGHT="31" CONTENT="A" WC="0.49" CC="5"/>
						<SP ID="P257_SP00040" HPOS="818" VPOS="490" WIDTH="21"/>
						<String ID="P257_ST00047" HPOS="839" VPOS="461" WIDTH="45" HEIGHT="20" CONTENT="re" SUBS_TYPE="HypPart1" SUBS_CONTENT='re"' WC="0.49" CC="806"/>
						<HYP CONTENT="-"/>
					</TextLine>
					<TextLine ID="P257_TL00007" HPOS="57" VPOS="503" WIDTH="827" HEIGHT="43">
						<String ID="P257_ST00048" HPOS="57" VPOS="505" WIDTH="20" HEIGHT="14" CONTENT='"' SUBS_TYPE="HypPart2" SUBS_CONTENT='re"' WC="0.76" CC="2"/>
						<SP ID="P257_SP00041" HPOS="77" VPOS="519" WIDTH="15"/>
						<String ID="P257_ST00049" HPOS="92" VPOS="503" WIDTH="156" HEIGHT="39" CONTENT="spectable" WC="0.94" CC="000000210"/>
						<SP ID="P257_SP00042" HPOS="248" VPOS="542" WIDTH="24"/>
						<String ID="P257_ST00050" HPOS="272" VPOS="504" WIDTH="133" HEIGHT="29" CONTENT="nautical" WC="0.87" CC="00503000"/>
						<SP ID="P257_SP00043" HPOS="405" VPOS="542" WIDTH="24"/>
						<String ID="P257_ST00051" HPOS="429" VPOS="505" WIDTH="156" HEIGHT="41" CONTENT="authority" WC="0.80" CC="000400606"/>
						<SP ID="P257_SP00044" HPOS="585" VPOS="546" WIDTH="15"/>
						<String ID="P257_ST00052" HPOS="600" VPOS="505" WIDTH="65" HEIGHT="30" CONTENT="told" WC="0.70" CC="0056"/>
						<SP ID="P257_SP00045" HPOS="665" VPOS="546" WIDTH="20"/>
						<String ID="P257_ST00053" HPOS="685" VPOS="516" WIDTH="57" HEIGHT="25" CONTENT="me," WC="0.82" CC="005"/>
						<SP ID="P257_SP00046" HPOS="742" VPOS="546" WIDTH="22"/>
						<String ID="P257_ST00054" HPOS="764" VPOS="505" WIDTH="66" HEIGHT="31" CONTENT="that" WC="0.59" CC="0528"/>
						<SP ID="P257_SP00047" HPOS="830" VPOS="546" WIDTH="15"/>
						<String ID="P257_ST00055" HPOS="845" VPOS="505" WIDTH="39" HEIGHT="31" CONTENT="he" WC="1.00" CC="00"/>
					</TextLine>
					<TextLine ID="P257_TL00008" HPOS="57" VPOS="557" WIDTH="827" HEIGHT="44">
						<String ID="P257_ST00056" HPOS="57" VPOS="561" WIDTH="20" HEIGHT="16" CONTENT='"' WC="0.49" CC="5"/>
						<SP ID="P257_SP00048" HPOS="77" VPOS="577" WIDTH="15"/>
						<String ID="P257_ST00057" HPOS="92" VPOS="557" WIDTH="70" HEIGHT="36" CONTENT="had," WC="0.83" CC="0006"/>
						<SP ID="P257_SP00049" HPOS="162" VPOS="593" WIDTH="17"/>
						<String ID="P257_ST00058" HPOS="179" VPOS="559" WIDTH="77" HEIGHT="29" CONTENT="from" WC="0.80" CC="4003"/>
						<SP ID="P257_SP00050" HPOS="256" VPOS="593" WIDTH="17"/>
						<String ID="P257_ST00059" HPOS="273" VPOS="560" WIDTH="46" HEIGHT="29" CONTENT="his" WC="0.87" CC="030"/>
						<SP ID="P257_SP00051" HPOS="319" VPOS="593" WIDTH="15"/>
						<String ID="P257_ST00060" HPOS="334" VPOS="570" WIDTH="68" HEIGHT="19" CONTENT="own" WC="0.83" CC="013"/>
						<SP ID="P257_SP00052" HPOS="402" VPOS="593" WIDTH="17"/>
						<String ID="P257_ST00061" HPOS="419" VPOS="560" WIDTH="201" HEIGHT="36" CONTENT="observation," WC="0.87" CC="080010000310"/>
						<SP ID="P257_SP00053" HPOS="620" VPOS="596" WIDTH="17"/>
						<String ID="P257_ST00062" HPOS="637" VPOS="561" WIDTH="82" HEIGHT="40" CONTENT="good" WC="0.75" CC="0125"/>
						<SP ID="P257_SP00054" HPOS="719" VPOS="601" WIDTH="12"/>
						<String ID="P257_ST00063" HPOS="731" VPOS="571" WIDTH="105" HEIGHT="20" CONTENT="reason" WC="0.72" CC="363003"/>
						<SP ID="P257_SP00055" HPOS="836" VPOS="601" WIDTH="15"/>
						<String ID="P257_ST00064" HPOS="851" VPOS="566" WIDTH="33" HEIGHT="25" CONTENT="to" WC="1.00" CC="00"/>
					</TextLine>
					<TextLine ID="P257_TL00009" HPOS="57" VPOS="613" WIDTH="826" HEIGHT="44">
						<String ID="P257_ST00065" HPOS="57" VPOS="617" WIDTH="20" HEIGHT="15" CONTENT='"' WC="0.68" CC="3"/>
						<SP ID="P257_SP00056" HPOS="77" VPOS="632" WIDTH="15"/>
						<String ID="P257_ST00066" HPOS="92" VPOS="613" WIDTH="38" HEIGHT="30" CONTENT="be" WC="0.92" CC="01"/>
						<SP ID="P257_SP00057" HPOS="130" VPOS="643" WIDTH="21"/>
						<String ID="P257_ST00067" HPOS="151" VPOS="614" WIDTH="38" HEIGHT="30" CONTENT="of" WC="1.00" CC="00"/>
						<SP ID="P257_SP00058" HPOS="189" VPOS="644" WIDTH="16"/>
						<String ID="P257_ST00068" HPOS="205" VPOS="616" WIDTH="52" HEIGHT="29" CONTENT="the" WC="1.00" CC="000"/>
						<SP ID="P257_SP00059" HPOS="257" VPOS="645" WIDTH="23"/>
						<String ID="P257_ST00069" HPOS="280" VPOS="627" WIDTH="81" HEIGHT="19" CONTENT="same" WC="1.00" CC="0000"/>
						<SP ID="P257_SP00060" HPOS="361" VPOS="646" WIDTH="23"/>
						<String ID="P257_ST00070" HPOS="384" VPOS="616" WIDTH="135" HEIGHT="41" CONTENT="opinion." WC="0.61" CC="25166044"/>
						<SP ID="P257_SP00061" HPOS="519" VPOS="657" WIDTH="46"/>
						<String ID="P257_ST00071" HPOS="565" VPOS="616" WIDTH="132" HEIGHT="41" CONTENT="Perhaps" WC="0.77" CC="6041003"/>
						<SP ID="P257_SP00062" HPOS="697" VPOS="657" WIDTH="22"/>
						<String ID="P257_ST00072" HPOS="719" VPOS="616" WIDTH="88" HEIGHT="30" CONTENT="when" WC="0.91" CC="0002"/>
						<SP ID="P257_SP00063" HPOS="807" VPOS="657" WIDTH="23"/>
						<String ID="P257_ST00073" HPOS="830" VPOS="617" WIDTH="53" HEIGHT="32" CONTENT="the" WC="0.80" CC="005"/>
					</TextLine>
					<TextLine ID="P257_TL00010" HPOS="58" VPOS="671" WIDTH="824" HEIGHT="42">
						<String ID="P257_ST00074" HPOS="58" VPOS="673" WIDTH="21" HEIGHT="14" CONTENT='"' WC="0.98" CC="0"/>
						<SP ID="P257_SP00064" HPOS="79" VPOS="687" WIDTH="15"/>
						<String ID="P257_ST00075" HPOS="94" VPOS="676" WIDTH="124" HEIGHT="33" CONTENT="present" WC="0.90" CC="0000070"/>
						<SP ID="P257_SP00065" HPOS="218" VPOS="709" WIDTH="15"/>
						<String ID="P257_ST00076" HPOS="233" VPOS="682" WIDTH="61" HEIGHT="18" CONTENT="war" WC="0.84" CC="202"/>
						<SP ID="P257_SP00066" HPOS="294" VPOS="709" WIDTH="22"/>
						<String ID="P257_ST00077" HPOS="316" VPOS="671" WIDTH="25" HEIGHT="30" CONTENT="is" WC="0.53" CC="44"/>
						<SP ID="P257_SP00067" HPOS="341" VPOS="709" WIDTH="21"/>
						<String ID="P257_ST00078" HPOS="362" VPOS="682" WIDTH="82" HEIGHT="26" CONTENT="over," WC="0.64" CC="60055"/>
						<SP ID="P257_SP00068" HPOS="444" VPOS="709" WIDTH="24"/>
						<String ID="P257_ST00079" HPOS="468" VPOS="672" WIDTH="175" HEIGHT="41" CONTENT="something" WC="0.79" CC="205000261"/>
						<SP ID="P257_SP00069" HPOS="643" VPOS="713" WIDTH="22"/>
						<String ID="P257_ST00080" HPOS="665" VPOS="682" WIDTH="69" HEIGHT="31" CONTENT="may" WC="0.70" CC="305"/>
						<SP ID="P257_SP00070" HPOS="734" VPOS="713" WIDTH="15"/>
						<String ID="P257_ST00081" HPOS="749" VPOS="672" WIDTH="38" HEIGHT="30" CONTENT="be" WC="1.00" CC="00"/>
						<SP ID="P257_SP00071" HPOS="787" VPOS="713" WIDTH="16"/>
						<String ID="P257_ST00082" HPOS="803" VPOS="671" WIDTH="79" HEIGHT="31" CONTENT="done" WC="0.91" CC="1200"/>
					</TextLine>
					<TextLine ID="P257_TL00011" HPOS="59" VPOS="724" WIDTH="595" HEIGHT="41">
						<String ID="P257_ST00083" HPOS="59" VPOS="729" WIDTH="20" HEIGHT="14" CONTENT='"' WC="0.33" CC="6"/>
						<SP ID="P257_SP00072" HPOS="79" VPOS="743" WIDTH="14"/>
						<String ID="P257_ST00084" HPOS="93" VPOS="724" WIDTH="32" HEIGHT="30" CONTENT="in" WC="0.71" CC="50"/>
						<SP ID="P257_SP00073" HPOS="125" VPOS="754" WIDTH="16"/>
						<String ID="P257_ST00085" HPOS="141" VPOS="725" WIDTH="53" HEIGHT="30" CONTENT="the" WC="0.99" CC="000"/>
						<SP ID="P257_SP00074" HPOS="194" VPOS="755" WIDTH="16"/>
						<String ID="P257_ST00086" HPOS="210" VPOS="737" WIDTH="66" HEIGHT="28" CONTENT="way" WC="0.85" CC="102"/>
						<SP ID="P257_SP00075" HPOS="276" VPOS="765" WIDTH="16"/>
						<String ID="P257_ST00087" HPOS="292" VPOS="726" WIDTH="15" HEIGHT="30" CONTENT="I" WC="0.52" CC="4"/>
						<SP ID="P257_SP00076" HPOS="307" VPOS="765" WIDTH="16"/>
						<String ID="P257_ST00088" HPOS="323" VPOS="726" WIDTH="77" HEIGHT="31" CONTENT="have" WC="0.79" CC="0710"/>
						<SP ID="P257_SP00077" HPOS="400" VPOS="765" WIDTH="16"/>
						<String ID="P257_ST00089" HPOS="416" VPOS="728" WIDTH="178" HEIGHT="31" CONTENT="mentioned" WC="0.74" CC="005515500"/>
						<SP ID="P257_SP00078" HPOS="594" VPOS="765" WIDTH="10"/>
						<String ID="P257_ST00090" HPOS="604" VPOS="729" WIDTH="50" HEIGHT="29" CONTENT='*."' WC="0.80" CC="103"/>
					</TextLine>
				</TextBlock>
				<TextBlock ID="P257_TB00003" HPOS="50" VPOS="779" WIDTH="835" HEIGHT="654" STYLEREFS="TXT_1 PAR_LEFT">
					<TextLine ID="P257_TL00012" HPOS="97" VPOS="780" WIDTH="783" HEIGHT="42">
						<String ID="P257_ST00091" HPOS="97" VPOS="786" WIDTH="19" HEIGHT="12" CONTENT='"' WC="0.85" CC="1"/>
						<SP ID="P257_SP00079" HPOS="116" VPOS="798" WIDTH="16"/>
						<String ID="P257_ST00092" HPOS="132" VPOS="780" WIDTH="69" HEIGHT="30" CONTENT="The" WC="0.98" CC="000"/>
						<SP ID="P257_SP00080" HPOS="201" VPOS="810" WIDTH="16"/>
						<String ID="P257_ST00093" HPOS="217" VPOS="781" WIDTH="162" HEIGHT="31" CONTENT="Governor" WC="0.88" CC="00400400"/>
						<SP ID="P257_SP00081" HPOS="379" VPOS="812" WIDTH="15"/>
						<String ID="P257_ST00094" HPOS="394" VPOS="782" WIDTH="37" HEIGHT="30" CONTENT="of" WC="0.92" CC="10"/>
						<SP ID="P257_SP00082" HPOS="431" VPOS="812" WIDTH="10"/>
						<String ID="P257_ST00095" HPOS="441" VPOS="782" WIDTH="214" HEIGHT="40" CONTENT="Mosambique" WC="0.74" CC="0020507250"/>
						<SP ID="P257_SP00083" HPOS="655" VPOS="822" WIDTH="21"/>
						<String ID="P257_ST00096" HPOS="676" VPOS="782" WIDTH="23" HEIGHT="28" CONTENT="is" WC="0.76" CC="40"/>
						<SP ID="P257_SP00084" HPOS="699" VPOS="822" WIDTH="15"/>
						<String ID="P257_ST00097" HPOS="714" VPOS="781" WIDTH="166" HEIGHT="41" CONTENT="appointed" WC="0.88" CC="000024004"/>
					</TextLine>
					<TextLine ID="P257_TL00013" HPOS="57" VPOS="837" WIDTH="828" HEIGHT="41">
						<String ID="P257_ST00098" HPOS="57" VPOS="842" WIDTH="20" HEIGHT="13" CONTENT='"' WC="1.00" CC="0"/>
						<SP ID="P257_SP00085" HPOS="77" VPOS="855" WIDTH="15"/>
						<String ID="P257_ST00099" HPOS="92" VPOS="837" WIDTH="78" HEIGHT="30" CONTENT="from" WC="0.68" CC="4305"/>
						<SP ID="P257_SP00086" HPOS="170" VPOS="867" WIDTH="25"/>
						<String ID="P257_ST00100" HPOS="195" VPOS="837" WIDTH="132" HEIGHT="41" CONTENT="Europe," WC="0.83" CC="0004006"/>
						<SP ID="P257_SP00087" HPOS="327" VPOS="878" WIDTH="28"/>
						<String ID="P257_ST00101" HPOS="355" VPOS="838" WIDTH="61" HEIGHT="32" CONTENT="and" WC="0.53" CC="067"/>
						<SP ID="P257_SP00088" HPOS="416" VPOS="878" WIDTH="22"/>
						<String ID="P257_ST00102" HPOS="438" VPOS="838" WIDTH="25" HEIGHT="31" CONTENT="is" WC="0.62" CC="70"/>
						<SP ID="P257_SP00089" HPOS="463" VPOS="878" WIDTH="23"/>
						<String ID="P257_ST00103" HPOS="486" VPOS="838" WIDTH="111" HEIGHT="40" CONTENT="wholly" WC="0.70" CC="200337"/>
						<SP ID="P257_SP00090" HPOS="597" VPOS="878" WIDTH="20"/>
						<String ID="P257_ST00104" HPOS="617" VPOS="837" WIDTH="209" HEIGHT="40" CONTENT="independent" WC="0.67" CC="45183070040"/>
						<SP ID="P257_SP00091" HPOS="826" VPOS="878" WIDTH="22"/>
						<String ID="P257_ST00105" HPOS="848" VPOS="837" WIDTH="37" HEIGHT="30" CONTENT="of" WC="0.89" CC="02"/>
					</TextLine>
					<TextLine ID="P257_TL00014" HPOS="57" VPOS="893" WIDTH="823" HEIGHT="33">
						<String ID="P257_ST00106" HPOS="57" VPOS="899" WIDTH="19" HEIGHT="13" CONTENT='"' WC="0.82" CC="1"/>
						<SP ID="P257_SP00092" HPOS="76" VPOS="912" WIDTH="14"/>
						<String ID="P257_ST00107" HPOS="90" VPOS="893" WIDTH="52" HEIGHT="30" CONTENT="the" WC="0.70" CC="160"/>
						<SP ID="P257_SP00093" HPOS="142" VPOS="923" WIDTH="16"/>
						<String ID="P257_ST00108" HPOS="158" VPOS="893" WIDTH="162" HEIGHT="30" CONTENT="Governor" WC="0.76" CC="40600700"/>
						<SP ID="P257_SP00094" HPOS="320" VPOS="923" WIDTH="14"/>
						<String ID="P257_ST00109" HPOS="334" VPOS="894" WIDTH="38" HEIGHT="29" CONTENT="of" WC="0.69" CC="06"/>
						<SP ID="P257_SP00095" HPOS="372" VPOS="923" WIDTH="17"/>
						<String ID="P257_ST00110" HPOS="389" VPOS="894" WIDTH="78" HEIGHT="29" CONTENT="Goa." WC="0.70" CC="0442"/>
						<SP ID="P257_SP00096" HPOS="467" VPOS="923" WIDTH="46"/>
						<String ID="P257_ST00111" HPOS="513" VPOS="894" WIDTH="59" HEIGHT="32" CONTENT="His" WC="0.24" CC="886"/>
						<SP ID="P257_SP00097" HPOS="572" VPOS="926" WIDTH="22"/>
						<String ID="P257_ST00112" HPOS="594" VPOS="894" WIDTH="144" HEIGHT="31" CONTENT="situation" WC="0.75" CC="060230126"/>
						<SP ID="P257_SP00098" HPOS="738" VPOS="926" WIDTH="16"/>
						<String ID="P257_ST00113" HPOS="754" VPOS="895" WIDTH="26" HEIGHT="29" CONTENT="is" WC="0.51" CC="53"/>
						<SP ID="P257_SP00099" HPOS="780" VPOS="926" WIDTH="14"/>
						<String ID="P257_ST00114" HPOS="794" VPOS="894" WIDTH="86" HEIGHT="30" CONTENT="reck" SUBS_TYPE="HypPart1" SUBS_CONTENT='reck"' WC="0.74" CC="70005"/>
						<HYP CONTENT="-"/>
					</TextLine>
					<TextLine ID="P257_TL00015" HPOS="52" VPOS="947" WIDTH="828" HEIGHT="43">
						<String ID="P257_ST00115" HPOS="52" VPOS="953" WIDTH="19" HEIGHT="14" CONTENT='"' SUBS_TYPE="HypPart2" SUBS_CONTENT='reck"' WC="0.86" CC="1"/>
						<SP ID="P257_SP00100" HPOS="71" VPOS="967" WIDTH="16"/>
						<String ID="P257_ST00116" HPOS="87" VPOS="948" WIDTH="81" HEIGHT="30" CONTENT="oned" WC="0.81" CC="0600"/>
						<SP ID="P257_SP00101" HPOS="168" VPOS="978" WIDTH="25"/>
						<String ID="P257_ST00117" HPOS="193" VPOS="947" WIDTH="80" HEIGHT="31" CONTENT="little" WC="0.88" CC="002400"/>
						<SP ID="P257_SP00102" HPOS="273" VPOS="978" WIDTH="24"/>
						<String ID="P257_ST00118" HPOS="297" VPOS="947" WIDTH="134" HEIGHT="38" CONTENT="inferior," WC="0.71" CC="062055006"/>
						<SP ID="P257_SP00103" HPOS="431" VPOS="985" WIDTH="25"/>
						<String ID="P257_ST00119" HPOS="456" VPOS="948" WIDTH="29" HEIGHT="30" CONTENT="if" WC="0.72" CC="05"/>
						<SP ID="P257_SP00104" HPOS="485" VPOS="985" WIDTH="20"/>
						<String ID="P257_ST00120" HPOS="505" VPOS="953" WIDTH="55" HEIGHT="26" CONTENT="not" WC="0.81" CC="500"/>
						<SP ID="P257_SP00105" HPOS="560" VPOS="985" WIDTH="25"/>
						<String ID="P257_ST00121" HPOS="585" VPOS="949" WIDTH="98" HEIGHT="41" CONTENT="equal," WC="0.65" CC="643006"/>
						<SP ID="P257_SP00106" HPOS="683" VPOS="990" WIDTH="27"/>
						<String ID="P257_ST00122" HPOS="710" VPOS="951" WIDTH="32" HEIGHT="29" CONTENT="in" WC="0.73" CC="05"/>
						<SP ID="P257_SP00107" HPOS="742" VPOS="990" WIDTH="23"/>
						<String ID="P257_ST00123" HPOS="765" VPOS="949" WIDTH="115" HEIGHT="31" CONTENT="emolu" SUBS_TYPE="HypPart1" SUBS_CONTENT='emolu"' WC="0.60" CC="030676"/>
						<HYP CONTENT="-"/>
					</TextLine>
					<TextLine ID="P257_TL00016" HPOS="53" VPOS="1003" WIDTH="827" HEIGHT="37">
						<String ID="P257_ST00124" HPOS="53" VPOS="1009" WIDTH="20" HEIGHT="13" CONTENT='"' SUBS_TYPE="HypPart2" SUBS_CONTENT='emolu"' WC="0.93" CC="0"/>
						<SP ID="P257_SP00108" HPOS="73" VPOS="1022" WIDTH="16"/>
						<String ID="P257_ST00125" HPOS="89" VPOS="1008" WIDTH="94" HEIGHT="31" CONTENT="ment," WC="0.74" CC="20306"/>
						<SP ID="P257_SP00109" HPOS="183" VPOS="1039" WIDTH="17"/>
						<String ID="P257_ST00126" HPOS="200" VPOS="1008" WIDTH="33" HEIGHT="26" CONTENT="to" WC="1.00" CC="00"/>
						<SP ID="P257_SP00110" HPOS="233" VPOS="1039" WIDTH="14"/>
						<String ID="P257_ST00127" HPOS="247" VPOS="1004" WIDTH="53" HEIGHT="30" CONTENT="the" WC="1.00" CC="000"/>
						<SP ID="P257_SP00111" HPOS="300" VPOS="1039" WIDTH="16"/>
						<String ID="P257_ST00128" HPOS="316" VPOS="1003" WIDTH="99" HEIGHT="37" CONTENT="latter," WC="0.73" CC="5020037"/>
						<SP ID="P257_SP00112" HPOS="415" VPOS="1040" WIDTH="17"/>
						<String ID="P257_ST00129" HPOS="432" VPOS="1004" WIDTH="61" HEIGHT="31" CONTENT="and" WC="0.86" CC="012"/>
						<SP ID="P257_SP00113" HPOS="493" VPOS="1040" WIDTH="16"/>
						<String ID="P257_ST00130" HPOS="509" VPOS="1005" WIDTH="92" HEIGHT="30" CONTENT="much" WC="0.91" CC="3000"/>
						<SP ID="P257_SP00114" HPOS="601" VPOS="1040" WIDTH="11"/>
						<String ID="P257_ST00131" HPOS="612" VPOS="1005" WIDTH="101" HEIGHT="30" CONTENT="better" WC="0.90" CC="300002"/>
						<SP ID="P257_SP00115" HPOS="713" VPOS="1040" WIDTH="12"/>
						<String ID="P257_ST00132" HPOS="725" VPOS="1005" WIDTH="73" HEIGHT="30" CONTENT="than" WC="0.86" CC="0005"/>
						<SP ID="P257_SP00116" HPOS="798" VPOS="1040" WIDTH="15"/>
						<String ID="P257_ST00133" HPOS="813" VPOS="1005" WIDTH="67" HEIGHT="30" CONTENT="Ma" SUBS_TYPE="HypPart1" SUBS_CONTENT="Ma." WC="0.74" CC="025"/>
						<HYP CONTENT="-"/>
					</TextLine>
					<TextLine ID="P257_TL00017" HPOS="56" VPOS="1059" WIDTH="825" HEIGHT="36">
						<String ID="P257_ST00134" HPOS="56" VPOS="1090" WIDTH="2" HEIGHT="3" CONTENT="." SUBS_TYPE="HypPart2" SUBS_CONTENT="Ma." WC="1.00" CC="0"/>
						<SP ID="P257_SP00117" HPOS="58" VPOS="1093" WIDTH="30"/>
						<String ID="P257_ST00135" HPOS="88" VPOS="1069" WIDTH="65" HEIGHT="25" CONTENT="cao," WC="0.83" CC="0006"/>
						<SP ID="P257_SP00118" HPOS="153" VPOS="1094" WIDTH="27"/>
						<String ID="P257_ST00136" HPOS="180" VPOS="1059" WIDTH="52" HEIGHT="30" CONTENT="the" WC="0.95" CC="100"/>
						<SP ID="P257_SP00119" HPOS="232" VPOS="1094" WIDTH="23"/>
						<String ID="P257_ST00137" HPOS="255" VPOS="1059" WIDTH="163" HEIGHT="30" CONTENT="Governor" WC="0.96" CC="00000300"/>
						<SP ID="P257_SP00120" HPOS="418" VPOS="1094" WIDTH="20"/>
						<String ID="P257_ST00138" HPOS="438" VPOS="1059" WIDTH="37" HEIGHT="30" CONTENT="of" WC="0.50" CC="36"/>
						<SP ID="P257_SP00121" HPOS="475" VPOS="1094" WIDTH="19"/>
						<String ID="P257_ST00139" HPOS="494" VPOS="1059" WIDTH="100" HEIGHT="30" CONTENT="which" WC="0.90" CC="20002"/>
						<SP ID="P257_SP00122" HPOS="594" VPOS="1094" WIDTH="16"/>
						<String ID="P257_ST00140" HPOS="610" VPOS="1060" WIDTH="24" HEIGHT="28" CONTENT="is" WC="0.86" CC="02"/>
						<SP ID="P257_SP00123" HPOS="634" VPOS="1094" WIDTH="20"/>
						<String ID="P257_ST00141" HPOS="654" VPOS="1059" WIDTH="98" HEIGHT="30" CONTENT="under" WC="0.92" CC="00003"/>
						<SP ID="P257_SP00124" HPOS="752" VPOS="1094" WIDTH="14"/>
						<String ID="P257_ST00142" HPOS="766" VPOS="1060" WIDTH="53" HEIGHT="29" CONTENT="the" WC="0.95" CC="100"/>
						<SP ID="P257_SP00125" HPOS="819" VPOS="1094" WIDTH="16"/>
						<String ID="P257_ST00143" HPOS="835" VPOS="1070" WIDTH="46" HEIGHT="25" CONTENT="or" SUBS_TYPE="HypPart1" SUBS_CONTENT='or"' WC="0.20" CC="886"/>
						<HYP CONTENT="-"/>
					</TextLine>
					<TextLine ID="P257_TL00018" HPOS="53" VPOS="1114" WIDTH="827" HEIGHT="42">
						<String ID="P257_ST00144" HPOS="53" VPOS="1121" WIDTH="20" HEIGHT="13" CONTENT='"' SUBS_TYPE="HypPart2" SUBS_CONTENT='or"' WC="0.88" CC="1"/>
						<SP ID="P257_SP00126" HPOS="73" VPOS="1134" WIDTH="15"/>
						<String ID="P257_ST00145" HPOS="88" VPOS="1115" WIDTH="69" HEIGHT="30" CONTENT="ders" WC="0.94" CC="2000"/>
						<SP ID="P257_SP00127" HPOS="157" VPOS="1145" WIDTH="16"/>
						<String ID="P257_ST00146" HPOS="173" VPOS="1114" WIDTH="37" HEIGHT="31" CONTENT="of" WC="0.93" CC="01"/>
						<SP ID="P257_SP00128" HPOS="210" VPOS="1145" WIDTH="9"/>
						<String ID="P257_ST00147" HPOS="219" VPOS="1115" WIDTH="53" HEIGHT="30" CONTENT="the" WC="0.91" CC="020"/>
						<SP ID="P257_SP00129" HPOS="272" VPOS="1145" WIDTH="15"/>
						<String ID="P257_ST00148" HPOS="287" VPOS="1120" WIDTH="203" HEIGHT="36" CONTENT="government" WC="0.78" CC="1000046046"/>
						<SP ID="P257_SP00130" HPOS="490" VPOS="1156" WIDTH="15"/>
						<String ID="P257_ST00149" HPOS="505" VPOS="1114" WIDTH="37" HEIGHT="30" CONTENT="of" WC="0.62" CC="15"/>
						<SP ID="P257_SP00131" HPOS="542" VPOS="1156" WIDTH="10"/>
						<String ID="P257_ST00150" HPOS="552" VPOS="1114" WIDTH="78" HEIGHT="30" CONTENT="Goa." WC="0.77" CC="7010"/>
						<SP ID="P257_SP00132" HPOS="630" VPOS="1156" WIDTH="44"/>
						<String ID="P257_ST00151" HPOS="674" VPOS="1114" WIDTH="101" HEIGHT="32" CONTENT="While" WC="0.97" CC="00010"/>
						<SP ID="P257_SP00133" HPOS="775" VPOS="1156" WIDTH="17"/>
						<String ID="P257_ST00152" HPOS="792" VPOS="1115" WIDTH="16" HEIGHT="30" CONTENT="I" WC="0.71" CC="2"/>
						<SP ID="P257_SP00134" HPOS="808" VPOS="1156" WIDTH="12"/>
						<String ID="P257_ST00153" HPOS="820" VPOS="1126" WIDTH="60" HEIGHT="20" CONTENT="was" WC="0.63" CC="406"/>
					</TextLine>
					<TextLine ID="P257_TL00019" HPOS="52" VPOS="1169" WIDTH="828" HEIGHT="42">
						<String ID="P257_ST00154" HPOS="52" VPOS="1176" WIDTH="19" HEIGHT="13" CONTENT='"' WC="0.83" CC="1"/>
						<SP ID="P257_SP00135" HPOS="71" VPOS="1189" WIDTH="14"/>
						<String ID="P257_ST00155" HPOS="85" VPOS="1181" WIDTH="83" HEIGHT="30" CONTENT="gone" WC="0.80" CC="0060"/>
						<SP ID="P257_SP00136" HPOS="168" VPOS="1211" WIDTH="15"/>
						<String ID="P257_ST00156" HPOS="183" VPOS="1175" WIDTH="33" HEIGHT="26" CONTENT="to" WC="0.92" CC="01"/>
						<SP ID="P257_SP00137" HPOS="216" VPOS="1211" WIDTH="17"/>
						<String ID="P257_ST00157" HPOS="233" VPOS="1170" WIDTH="202" HEIGHT="41" CONTENT="Madagascar" WC="0.94" CC="0040100000"/>
						<SP ID="P257_SP00138" HPOS="435" VPOS="1211" WIDTH="15"/>
						<String ID="P257_ST00158" HPOS="450" VPOS="1170" WIDTH="48" HEIGHT="30" CONTENT="for" WC="0.80" CC="500"/>
						<SP ID="P257_SP00139" HPOS="498" VPOS="1211" WIDTH="14"/>
						<String ID="P257_ST00159" HPOS="512" VPOS="1180" WIDTH="56" HEIGHT="20" CONTENT="our" WC="0.84" CC="040"/>
						<SP ID="P257_SP00140" HPOS="568" VPOS="1211" WIDTH="14"/>
						<String ID="P257_ST00160" HPOS="582" VPOS="1169" WIDTH="118" HEIGHT="41" CONTENT="people," WC="0.75" CC="3000076"/>
						<SP ID="P257_SP00141" HPOS="700" VPOS="1211" WIDTH="17"/>
						<String ID="P257_ST00161" HPOS="717" VPOS="1181" WIDTH="18" HEIGHT="19" CONTENT="a" WC="1.00" CC="0"/>
						<SP ID="P257_SP00142" HPOS="735" VPOS="1211" WIDTH="14"/>
						<String ID="P257_ST00162" HPOS="749" VPOS="1180" WIDTH="131" HEIGHT="31" CONTENT="newgo" SUBS_TYPE="HypPart1" SUBS_CONTENT='newgo"' WC="0.78" CC="600006"/>
						<HYP CONTENT="-"/>
					</TextLine>
					<TextLine ID="P257_TL00020" HPOS="52" VPOS="1225" WIDTH="826" HEIGHT="41">
						<String ID="P257_ST00163" HPOS="52" VPOS="1233" WIDTH="18" HEIGHT="13" CONTENT='"' SUBS_TYPE="HypPart2" SUBS_CONTENT='newgo"' WC="0.74" CC="2"/>
						<SP ID="P257_SP00143" HPOS="70" VPOS="1246" WIDTH="16"/>
						<String ID="P257_ST00164" HPOS="86" VPOS="1236" WIDTH="110" HEIGHT="20" CONTENT="vernor" WC="0.90" CC="400100"/>
						<SP ID="P257_SP00144" HPOS="196" VPOS="1256" WIDTH="21"/>
						<String ID="P257_ST00165" HPOS="217" VPOS="1226" WIDTH="60" HEIGHT="30" CONTENT="had" WC="1.00" CC="000"/>
						<SP ID="P257_SP00145" HPOS="277" VPOS="1256" WIDTH="22"/>
						<String ID="P257_ST00166" HPOS="299" VPOS="1226" WIDTH="119" HEIGHT="30" CONTENT="arrived" WC="0.93" CC="0000400"/>
						<SP ID="P257_SP00146" HPOS="418" VPOS="1256" WIDTH="21"/>
						<String ID="P257_ST00167" HPOS="439" VPOS="1226" WIDTH="32" HEIGHT="29" CONTENT="in" WC="0.47" CC="63"/>
						<SP ID="P257_SP00147" HPOS="471" VPOS="1256" WIDTH="21"/>
						<String ID="P257_ST00168" HPOS="492" VPOS="1236" WIDTH="17" HEIGHT="20" CONTENT="a" WC="1.00" CC="0"/>
						<SP ID="P257_SP00148" HPOS="509" VPOS="1256" WIDTH="19"/>
						<String ID="P257_ST00169" HPOS="528" VPOS="1226" WIDTH="110" HEIGHT="40" CONTENT="frigate" WC="0.80" CC="0850000"/>
						<SP ID="P257_SP00149" HPOS="638" VPOS="1266" WIDTH="21"/>
						<String ID="P257_ST00170" HPOS="659" VPOS="1225" WIDTH="78" HEIGHT="31" CONTENT="from" WC="0.73" CC="0406"/>
						<SP ID="P257_SP00150" HPOS="737" VPOS="1266" WIDTH="16"/>
						<String ID="P257_ST00171" HPOS="753" VPOS="1225" WIDTH="125" HEIGHT="31" CONTENT="Lisbon." WC="0.77" CC="0150044"/>
					</TextLine>
					<TextLine ID="P257_TL00021" HPOS="51" VPOS="1282" WIDTH="828" HEIGHT="40">
						<String ID="P257_ST00172" HPOS="51" VPOS="1288" WIDTH="18" HEIGHT="13" CONTENT='"' WC="1.00" CC="0"/>
						<SP ID="P257_SP00151" HPOS="69" VPOS="1301" WIDTH="16"/>
						<String ID="P257_ST00173" HPOS="85" VPOS="1282" WIDTH="96" HEIGHT="30" CONTENT="Their" WC="0.75" CC="30018"/>
						<SP ID="P257_SP00152" HPOS="181" VPOS="1312" WIDTH="15"/>
						<String ID="P257_ST00174" HPOS="196" VPOS="1283" WIDTH="214" HEIGHT="39" CONTENT="appointment" WC="0.86" CC="00000702040"/>
						<SP ID="P257_SP00153" HPOS="410" VPOS="1322" WIDTH="14"/>
						<String ID="P257_ST00175" HPOS="424" VPOS="1283" WIDTH="25" HEIGHT="28" CONTENT="is" WC="0.80" CC="40"/>
						<SP ID="P257_SP00154" HPOS="449" VPOS="1322" WIDTH="15"/>
						<String ID="P257_ST00176" HPOS="464" VPOS="1282" WIDTH="47" HEIGHT="29" CONTENT="for" WC="0.76" CC="330"/>
						<SP ID="P257_SP00155" HPOS="511" VPOS="1322" WIDTH="15"/>
						<String ID="P257_ST00177" HPOS="526" VPOS="1282" WIDTH="86" HEIGHT="29" CONTENT="three" WC="0.99" CC="00000"/>
						<SP ID="P257_SP00156" HPOS="612" VPOS="1322" WIDTH="11"/>
						<String ID="P257_ST00178" HPOS="623" VPOS="1291" WIDTH="96" HEIGHT="31" CONTENT="years," WC="0.78" CC="400026"/>
						<SP ID="P257_SP00157" HPOS="719" VPOS="1322" WIDTH="16"/>
						<String ID="P257_ST00179" HPOS="735" VPOS="1282" WIDTH="55" HEIGHT="30" CONTENT="but" WC="1.00" CC="000"/>
						<SP ID="P257_SP00158" HPOS="790" VPOS="1322" WIDTH="15"/>
						<String ID="P257_ST00180" HPOS="805" VPOS="1282" WIDTH="74" HEIGHT="40" CONTENT="they" WC="0.80" CC="0034"/>
					</TextLine>
					<TextLine ID="P257_TL00022" HPOS="52" VPOS="1336" WIDTH="826" HEIGHT="42">
						<String ID="P257_ST00181" HPOS="52" VPOS="1344" WIDTH="19" HEIGHT="12" CONTENT='"' WC="0.82" CC="1"/>
						<SP ID="P257_SP00159" HPOS="71" VPOS="1356" WIDTH="17"/>
						<String ID="P257_ST00182" HPOS="88" VPOS="1337" WIDTH="118" HEIGHT="41" CONTENT="usually" WC="0.61" CC="7070505"/>
						<SP ID="P257_SP00160" HPOS="206" VPOS="1378" WIDTH="22"/>
						<String ID="P257_ST00183" HPOS="228" VPOS="1342" WIDTH="67" HEIGHT="36" CONTENT="stay" WC="0.90" CC="0012"/>
						<SP ID="P257_SP00161" HPOS="295" VPOS="1378" WIDTH="22"/>
						<String ID="P257_ST00184" HPOS="317" VPOS="1338" WIDTH="46" HEIGHT="29" CONTENT="six" WC="1.00" CC="000"/>
						<SP ID="P257_SP00162" HPOS="363" VPOS="1378" WIDTH="18"/>
						<String ID="P257_ST00185" HPOS="381" VPOS="1350" WIDTH="8" HEIGHT="24" CONTENT=";" WC="0.19" CC="8"/>
						<SP ID="P257_SP00163" HPOS="389" VPOS="1378" WIDTH="23"/>
						<String ID="P257_ST00186" HPOS="412" VPOS="1336" WIDTH="53" HEIGHT="31" CONTENT="the" WC="0.83" CC="050"/>
						<SP ID="P257_SP00164" HPOS="465" VPOS="1378" WIDTH="27"/>
						<String ID="P257_ST00187" HPOS="492" VPOS="1337" WIDTH="96" HEIGHT="41" CONTENT="salary" WC="0.83" CC="002016"/>
						<SP ID="P257_SP00165" HPOS="588" VPOS="1378" WIDTH="24"/>
						<String ID="P257_ST00188" HPOS="612" VPOS="1337" WIDTH="25" HEIGHT="30" CONTENT="is" WC="0.66" CC="42"/>
						<SP ID="P257_SP00166" HPOS="637" VPOS="1378" WIDTH="23"/>
						<String ID="P257_ST00189" HPOS="660" VPOS="1338" WIDTH="82" HEIGHT="29" CONTENT="fJOOO" WC="0.23" CC="88686"/>
						<SP ID="P257_SP00167" HPOS="742" VPOS="1378" WIDTH="26"/>
						<String ID="P257_ST00190" HPOS="768" VPOS="1337" WIDTH="110" HEIGHT="30" CONTENT="dollars" WC="0.83" CC="8000040"/>
					</TextLine>
					<TextLine ID="P257_TL00023" HPOS="51" VPOS="1391" WIDTH="823" HEIGHT="42">
						<String ID="P257_ST00191" HPOS="51" VPOS="1398" WIDTH="20" HEIGHT="15" CONTENT='"' WC="0.44" CC="5"/>
						<SP ID="P257_SP00168" HPOS="71" VPOS="1413" WIDTH="14"/>
						<String ID="P257_ST00192" HPOS="85" VPOS="1404" WIDTH="55" HEIGHT="29" CONTENT="per" WC="0.81" CC="500"/>
						<SP ID="P257_SP00169" HPOS="140" VPOS="1433" WIDTH="16"/>
						<String ID="P257_ST00193" HPOS="156" VPOS="1403" WIDTH="123" HEIGHT="25" CONTENT="annum," WC="0.68" CC="035027"/>
						<SP ID="P257_SP00170" HPOS="279" VPOS="1433" WIDTH="17"/>
						<String ID="P257_ST00194" HPOS="296" VPOS="1393" WIDTH="61" HEIGHT="29" CONTENT="and" WC="0.65" CC="045"/>
						<SP ID="P257_SP00171" HPOS="357" VPOS="1433" WIDTH="15"/>
						<String ID="P257_ST00195" HPOS="372" VPOS="1393" WIDTH="73" HEIGHT="40" CONTENT="they" WC="0.79" CC="0008"/>
						<SP ID="P257_SP00172" HPOS="445" VPOS="1433" WIDTH="16"/>
						<String ID="P257_ST00196" HPOS="461" VPOS="1393" WIDTH="76" HEIGHT="29" CONTENT="have" WC="0.96" CC="0010"/>
						<SP ID="P257_SP00173" HPOS="537" VPOS="1433" WIDTH="12"/>
						<String ID="P257_ST00197" HPOS="549" VPOS="1393" WIDTH="120" HEIGHT="29" CONTENT="various" WC="0.92" CC="2012000"/>
						<SP ID="P257_SP00174" HPOS="669" VPOS="1433" WIDTH="12"/>
						<String ID="P257_ST00198" HPOS="681" VPOS="1402" WIDTH="80" HEIGHT="31" CONTENT="ways" WC="0.80" CC="0080"/>
						<SP ID="P257_SP00175" HPOS="761" VPOS="1433" WIDTH="10"/>
						<String ID="P257_ST00199" HPOS="771" VPOS="1391" WIDTH="37" HEIGHT="31" CONTENT="of" WC="1.00" CC="00"/>
						<SP ID="P257_SP00176" HPOS="808" VPOS="1433" WIDTH="10"/>
						<String ID="P257_ST00200" HPOS="818" VPOS="1402" WIDTH="56" HEIGHT="20" CONTENT="ma." WC="0.71" CC="800"/>
					</TextLine>
				</TextBlock>
				<TextBlock ID="P257_TB00004" HPOS="52" VPOS="1476" WIDTH="825" HEIGHT="228" STYLEREFS="TXT_1 PAR_LEFT">
					<TextLine ID="P257_TL00024" HPOS="86" VPOS="1477" WIDTH="789" HEIGHT="33">
						<String ID="P257_ST00201" HPOS="86" VPOS="1482" WIDTH="15" HEIGHT="13" CONTENT="*" WC="1.00" CC="0"/>
						<SP ID="P257_SP00177" HPOS="101" VPOS="1495" WIDTH="19"/>
						<String ID="P257_ST00202" HPOS="120" VPOS="1479" WIDTH="72" HEIGHT="24" CONTENT="Since" WC="0.73" CC="00705"/>
						<SP ID="P257_SP00178" HPOS="192" VPOS="1503" WIDTH="18"/>
						<String ID="P257_ST00203" HPOS="210" VPOS="1478" WIDTH="101" HEIGHT="32" CONTENT="Captain" WC="0.71" CC="0031860"/>
						<SP ID="P257_SP00179" HPOS="311" VPOS="1510" WIDTH="14"/>
						<String ID="P257_ST00204" HPOS="325" VPOS="1477" WIDTH="62" HEIGHT="24" CONTENT="Dale" WC="0.98" CC="0000"/>
						<SP ID="P257_SP00180" HPOS="387" VPOS="1510" WIDTH="17"/>
						<String ID="P257_ST00205" HPOS="404" VPOS="1482" WIDTH="75" HEIGHT="19" CONTENT="wrote" WC="0.72" CC="76000"/>
						<SP ID="P257_SP00181" HPOS="479" VPOS="1510" WIDTH="17"/>
						<String ID="P257_ST00206" HPOS="496" VPOS="1477" WIDTH="38" HEIGHT="24" CONTENT="his" WC="0.49" CC="446"/>
						<SP ID="P257_SP00182" HPOS="534" VPOS="1510" WIDTH="17"/>
						<String ID="P257_ST00207" HPOS="551" VPOS="1477" WIDTH="136" HEIGHT="29" CONTENT="Narrative," WC="0.80" CC="1041001027"/>
						<SP ID="P257_SP00183" HPOS="687" VPOS="1510" WIDTH="13"/>
						<String ID="P257_ST00208" HPOS="700" VPOS="1485" WIDTH="37" HEIGHT="15" CONTENT="we" WC="0.73" CC="50"/>
						<SP ID="P257_SP00184" HPOS="737" VPOS="1510" WIDTH="16"/>
						<String ID="P257_ST00209" HPOS="753" VPOS="1477" WIDTH="61" HEIGHT="24" CONTENT="have" WC="0.79" CC="4011"/>
						<SP ID="P257_SP00185" HPOS="814" VPOS="1510" WIDTH="17"/>
						<String ID="P257_ST00210" HPOS="831" VPOS="1478" WIDTH="44" HEIGHT="23" CONTENT="ob" SUBS_TYPE="HypPart1" SUBS_CONTENT="obtained" WC="0.33" CC="586"/>
						<HYP CONTENT="-"/>
					</TextLine>
					<TextLine ID="P257_TL00025" HPOS="52" VPOS="1517" WIDTH="825" HEIGHT="33">
						<String ID="P257_ST00211" HPOS="52" VPOS="1519" WIDTH="83" HEIGHT="24" CONTENT="tained" SUBS_TYPE="HypPart2" SUBS_CONTENT="obtained" WC="0.79" CC="045002"/>
						<SP ID="P257_SP00186" HPOS="135" VPOS="1543" WIDTH="11"/>
						<String ID="P257_ST00212" HPOS="146" VPOS="1527" WIDTH="137" HEIGHT="23" CONTENT="possession" WC="0.58" CC="5075074037"/>
						<SP ID="P257_SP00187" HPOS="283" VPOS="1550" WIDTH="12"/>
						<String ID="P257_ST00213" HPOS="295" VPOS="1517" WIDTH="29" HEIGHT="24" CONTENT="of" WC="0.48" CC="46"/>
						<SP ID="P257_SP00188" HPOS="324" VPOS="1550" WIDTH="15"/>
						<String ID="P257_ST00214" HPOS="339" VPOS="1517" WIDTH="42" HEIGHT="24" CONTENT="the" WC="0.87" CC="030"/>
						<SP ID="P257_SP00189" HPOS="381" VPOS="1550" WIDTH="12"/>
						<String ID="P257_ST00215" HPOS="393" VPOS="1518" WIDTH="65" HEIGHT="31" CONTENT="Cape" WC="0.85" CC="0230"/>
						<SP ID="P257_SP00190" HPOS="458" VPOS="1550" WIDTH="11"/>
						<String ID="P257_ST00216" HPOS="469" VPOS="1517" WIDTH="30" HEIGHT="24" CONTENT="of" WC="0.65" CC="24"/>
						<SP ID="P257_SP00191" HPOS="499" VPOS="1550" WIDTH="8"/>
						<String ID="P257_ST00217" HPOS="507" VPOS="1517" WIDTH="71" HEIGHT="24" CONTENT="Good" WC="0.83" CC="2210"/>
						<SP ID="P257_SP00192" HPOS="578" VPOS="1550" WIDTH="15"/>
						<String ID="P257_ST00218" HPOS="593" VPOS="1517" WIDTH="71" HEIGHT="32" CONTENT="Hope" WC="0.78" CC="4040"/>
						<SP ID="P257_SP00193" HPOS="664" VPOS="1550" WIDTH="12"/>
						<String ID="P257_ST00219" HPOS="676" VPOS="1517" WIDTH="48" HEIGHT="24" CONTENT="and" WC="0.62" CC="037"/>
						<SP ID="P257_SP00194" HPOS="724" VPOS="1550" WIDTH="12"/>
						<String ID="P257_ST00220" HPOS="736" VPOS="1517" WIDTH="41" HEIGHT="24" CONTENT="the" WC="0.85" CC="040"/>
						<SP ID="P257_SP00195" HPOS="777" VPOS="1550" WIDTH="14"/>
						<String ID="P257_ST00221" HPOS="791" VPOS="1517" WIDTH="47" HEIGHT="24" CONTENT="Isle" WC="0.81" CC="0601"/>
						<SP ID="P257_SP00196" HPOS="838" VPOS="1550" WIDTH="12"/>
						<String ID="P257_ST00222" HPOS="850" VPOS="1517" WIDTH="27" HEIGHT="24" CONTENT="of" WC="0.66" CC="06"/>
					</TextLine>
					<TextLine ID="P257_TL00026" HPOS="53" VPOS="1556" WIDTH="821" HEIGHT="32">
						<String ID="P257_ST00223" HPOS="53" VPOS="1560" WIDTH="102" HEIGHT="27" CONTENT="France," WC="0.70" CC="5615001"/>
						<SP ID="P257_SP00197" HPOS="155" VPOS="1587" WIDTH="13"/>
						<String ID="P257_ST00224" HPOS="168" VPOS="1558" WIDTH="80" HEIGHT="24" CONTENT="which" WC="0.62" CC="74502"/>
						<SP ID="P257_SP00198" HPOS="248" VPOS="1587" WIDTH="13"/>
						<String ID="P257_ST00225" HPOS="261" VPOS="1563" WIDTH="65" HEIGHT="19" CONTENT="must" WC="0.55" CC="0745"/>
						<SP ID="P257_SP00199" HPOS="326" VPOS="1587" WIDTH="12"/>
						<String ID="P257_ST00226" HPOS="338" VPOS="1558" WIDTH="60" HEIGHT="23" CONTENT="have" WC="0.71" CC="5060"/>
						<SP ID="P257_SP00200" HPOS="398" VPOS="1587" WIDTH="17"/>
						<String ID="P257_ST00227" HPOS="415" VPOS="1557" WIDTH="106" HEIGHT="24" CONTENT="afforded" WC="0.60" CC="07736600"/>
						<SP ID="P257_SP00201" HPOS="521" VPOS="1587" WIDTH="17"/>
						<String ID="P257_ST00228" HPOS="538" VPOS="1561" WIDTH="68" HEIGHT="27" CONTENT="great" WC="0.90" CC="00004"/>
						<SP ID="P257_SP00202" HPOS="606" VPOS="1588" WIDTH="11"/>
						<String ID="P257_ST00229" HPOS="617" VPOS="1556" WIDTH="110" HEIGHT="24" CONTENT="facilities" WC="0.61" CC="7116070405"/>
						<SP ID="P257_SP00203" HPOS="727" VPOS="1588" WIDTH="10"/>
						<String ID="P257_ST00230" HPOS="737" VPOS="1557" WIDTH="38" HEIGHT="24" CONTENT="for" WC="0.65" CC="333"/>
						<SP ID="P257_SP00204" HPOS="775" VPOS="1588" WIDTH="11"/>
						<String ID="P257_ST00231" HPOS="786" VPOS="1557" WIDTH="41" HEIGHT="24" CONTENT="the" WC="0.76" CC="420"/>
						<SP ID="P257_SP00205" HPOS="827" VPOS="1588" WIDTH="11"/>
						<String ID="P257_ST00232" HPOS="838" VPOS="1562" WIDTH="36" HEIGHT="20" CONTENT="at" SUBS_TYPE="HypPart1" SUBS_CONTENT="attainment" WC="0.52" CC="436"/>
						<HYP CONTENT="-"/>
					</TextLine>
					<TextLine ID="P257_TL00027" HPOS="52" VPOS="1596" WIDTH="822" HEIGHT="33">
						<String ID="P257_ST00233" HPOS="52" VPOS="1599" WIDTH="118" HEIGHT="23" CONTENT="tainment" SUBS_TYPE="HypPart2" SUBS_CONTENT="attainment" WC="0.74" CC="15700060"/>
						<SP ID="P257_SP00206" HPOS="170" VPOS="1622" WIDTH="13"/>
						<String ID="P257_ST00234" HPOS="183" VPOS="1598" WIDTH="29" HEIGHT="23" CONTENT="of" WC="0.83" CC="03"/>
						<SP ID="P257_SP00207" HPOS="212" VPOS="1622" WIDTH="8"/>
						<String ID="P257_ST00235" HPOS="220" VPOS="1597" WIDTH="41" HEIGHT="24" CONTENT="the" WC="0.58" CC="560"/>
						<SP ID="P257_SP00208" HPOS="261" VPOS="1622" WIDTH="12"/>
						<String ID="P257_ST00236" HPOS="273" VPOS="1597" WIDTH="91" HEIGHT="32" CONTENT="objects" WC="0.75" CC="4740000"/>
						<SP ID="P257_SP00209" HPOS="364" VPOS="1629" WIDTH="11"/>
						<String ID="P257_ST00237" HPOS="375" VPOS="1597" WIDTH="31" HEIGHT="24" CONTENT="he" WC="0.78" CC="40"/>
						<SP ID="P257_SP00210" HPOS="406" VPOS="1629" WIDTH="11"/>
						<String ID="P257_ST00238" HPOS="417" VPOS="1597" WIDTH="121" HEIGHT="24" CONTENT="mentions" WC="0.70" CC="50606121"/>
						<SP ID="P257_SP00211" HPOS="538" VPOS="1629" WIDTH="11"/>
						<String ID="P257_ST00239" HPOS="549" VPOS="1606" WIDTH="7" HEIGHT="20" CONTENT=";" WC="0.27" CC="7"/>
						<SP ID="P257_SP00212" HPOS="556" VPOS="1629" WIDTH="20"/>
						<String ID="P257_ST00240" HPOS="576" VPOS="1596" WIDTH="56" HEIGHT="27" CONTENT="and," WC="0.61" CC="1760"/>
						<SP ID="P257_SP00213" HPOS="632" VPOS="1629" WIDTH="12"/>
						<String ID="P257_ST00241" HPOS="644" VPOS="1605" WIDTH="32" HEIGHT="15" CONTENT="no" WC="0.64" CC="70"/>
						<SP ID="P257_SP00214" HPOS="676" VPOS="1629" WIDTH="12"/>
						<String ID="P257_ST00242" HPOS="688" VPOS="1596" WIDTH="83" HEIGHT="29" CONTENT="dou!'t," WC="0.58" CC="6108704"/>
						<SP ID="P257_SP00215" HPOS="771" VPOS="1629" WIDTH="13"/>
						<String ID="P257_ST00243" HPOS="784" VPOS="1597" WIDTH="90" HEIGHT="24" CONTENT="advan" SUBS_TYPE="HypPart1" SUBS_CONTENT="advantage" WC="0.72" CC="700062"/>
						<HYP CONTENT="-"/>
					</TextLine>
					<TextLine ID="P257_TL00028" HPOS="52" VPOS="1637" WIDTH="821" HEIGHT="33">
						<String ID="P257_ST00244" HPOS="52" VPOS="1644" WIDTH="55" HEIGHT="26" CONTENT="tage" SUBS_TYPE="HypPart2" SUBS_CONTENT="advantage" WC="0.74" CC="4221"/>
						<SP ID="P257_SP00216" HPOS="107" VPOS="1670" WIDTH="13"/>
						<String ID="P257_ST00245" HPOS="120" VPOS="1639" WIDTH="47" HEIGHT="23" CONTENT="will" WC="0.69" CC="3205"/>
						<SP ID="P257_SP00217" HPOS="167" VPOS="1670" WIDTH="14"/>
						<String ID="P257_ST00246" HPOS="181" VPOS="1638" WIDTH="62" HEIGHT="24" CONTENT="have" WC="0.77" CC="2060"/>
						<SP ID="P257_SP00218" HPOS="243" VPOS="1670" WIDTH="12"/>
						<String ID="P257_ST00247" HPOS="255" VPOS="1639" WIDTH="61" HEIGHT="23" CONTENT="been" WC="0.80" CC="0008"/>
						<SP ID="P257_SP00219" HPOS="316" VPOS="1670" WIDTH="12"/>
						<String ID="P257_ST00248" HPOS="328" VPOS="1637" WIDTH="73" HEIGHT="26" CONTENT="taken" WC="0.71" CC="05106"/>
						<SP ID="P257_SP00220" HPOS="401" VPOS="1670" WIDTH="10"/>
						<String ID="P257_ST00249" HPOS="411" VPOS="1643" WIDTH="26" HEIGHT="19" CONTENT="to" WC="0.91" CC="01"/>
						<SP ID="P257_SP00221" HPOS="437" VPOS="1670" WIDTH="8"/>
						<String ID="P257_ST00250" HPOS="445" VPOS="1637" WIDTH="145" HEIGHT="32" CONTENT="investigate" WC="0.70" CC="63006501540"/>
						<SP ID="P257_SP00222" HPOS="590" VPOS="1670" WIDTH="8"/>
						<String ID="P257_ST00251" HPOS="598" VPOS="1637" WIDTH="42" HEIGHT="23" CONTENT="the" WC="0.79" CC="050"/>
						<SP ID="P257_SP00223" HPOS="640" VPOS="1670" WIDTH="12"/>
						<String ID="P257_ST00252" HPOS="652" VPOS="1637" WIDTH="130" HEIGHT="32" CONTENT="important" WC="0.59" CC="616070544"/>
						<SP ID="P257_SP00224" HPOS="782" VPOS="1670" WIDTH="11"/>
						<String ID="P257_ST00253" HPOS="793" VPOS="1637" WIDTH="80" HEIGHT="33" CONTENT='point"' WC="0.58" CC="624047"/>
					</TextLine>
					<TextLine ID="P257_TL00029" HPOS="52" VPOS="1679" WIDTH="325" HEIGHT="25">
						<String ID="P257_ST00254" HPOS="52" VPOS="1680" WIDTH="31" HEIGHT="24" CONTENT="he" WC="0.72" CC="50"/>
						<SP ID="P257_SP00225" HPOS="83" VPOS="1704" WIDTH="11"/>
						<String ID="P257_ST00255" HPOS="94" VPOS="1679" WIDTH="92" HEIGHT="25" CONTENT="alludes" WC="0.58" CC="7066224"/>
						<SP ID="P257_SP00226" HPOS="186" VPOS="1704" WIDTH="12"/>
						<String ID="P257_ST00256" HPOS="198" VPOS="1684" WIDTH="32" HEIGHT="20" CONTENT="to." WC="0.90" CC="020"/>
						<SP ID="P257_SP00227" HPOS="230" VPOS="1704" WIDTH="36"/>
						<String ID="P257_ST00257" HPOS="266" VPOS="1679" WIDTH="111" HEIGHT="24" CONTENT="Editor." WC="0.46" CC="6355636"/>
					</TextLine>
				</TextBlock>
			</PrintSpace>
		</Page>
	</Layout>
</alto>
