<?xml version="1.0" encoding="UTF-8"?>
<alto xmlns:xsi="http://www.w3.org/2001/XMLSchema-instance" xsi:noNamespaceSchemaLocation="http://www.bl.uk/schemas/alto/alto-1-4.xsd" xmlns:xlink="http://www.w3.org/1999/xlink">
	<Description>
		<MeasurementUnit>mm10</MeasurementUnit>
		<sourceImageInformation>
			<fileName>//head1/IN/2008-12/A0011363537/007211.jp2</fileName>
		</sourceImageInformation>
		<OCRProcessing ID="OCRPROCESSING_1">
			<preProcessingStep>
				<processingSoftware>
					<softwareCreator>CCS Content Conversion Specialists GmbH, Germany</softwareCreator>
					<softwareName>CCS docWORKS</softwareName>
					<softwareVersion>6.1-0.67</softwareVersion>
				</processingSoftware>
			</preProcessingStep>
			<ocrProcessingStep>
				<processingSoftware>
					<softwareCreator>ABBYY (BIT Software), Russia</softwareCreator>
					<softwareName>Finereader</softwareName>
				</processingSoftware>
			</ocrProcessingStep>
		</OCRProcessing>
	</Description>
	<Styles>
		<TextStyle ID="TXT_0" FONTSIZE="10" FONTFAMILY="Courier New"/>
		<TextStyle ID="TXT_1" FONTSIZE="9" FONTFAMILY="Courier New"/>
		<ParagraphStyle ID="PAR_LEFT" ALIGN="Left"/>
	</Styles>
	<Layout>
		<Page ID="P159" PHYSICAL_IMG_NR="159" HEIGHT="1931" WIDTH="1150" PRINTED_IMG_NR="131" POSITION="Right" ACCURACY="72.61">
			<TopMargin ID="P159_TM00001" HPOS="0" VPOS="0" WIDTH="1149" HEIGHT="163">
				<TextBlock ID="P159_TB00001" HPOS="415" VPOS="132" WIDTH="60" HEIGHT="29" STYLEREFS="TXT_0 PAR_LEFT">
					<TextLine ID="P159_TL00001" HPOS="416" VPOS="133" WIDTH="59" HEIGHT="28">
						<String ID="P159_ST00001" HPOS="416" VPOS="133" WIDTH="59" HEIGHT="28" CONTENT="131" WC="0.60" CC="470"/>
					</TextLine>
				</TextBlock>
			</TopMargin>
			<LeftMargin ID="P159_LM00001" HPOS="0" VPOS="163" WIDTH="28" HEIGHT="1509"/>
			<RightMargin ID="P159_RM00001" HPOS="861" VPOS="163" WIDTH="288" HEIGHT="1509"/>
			<BottomMargin ID="P159_BM00001" HPOS="0" VPOS="1672" WIDTH="1149" HEIGHT="259"/>
			<PrintSpace ID="P159_PS00001" HPOS="28" VPOS="163" WIDTH="833" HEIGHT="1509">
				<TextBlock ID="P159_TB00002" HPOS="34" VPOS="215" WIDTH="822" HEIGHT="483" STYLEREFS="TXT_1 PAR_LEFT">
					<TextLine ID="P159_TL00002" HPOS="35" VPOS="216" WIDTH="821" HEIGHT="36">
						<String ID="P159_ST00002" HPOS="35" VPOS="216" WIDTH="79" HEIGHT="29" CONTENT="been" WC="0.94" CC="0002"/>
						<SP ID="P159_SP00001" HPOS="114" VPOS="245" WIDTH="26"/>
						<String ID="P159_ST00003" HPOS="140" VPOS="217" WIDTH="31" HEIGHT="27" CONTENT="in" WC="0.75" CC="04"/>
						<SP ID="P159_SP00002" HPOS="171" VPOS="245" WIDTH="24"/>
						<String ID="P159_ST00004" HPOS="195" VPOS="225" WIDTH="83" HEIGHT="21" CONTENT="some" WC="0.45" CC="2882"/>
						<SP ID="P159_SP00003" HPOS="278" VPOS="246" WIDTH="26"/>
						<String ID="P159_ST00005" HPOS="304" VPOS="227" WIDTH="92" HEIGHT="25" CONTENT="cases," WC="0.82" CC="003007"/>
						<SP ID="P159_SP00004" HPOS="396" VPOS="252" WIDTH="23"/>
						<String ID="P159_ST00006" HPOS="419" VPOS="222" WIDTH="31" HEIGHT="24" CONTENT="at" WC="1.00" CC="00"/>
						<SP ID="P159_SP00005" HPOS="450" VPOS="252" WIDTH="28"/>
						<String ID="P159_ST00007" HPOS="478" VPOS="216" WIDTH="84" HEIGHT="35" CONTENT="least," WC="0.74" CC="005206"/>
						<SP ID="P159_SP00006" HPOS="562" VPOS="252" WIDTH="24"/>
						<String ID="P159_ST00008" HPOS="586" VPOS="217" WIDTH="108" HEIGHT="34" CONTENT="better," WC="0.89" CC="0000024"/>
						<SP ID="P159_SP00007" HPOS="694" VPOS="252" WIDTH="25"/>
						<String ID="P159_ST00009" HPOS="719" VPOS="217" WIDTH="66" HEIGHT="31" CONTENT="that" WC="0.55" CC="3760"/>
						<SP ID="P159_SP00008" HPOS="785" VPOS="252" WIDTH="23"/>
						<String ID="P159_ST00010" HPOS="808" VPOS="228" WIDTH="48" HEIGHT="21" CONTENT="na" SUBS_TYPE="HypPart1" SUBS_CONTENT="nature" WC="0.58" CC="065"/>
						<HYP CONTENT="-"/>
					</TextLine>
					<TextLine ID="P159_TL00003" HPOS="35" VPOS="271" WIDTH="821" HEIGHT="43">
						<String ID="P159_ST00011" HPOS="35" VPOS="276" WIDTH="68" HEIGHT="25" CONTENT="ture" SUBS_TYPE="HypPart2" SUBS_CONTENT="nature" WC="0.76" CC="0602"/>
						<SP ID="P159_SP00009" HPOS="103" VPOS="301" WIDTH="23"/>
						<String ID="P159_ST00012" HPOS="126" VPOS="271" WIDTH="59" HEIGHT="29" CONTENT="had" WC="0.78" CC="140"/>
						<SP ID="P159_SP00010" HPOS="185" VPOS="301" WIDTH="22"/>
						<String ID="P159_ST00013" HPOS="207" VPOS="272" WIDTH="80" HEIGHT="29" CONTENT="been" WC="0.67" CC="5007"/>
						<SP ID="P159_SP00011" HPOS="287" VPOS="301" WIDTH="22"/>
						<String ID="P159_ST00014" HPOS="309" VPOS="272" WIDTH="126" HEIGHT="30" CONTENT="allowed" WC="0.44" CC="5887702"/>
						<SP ID="P159_SP00012" HPOS="435" VPOS="302" WIDTH="14"/>
						<String ID="P159_ST00015" HPOS="449" VPOS="276" WIDTH="34" HEIGHT="25" CONTENT="to" WC="1.00" CC="00"/>
						<SP ID="P159_SP00013" HPOS="483" VPOS="302" WIDTH="14"/>
						<String ID="P159_ST00016" HPOS="497" VPOS="271" WIDTH="70" HEIGHT="30" CONTENT="take" WC="0.86" CC="0500"/>
						<SP ID="P159_SP00014" HPOS="567" VPOS="302" WIDTH="22"/>
						<String ID="P159_ST00017" HPOS="589" VPOS="282" WIDTH="38" HEIGHT="19" CONTENT="an" WC="0.64" CC="07"/>
						<SP ID="P159_SP00015" HPOS="627" VPOS="302" WIDTH="24"/>
						<String ID="P159_ST00018" HPOS="651" VPOS="272" WIDTH="205" HEIGHT="42" CONTENT="uninterrupt" SUBS_TYPE="HypPart1" SUBS_CONTENT="uninterrupted" WC="0.78" CC="050200522005"/>
						<HYP CONTENT="-"/>
					</TextLine>
					<TextLine ID="P159_TL00004" HPOS="36" VPOS="327" WIDTH="820" HEIGHT="38">
						<String ID="P159_ST00019" HPOS="36" VPOS="327" WIDTH="38" HEIGHT="29" CONTENT="ed" SUBS_TYPE="HypPart2" SUBS_CONTENT="uninterrupted" WC="0.60" CC="43"/>
						<SP ID="P159_SP00016" HPOS="74" VPOS="356" WIDTH="26"/>
						<String ID="P159_ST00020" HPOS="100" VPOS="337" WIDTH="118" HEIGHT="21" CONTENT="course." WC="0.72" CC="0406107"/>
						<SP ID="P159_SP00017" HPOS="218" VPOS="358" WIDTH="37"/>
						<String ID="P159_ST00021" HPOS="255" VPOS="327" WIDTH="60" HEIGHT="31" CONTENT="For" WC="0.64" CC="640"/>
						<SP ID="P159_SP00018" HPOS="315" VPOS="358" WIDTH="19"/>
						<String ID="P159_ST00022" HPOS="334" VPOS="328" WIDTH="46" HEIGHT="30" CONTENT="six" WC="0.75" CC="700"/>
						<SP ID="P159_SP00019" HPOS="380" VPOS="358" WIDTH="17"/>
						<String ID="P159_ST00023" HPOS="397" VPOS="328" WIDTH="98" HEIGHT="30" CONTENT="weeks" WC="0.59" CC="70805"/>
						<SP ID="P159_SP00020" HPOS="495" VPOS="358" WIDTH="26"/>
						<String ID="P159_ST00024" HPOS="521" VPOS="327" WIDTH="78" HEIGHT="31" CONTENT="after" WC="0.84" CC="04002"/>
						<SP ID="P159_SP00021" HPOS="599" VPOS="358" WIDTH="22"/>
						<String ID="P159_ST00025" HPOS="621" VPOS="338" WIDTH="58" HEIGHT="20" CONTENT="our" WC="0.60" CC="803"/>
						<SP ID="P159_SP00022" HPOS="679" VPOS="358" WIDTH="21"/>
						<String ID="P159_ST00026" HPOS="700" VPOS="329" WIDTH="116" HEIGHT="36" CONTENT="arrival," WC="0.69" CC="00642055"/>
						<SP ID="P159_SP00023" HPOS="816" VPOS="365" WIDTH="24"/>
						<String ID="P159_ST00027" HPOS="840" VPOS="341" WIDTH="16" HEIGHT="19" CONTENT="a" WC="0.87" CC="1"/>
					</TextLine>
					<TextLine ID="P159_TL00005" HPOS="36" VPOS="382" WIDTH="820" HEIGHT="44">
						<String ID="P159_ST00028" HPOS="36" VPOS="382" WIDTH="146" HEIGHT="31" CONTENT="tolerable" WC="0.79" CC="347002010"/>
						<SP ID="P159_SP00024" HPOS="182" VPOS="413" WIDTH="25"/>
						<String ID="P159_ST00029" HPOS="207" VPOS="383" WIDTH="112" HEIGHT="41" CONTENT="degree" WC="0.97" CC="000100"/>
						<SP ID="P159_SP00025" HPOS="319" VPOS="424" WIDTH="23"/>
						<String ID="P159_ST00030" HPOS="342" VPOS="384" WIDTH="36" HEIGHT="30" CONTENT="of" WC="0.66" CC="15"/>
						<SP ID="P159_SP00026" HPOS="378" VPOS="424" WIDTH="16"/>
						<String ID="P159_ST00031" HPOS="394" VPOS="384" WIDTH="103" HEIGHT="31" CONTENT="health" WC="0.83" CC="600004"/>
						<SP ID="P159_SP00027" HPOS="497" VPOS="424" WIDTH="14"/>
						<String ID="P159_ST00032" HPOS="511" VPOS="393" WIDTH="60" HEIGHT="21" CONTENT="was" WC="0.87" CC="300"/>
						<SP ID="P159_SP00028" HPOS="571" VPOS="424" WIDTH="15"/>
						<String ID="P159_ST00033" HPOS="586" VPOS="383" WIDTH="155" HEIGHT="41" CONTENT="generally" WC="0.73" CC="044000417"/>
						<SP ID="P159_SP00029" HPOS="741" VPOS="424" WIDTH="15"/>
						<String ID="P159_ST00034" HPOS="756" VPOS="385" WIDTH="100" HEIGHT="41" CONTENT="enjoy" SUBS_TYPE="HypPart1" SUBS_CONTENT="enjoyed" WC="0.74" CC="013154"/>
						<HYP CONTENT="-"/>
					</TextLine>
					<TextLine ID="P159_TL00006" HPOS="35" VPOS="438" WIDTH="821" HEIGHT="43">
						<String ID="P159_ST00035" HPOS="35" VPOS="438" WIDTH="38" HEIGHT="29" CONTENT="ed" SUBS_TYPE="HypPart2" SUBS_CONTENT="enjoyed" WC="0.95" CC="01"/>
						<SP ID="P159_SP00030" HPOS="73" VPOS="467" WIDTH="12"/>
						<String ID="P159_ST00036" HPOS="85" VPOS="451" WIDTH="9" HEIGHT="24" CONTENT=";" WC="0.20" CC="7"/>
						<SP ID="P159_SP00031" HPOS="94" VPOS="475" WIDTH="24"/>
						<String ID="P159_ST00037" HPOS="118" VPOS="439" WIDTH="61" HEIGHT="30" CONTENT="and" WC="0.41" CC="683"/>
						<SP ID="P159_SP00032" HPOS="179" VPOS="475" WIDTH="26"/>
						<String ID="P159_ST00038" HPOS="205" VPOS="439" WIDTH="24" HEIGHT="31" CONTENT="it" WC="0.85" CC="20"/>
						<SP ID="P159_SP00033" HPOS="229" VPOS="475" WIDTH="23"/>
						<String ID="P159_ST00039" HPOS="252" VPOS="450" WIDTH="60" HEIGHT="19" CONTENT="was" WC="0.65" CC="720"/>
						<SP ID="P159_SP00034" HPOS="312" VPOS="475" WIDTH="26"/>
						<String ID="P159_ST00040" HPOS="338" VPOS="440" WIDTH="145" HEIGHT="41" CONTENT="probably" WC="0.70" CC="06500057"/>
						<SP ID="P159_SP00035" HPOS="483" VPOS="481" WIDTH="26"/>
						<String ID="P159_ST00041" HPOS="509" VPOS="440" WIDTH="78" HEIGHT="30" CONTENT="from" WC="0.52" CC="7207"/>
						<SP ID="P159_SP00036" HPOS="587" VPOS="481" WIDTH="23"/>
						<String ID="P159_ST00042" HPOS="610" VPOS="439" WIDTH="52" HEIGHT="31" CONTENT="the" WC="0.62" CC="550"/>
						<SP ID="P159_SP00037" HPOS="662" VPOS="481" WIDTH="28"/>
						<String ID="P159_ST00043" HPOS="690" VPOS="440" WIDTH="166" HEIGHT="31" CONTENT="continued" WC="0.79" CC="008041500"/>
					</TextLine>
					<TextLine ID="P159_TL00007" HPOS="35" VPOS="495" WIDTH="821" HEIGHT="39">
						<String ID="P159_ST00044" HPOS="35" VPOS="495" WIDTH="160" HEIGHT="39" CONTENT="operation" WC="0.78" CC="030052206"/>
						<SP ID="P159_SP00038" HPOS="195" VPOS="534" WIDTH="15"/>
						<String ID="P159_ST00045" HPOS="210" VPOS="495" WIDTH="37" HEIGHT="30" CONTENT="of" WC="0.58" CC="43"/>
						<SP ID="P159_SP00039" HPOS="247" VPOS="534" WIDTH="10"/>
						<String ID="P159_ST00046" HPOS="257" VPOS="505" WIDTH="83" HEIGHT="20" CONTENT="some" WC="0.81" CC="5010"/>
						<SP ID="P159_SP00040" HPOS="340" VPOS="534" WIDTH="16"/>
						<String ID="P159_ST00047" HPOS="356" VPOS="496" WIDTH="37" HEIGHT="29" CONTENT="of" WC="0.78" CC="04"/>
						<SP ID="P159_SP00041" HPOS="393" VPOS="534" WIDTH="6"/>
						<String ID="P159_ST00048" HPOS="399" VPOS="496" WIDTH="52" HEIGHT="30" CONTENT="the" WC="0.72" CC="070"/>
						<SP ID="P159_SP00042" HPOS="451" VPOS="534" WIDTH="14"/>
						<String ID="P159_ST00049" HPOS="465" VPOS="506" WIDTH="104" HEIGHT="20" CONTENT="causes" WC="0.96" CC="000200"/>
						<SP ID="P159_SP00043" HPOS="569" VPOS="534" WIDTH="13"/>
						<String ID="P159_ST00050" HPOS="582" VPOS="496" WIDTH="184" HEIGHT="35" CONTENT="mentioned," WC="0.70" CC="3230063073"/>
						<SP ID="P159_SP00044" HPOS="766" VPOS="534" WIDTH="12"/>
						<String ID="P159_ST00051" HPOS="778" VPOS="505" WIDTH="78" HEIGHT="21" CONTENT="com" SUBS_TYPE="HypPart1" SUBS_CONTENT="combined" WC="0.67" CC="0075"/>
						<HYP CONTENT="-"/>
					</TextLine>
					<TextLine ID="P159_TL00008" HPOS="35" VPOS="549" WIDTH="821" HEIGHT="40">
						<String ID="P159_ST00052" HPOS="35" VPOS="549" WIDTH="93" HEIGHT="30" CONTENT="bined" SUBS_TYPE="HypPart2" SUBS_CONTENT="combined" WC="0.79" CC="05103"/>
						<SP ID="P159_SP00045" HPOS="128" VPOS="579" WIDTH="15"/>
						<String ID="P159_ST00053" HPOS="143" VPOS="550" WIDTH="73" HEIGHT="29" CONTENT="with" WC="0.78" CC="0602"/>
						<SP ID="P159_SP00046" HPOS="216" VPOS="579" WIDTH="17"/>
						<String ID="P159_ST00054" HPOS="233" VPOS="549" WIDTH="52" HEIGHT="29" CONTENT="the" WC="1.00" CC="000"/>
						<SP ID="P159_SP00047" HPOS="285" VPOS="579" WIDTH="19"/>
						<String ID="P159_ST00055" HPOS="304" VPOS="550" WIDTH="172" HEIGHT="39" CONTENT="increasing" WC="0.77" CC="3300000660"/>
						<SP ID="P159_SP00048" HPOS="476" VPOS="589" WIDTH="26"/>
						<String ID="P159_ST00056" HPOS="502" VPOS="550" WIDTH="227" HEIGHT="31" CONTENT="unhealthiness" WC="0.66" CC="4350530565004"/>
						<SP ID="P159_SP00049" HPOS="729" VPOS="589" WIDTH="24"/>
						<String ID="P159_ST00057" HPOS="753" VPOS="551" WIDTH="37" HEIGHT="29" CONTENT="of" WC="0.56" CC="62"/>
						<SP ID="P159_SP00050" HPOS="790" VPOS="589" WIDTH="16"/>
						<String ID="P159_ST00058" HPOS="806" VPOS="551" WIDTH="50" HEIGHT="30" CONTENT="the" WC="0.74" CC="070"/>
					</TextLine>
					<TextLine ID="P159_TL00009" HPOS="35" VPOS="603" WIDTH="821" HEIGHT="41">
						<String ID="P159_ST00059" HPOS="35" VPOS="603" WIDTH="120" HEIGHT="30" CONTENT="climate" WC="0.93" CC="0400000"/>
						<SP ID="P159_SP00051" HPOS="155" VPOS="633" WIDTH="20"/>
						<String ID="P159_ST00060" HPOS="175" VPOS="614" WIDTH="32" HEIGHT="19" CONTENT="as" WC="0.89" CC="02"/>
						<SP ID="P159_SP00052" HPOS="207" VPOS="633" WIDTH="24"/>
						<String ID="P159_ST00061" HPOS="231" VPOS="603" WIDTH="55" HEIGHT="31" CONTENT="the" WC="0.76" CC="700"/>
						<SP ID="P159_SP00053" HPOS="286" VPOS="634" WIDTH="23"/>
						<String ID="P159_ST00062" HPOS="309" VPOS="604" WIDTH="86" HEIGHT="40" CONTENT="rainy" WC="0.59" CC="62055"/>
						<SP ID="P159_SP00054" HPOS="395" VPOS="644" WIDTH="25"/>
						<String ID="P159_ST00063" HPOS="420" VPOS="614" WIDTH="106" HEIGHT="20" CONTENT="season" WC="0.85" CC="000008"/>
						<SP ID="P159_SP00055" HPOS="526" VPOS="644" WIDTH="16"/>
						<String ID="P159_ST00064" HPOS="542" VPOS="604" WIDTH="166" HEIGHT="37" CONTENT="advanced," WC="0.82" CC="000160006"/>
						<SP ID="P159_SP00056" HPOS="708" VPOS="644" WIDTH="17"/>
						<String ID="P159_ST00065" HPOS="725" VPOS="605" WIDTH="66" HEIGHT="31" CONTENT="that" WC="0.72" CC="7300"/>
						<SP ID="P159_SP00057" HPOS="791" VPOS="644" WIDTH="13"/>
						<String ID="P159_ST00066" HPOS="804" VPOS="606" WIDTH="52" HEIGHT="30" CONTENT="the" WC="0.96" CC="010"/>
					</TextLine>
					<TextLine ID="P159_TL00010" HPOS="35" VPOS="658" WIDTH="348" HEIGHT="40">
						<String ID="P159_ST00067" HPOS="35" VPOS="658" WIDTH="72" HEIGHT="30" CONTENT="fatal" WC="0.65" CC="70045"/>
						<SP ID="P159_SP00058" HPOS="107" VPOS="688" WIDTH="17"/>
						<String ID="P159_ST00068" HPOS="124" VPOS="658" WIDTH="118" HEIGHT="40" CONTENT="change" WC="0.80" CC="000830"/>
						<SP ID="P159_SP00059" HPOS="242" VPOS="698" WIDTH="16"/>
						<String ID="P159_ST00069" HPOS="258" VPOS="659" WIDTH="125" HEIGHT="31" CONTENT="ensued." WC="0.73" CC="6008020"/>
					</TextLine>
				</TextBlock>
				<TextBlock ID="P159_TB00003" HPOS="33" VPOS="714" WIDTH="828" HEIGHT="754" STYLEREFS="TXT_1 PAR_LEFT">
					<TextLine ID="P159_TL00011" HPOS="76" VPOS="714" WIDTH="780" HEIGHT="41">
						<String ID="P159_ST00070" HPOS="76" VPOS="714" WIDTH="200" HEIGHT="30" CONTENT="Productions" WC="0.75" CC="72700500500"/>
						<SP ID="P159_SP00060" HPOS="276" VPOS="744" WIDTH="15"/>
						<String ID="P159_ST00071" HPOS="291" VPOS="714" WIDTH="121" HEIGHT="30" CONTENT="Animal" WC="0.96" CC="100000"/>
						<SP ID="P159_SP00061" HPOS="412" VPOS="744" WIDTH="12"/>
						<String ID="P159_ST00072" HPOS="424" VPOS="716" WIDTH="61" HEIGHT="29" CONTENT="and" WC="0.97" CC="000"/>
						<SP ID="P159_SP00062" HPOS="485" VPOS="745" WIDTH="17"/>
						<String ID="P159_ST00073" HPOS="502" VPOS="715" WIDTH="163" HEIGHT="39" CONTENT="Vegetable." WC="0.71" CC="1007503035"/>
						<String ID="P159_ST00074" HPOS="668" VPOS="734" WIDTH="37" HEIGHT="5" CONTENT="—" WC="0.20" CC="8"/>
						<String ID="P159_ST00075" HPOS="705" VPOS="715" WIDTH="72" HEIGHT="30" CONTENT="'Our" WC="0.52" CC="6704"/>
						<SP ID="P159_SP00063" HPOS="777" VPOS="754" WIDTH="15"/>
						<String ID="P159_ST00076" HPOS="792" VPOS="725" WIDTH="64" HEIGHT="30" CONTENT="per" SUBS_TYPE="HypPart1" SUBS_CONTENT="personal" WC="0.74" CC="0063"/>
						<HYP CONTENT="-"/>
					</TextLine>
					<TextLine ID="P159_TL00012" HPOS="34" VPOS="770" WIDTH="827" HEIGHT="41">
						<String ID="P159_ST00077" HPOS="34" VPOS="770" WIDTH="84" HEIGHT="30" CONTENT="sonal" SUBS_TYPE="HypPart2" SUBS_CONTENT="personal" WC="0.54" CC="30845"/>
						<SP ID="P159_SP00064" HPOS="118" VPOS="800" WIDTH="16"/>
						<String ID="P159_ST00078" HPOS="134" VPOS="771" WIDTH="192" HEIGHT="30" CONTENT="observation" WC="0.84" CC="00004100037"/>
						<SP ID="P159_SP00065" HPOS="326" VPOS="801" WIDTH="15"/>
						<String ID="P159_ST00079" HPOS="341" VPOS="781" WIDTH="40" HEIGHT="20" CONTENT="on" WC="0.75" CC="04"/>
						<SP ID="P159_SP00066" HPOS="381" VPOS="801" WIDTH="13"/>
						<String ID="P159_ST00080" HPOS="394" VPOS="771" WIDTH="84" HEIGHT="30" CONTENT="these" WC="0.88" CC="05000"/>
						<SP ID="P159_SP00067" HPOS="478" VPOS="801" WIDTH="15"/>
						<String ID="P159_ST00081" HPOS="493" VPOS="772" WIDTH="101" HEIGHT="39" CONTENT="points" WC="0.62" CC="406830"/>
						<SP ID="P159_SP00068" HPOS="594" VPOS="811" WIDTH="17"/>
						<String ID="P159_ST00082" HPOS="611" VPOS="771" WIDTH="113" HEIGHT="40" CONTENT="having" WC="0.43" CC="083767"/>
						<SP ID="P159_SP00069" HPOS="724" VPOS="811" WIDTH="11"/>
						<String ID="P159_ST00083" HPOS="735" VPOS="772" WIDTH="78" HEIGHT="30" CONTENT="been" WC="0.89" CC="0004"/>
						<SP ID="P159_SP00070" HPOS="813" VPOS="811" WIDTH="12"/>
						<String ID="P159_ST00084" HPOS="825" VPOS="772" WIDTH="36" HEIGHT="30" CONTENT="of" WC="0.52" CC="44"/>
					</TextLine>
					<TextLine ID="P159_TL00013" HPOS="33" VPOS="825" WIDTH="824" HEIGHT="41">
						<String ID="P159_ST00085" HPOS="33" VPOS="826" WIDTH="52" HEIGHT="30" CONTENT="the" WC="0.97" CC="000"/>
						<SP ID="P159_SP00071" HPOS="85" VPOS="856" WIDTH="23"/>
						<String ID="P159_ST00086" HPOS="108" VPOS="831" WIDTH="79" HEIGHT="25" CONTENT="most" WC="0.69" CC="7031"/>
						<SP ID="P159_SP00072" HPOS="187" VPOS="856" WIDTH="15"/>
						<String ID="P159_ST00087" HPOS="202" VPOS="826" WIDTH="117" HEIGHT="31" CONTENT="limited" WC="0.64" CC="2683004"/>
						<SP ID="P159_SP00073" HPOS="319" VPOS="857" WIDTH="16"/>
						<String ID="P159_ST00088" HPOS="335" VPOS="826" WIDTH="84" HEIGHT="36" CONTENT="kind," WC="0.55" CC="06716"/>
						<SP ID="P159_SP00074" HPOS="419" VPOS="862" WIDTH="17"/>
						<String ID="P159_ST00089" HPOS="436" VPOS="827" WIDTH="16" HEIGHT="29" CONTENT="I" WC="0.30" CC="6"/>
						<SP ID="P159_SP00075" HPOS="452" VPOS="862" WIDTH="15"/>
						<String ID="P159_ST00090" HPOS="467" VPOS="826" WIDTH="76" HEIGHT="31" CONTENT="shall" WC="0.70" CC="02470"/>
						<SP ID="P159_SP00076" HPOS="543" VPOS="862" WIDTH="20"/>
						<String ID="P159_ST00091" HPOS="563" VPOS="825" WIDTH="60" HEIGHT="32" CONTENT="add" WC="0.94" CC="100"/>
						<SP ID="P159_SP00077" HPOS="623" VPOS="862" WIDTH="20"/>
						<String ID="P159_ST00092" HPOS="643" VPOS="826" WIDTH="78" HEIGHT="30" CONTENT="little" WC="0.76" CC="370030"/>
						<SP ID="P159_SP00078" HPOS="721" VPOS="862" WIDTH="15"/>
						<String ID="P159_ST00093" HPOS="736" VPOS="826" WIDTH="121" HEIGHT="40" CONTENT="regard" SUBS_TYPE="HypPart1" SUBS_CONTENT="regarding" WC="0.78" CC="6040201"/>
						<HYP CONTENT="-"/>
					</TextLine>
					<TextLine ID="P159_TL00014" HPOS="35" VPOS="882" WIDTH="821" HEIGHT="41">
						<String ID="P159_ST00094" HPOS="35" VPOS="883" WIDTH="52" HEIGHT="40" CONTENT="ing" SUBS_TYPE="HypPart2" SUBS_CONTENT="regarding" WC="0.46" CC="681"/>
						<SP ID="P159_SP00079" HPOS="87" VPOS="923" WIDTH="15"/>
						<String ID="P159_ST00095" HPOS="102" VPOS="883" WIDTH="93" HEIGHT="35" CONTENT="them," WC="0.81" CC="02006"/>
						<SP ID="P159_SP00080" HPOS="195" VPOS="923" WIDTH="17"/>
						<String ID="P159_ST00096" HPOS="212" VPOS="887" WIDTH="33" HEIGHT="25" CONTENT="to" WC="1.00" CC="00"/>
						<SP ID="P159_SP00081" HPOS="245" VPOS="923" WIDTH="15"/>
						<String ID="P159_ST00097" HPOS="260" VPOS="883" WIDTH="52" HEIGHT="29" CONTENT="the" WC="0.85" CC="400"/>
						<SP ID="P159_SP00082" HPOS="312" VPOS="923" WIDTH="15"/>
						<String ID="P159_ST00098" HPOS="327" VPOS="882" WIDTH="167" HEIGHT="30" CONTENT="incidental" WC="0.73" CC="3504018003"/>
						<SP ID="P159_SP00083" HPOS="494" VPOS="923" WIDTH="16"/>
						<String ID="P159_ST00099" HPOS="510" VPOS="883" WIDTH="133" HEIGHT="29" CONTENT="remarks" WC="0.71" CC="4070700"/>
						<SP ID="P159_SP00084" HPOS="643" VPOS="923" WIDTH="21"/>
						<String ID="P159_ST00100" HPOS="664" VPOS="882" WIDTH="100" HEIGHT="31" CONTENT="which" WC="0.76" CC="41302"/>
						<SP ID="P159_SP00085" HPOS="764" VPOS="923" WIDTH="15"/>
						<String ID="P159_ST00101" HPOS="779" VPOS="883" WIDTH="77" HEIGHT="30" CONTENT="have" WC="0.89" CC="3010"/>
					</TextLine>
					<TextLine ID="P159_TL00015" HPOS="34" VPOS="937" WIDTH="822" HEIGHT="42">
						<String ID="P159_ST00102" HPOS="34" VPOS="938" WIDTH="122" HEIGHT="41" CONTENT="already" WC="0.73" CC="7000055"/>
						<SP ID="P159_SP00086" HPOS="156" VPOS="979" WIDTH="16"/>
						<String ID="P159_ST00103" HPOS="172" VPOS="939" WIDTH="157" HEIGHT="29" CONTENT="occurred." WC="0.98" CC="000001000"/>
						<SP ID="P159_SP00087" HPOS="329" VPOS="979" WIDTH="45"/>
						<String ID="P159_ST00104" HPOS="374" VPOS="938" WIDTH="69" HEIGHT="29" CONTENT="The" WC="0.96" CC="010"/>
						<SP ID="P159_SP00088" HPOS="443" VPOS="979" WIDTH="15"/>
						<String ID="P159_ST00105" HPOS="458" VPOS="938" WIDTH="111" HEIGHT="29" CONTENT="animal" WC="0.64" CC="054604"/>
						<SP ID="P159_SP00089" HPOS="569" VPOS="979" WIDTH="15"/>
						<String ID="P159_ST00106" HPOS="584" VPOS="937" WIDTH="36" HEIGHT="30" CONTENT="of" WC="1.00" CC="00"/>
						<SP ID="P159_SP00090" HPOS="620" VPOS="979" WIDTH="13"/>
						<String ID="P159_ST00107" HPOS="633" VPOS="937" WIDTH="39" HEIGHT="31" CONTENT="all" WC="0.76" CC="600"/>
						<SP ID="P159_SP00091" HPOS="672" VPOS="979" WIDTH="15"/>
						<String ID="P159_ST00108" HPOS="687" VPOS="938" WIDTH="103" HEIGHT="30" CONTENT="others" WC="0.84" CC="410040"/>
						<SP ID="P159_SP00092" HPOS="790" VPOS="979" WIDTH="16"/>
						<String ID="P159_ST00109" HPOS="806" VPOS="938" WIDTH="50" HEIGHT="30" CONTENT="de" SUBS_TYPE="HypPart1" SUBS_CONTENT="deserving" WC="0.78" CC="006"/>
						<HYP CONTENT="-"/>
					</TextLine>
					<TextLine ID="P159_TL00016" HPOS="35" VPOS="991" WIDTH="823" HEIGHT="41">
						<String ID="P159_ST00110" HPOS="35" VPOS="994" WIDTH="121" HEIGHT="38" CONTENT="serving" SUBS_TYPE="HypPart2" SUBS_CONTENT="deserving" WC="0.68" CC="7020362"/>
						<SP ID="P159_SP00093" HPOS="156" VPOS="1032" WIDTH="20"/>
						<String ID="P159_ST00111" HPOS="176" VPOS="993" WIDTH="36" HEIGHT="29" CONTENT="of" WC="0.81" CC="03"/>
						<SP ID="P159_SP00094" HPOS="212" VPOS="1032" WIDTH="17"/>
						<String ID="P159_ST00112" HPOS="229" VPOS="994" WIDTH="102" HEIGHT="29" CONTENT="notice" WC="0.91" CC="100400"/>
						<SP ID="P159_SP00095" HPOS="331" VPOS="1032" WIDTH="23"/>
						<String ID="P159_ST00113" HPOS="354" VPOS="993" WIDTH="24" HEIGHT="28" CONTENT="is" WC="0.92" CC="01"/>
						<SP ID="P159_SP00096" HPOS="378" VPOS="1032" WIDTH="23"/>
						<String ID="P159_ST00114" HPOS="401" VPOS="991" WIDTH="53" HEIGHT="30" CONTENT="the" WC="0.93" CC="020"/>
						<SP ID="P159_SP00097" HPOS="454" VPOS="1032" WIDTH="24"/>
						<String ID="P159_ST00115" HPOS="478" VPOS="991" WIDTH="134" HEIGHT="35" CONTENT="bullock," WC="0.81" CC="00520006"/>
						<SP ID="P159_SP00098" HPOS="612" VPOS="1032" WIDTH="21"/>
						<String ID="P159_ST00116" HPOS="633" VPOS="991" WIDTH="99" HEIGHT="30" CONTENT="which" WC="0.73" CC="10506"/>
						<SP ID="P159_SP00099" HPOS="732" VPOS="1032" WIDTH="16"/>
						<String ID="P159_ST00117" HPOS="748" VPOS="992" WIDTH="25" HEIGHT="29" CONTENT="is" WC="0.75" CC="40"/>
						<SP ID="P159_SP00100" HPOS="773" VPOS="1032" WIDTH="14"/>
						<String ID="P159_ST00118" HPOS="787" VPOS="992" WIDTH="38" HEIGHT="30" CONTENT="of" WC="0.95" CC="10"/>
						<SP ID="P159_SP00101" HPOS="825" VPOS="1032" WIDTH="15"/>
						<String ID="P159_ST00119" HPOS="840" VPOS="1003" WIDTH="18" HEIGHT="21" CONTENT="a" WC="0.20" CC="7"/>
					</TextLine>
					<TextLine ID="P159_TL00017" HPOS="36" VPOS="1045" WIDTH="823" HEIGHT="43">
						<String ID="P159_ST00120" HPOS="36" VPOS="1058" WIDTH="73" HEIGHT="30" CONTENT="very" WC="0.71" CC="3205"/>
						<SP ID="P159_SP00102" HPOS="109" VPOS="1088" WIDTH="29"/>
						<String ID="P159_ST00121" HPOS="138" VPOS="1048" WIDTH="136" HEIGHT="39" CONTENT="superior" WC="0.82" CC="54000400"/>
						<SP ID="P159_SP00103" HPOS="274" VPOS="1088" WIDTH="30"/>
						<String ID="P159_ST00122" HPOS="304" VPOS="1046" WIDTH="192" HEIGHT="41" CONTENT="description." WC="0.80" CC="700000300270"/>
						<SP ID="P159_SP00104" HPOS="496" VPOS="1088" WIDTH="57"/>
						<String ID="P159_ST00123" HPOS="553" VPOS="1045" WIDTH="30" HEIGHT="30" CONTENT="It" WC="0.83" CC="30"/>
						<SP ID="P159_SP00105" HPOS="583" VPOS="1088" WIDTH="27"/>
						<String ID="P159_ST00124" HPOS="610" VPOS="1045" WIDTH="26" HEIGHT="30" CONTENT="is" WC="0.87" CC="02"/>
						<SP ID="P159_SP00106" HPOS="636" VPOS="1088" WIDTH="29"/>
						<String ID="P159_ST00125" HPOS="665" VPOS="1045" WIDTH="194" HEIGHT="40" CONTENT="distinguish" SUBS_TYPE="HypPart1" SUBS_CONTENT="distinguished" WC="0.56" CC="650026367463"/>
						<HYP CONTENT="-"/>
					</TextLine>
					<TextLine ID="P159_TL00018" HPOS="36" VPOS="1100" WIDTH="822" HEIGHT="44">
						<String ID="P159_ST00126" HPOS="36" VPOS="1103" WIDTH="40" HEIGHT="30" CONTENT="ed" SUBS_TYPE="HypPart2" SUBS_CONTENT="distinguished" WC="0.25" CC="86"/>
						<SP ID="P159_SP00107" HPOS="76" VPOS="1133" WIDTH="16"/>
						<String ID="P159_ST00127" HPOS="92" VPOS="1103" WIDTH="39" HEIGHT="41" CONTENT="by" WC="0.43" CC="37"/>
						<SP ID="P159_SP00108" HPOS="131" VPOS="1144" WIDTH="15"/>
						<String ID="P159_ST00128" HPOS="146" VPOS="1113" WIDTH="18" HEIGHT="20" CONTENT="a" WC="0.79" CC="2"/>
						<SP ID="P159_SP00109" HPOS="164" VPOS="1144" WIDTH="14"/>
						<String ID="P159_ST00129" HPOS="178" VPOS="1102" WIDTH="83" HEIGHT="40" CONTENT="large" WC="0.89" CC="50000"/>
						<SP ID="P159_SP00110" HPOS="261" VPOS="1144" WIDTH="16"/>
						<String ID="P159_ST00130" HPOS="277" VPOS="1102" WIDTH="94" HEIGHT="40" CONTENT="hump" WC="0.79" CC="8000"/>
						<SP ID="P159_SP00111" HPOS="371" VPOS="1144" WIDTH="25"/>
						<String ID="P159_ST00131" HPOS="396" VPOS="1111" WIDTH="39" HEIGHT="20" CONTENT="on" WC="0.88" CC="20"/>
						<SP ID="P159_SP00112" HPOS="435" VPOS="1144" WIDTH="26"/>
						<String ID="P159_ST00132" HPOS="461" VPOS="1101" WIDTH="53" HEIGHT="29" CONTENT="the" WC="0.94" CC="010"/>
						<SP ID="P159_SP00113" HPOS="514" VPOS="1144" WIDTH="25"/>
						<String ID="P159_ST00133" HPOS="539" VPOS="1110" WIDTH="97" HEIGHT="30" CONTENT="upper" WC="0.78" CC="00307"/>
						<SP ID="P159_SP00114" HPOS="636" VPOS="1144" WIDTH="23"/>
						<String ID="P159_ST00134" HPOS="659" VPOS="1104" WIDTH="69" HEIGHT="36" CONTENT="part" WC="0.63" CC="5044"/>
						<SP ID="P159_SP00115" HPOS="728" VPOS="1144" WIDTH="24"/>
						<String ID="P159_ST00135" HPOS="752" VPOS="1100" WIDTH="37" HEIGHT="30" CONTENT="of" WC="0.86" CC="02"/>
						<SP ID="P159_SP00116" HPOS="789" VPOS="1144" WIDTH="18"/>
						<String ID="P159_ST00136" HPOS="807" VPOS="1100" WIDTH="51" HEIGHT="31" CONTENT="the" WC="0.91" CC="020"/>
					</TextLine>
					<TextLine ID="P159_TL00019" HPOS="38" VPOS="1155" WIDTH="820" HEIGHT="39">
						<String ID="P159_ST00137" HPOS="38" VPOS="1158" WIDTH="152" HEIGHT="36" CONTENT="shoulder," WC="0.73" CC="051020086"/>
						<SP ID="P159_SP00117" HPOS="190" VPOS="1194" WIDTH="17"/>
						<String ID="P159_ST00138" HPOS="207" VPOS="1157" WIDTH="99" HEIGHT="31" CONTENT="which" WC="0.96" CC="00000"/>
						<SP ID="P159_SP00118" HPOS="306" VPOS="1194" WIDTH="25"/>
						<String ID="P159_ST00139" HPOS="331" VPOS="1158" WIDTH="14" HEIGHT="29" CONTENT="I" WC="0.47" CC="5"/>
						<SP ID="P159_SP00119" HPOS="345" VPOS="1194" WIDTH="27"/>
						<String ID="P159_ST00140" HPOS="372" VPOS="1156" WIDTH="127" HEIGHT="36" CONTENT="believe," WC="0.86" CC="00210006"/>
						<SP ID="P159_SP00120" HPOS="499" VPOS="1194" WIDTH="23"/>
						<String ID="P159_ST00141" HPOS="522" VPOS="1155" WIDTH="88" HEIGHT="30" CONTENT="when" WC="0.91" CC="3000"/>
						<SP ID="P159_SP00121" HPOS="610" VPOS="1194" WIDTH="24"/>
						<String ID="P159_ST00142" HPOS="634" VPOS="1155" WIDTH="105" HEIGHT="36" CONTENT="salted," WC="0.68" CC="2500076"/>
						<SP ID="P159_SP00122" HPOS="739" VPOS="1194" WIDTH="16"/>
						<String ID="P159_ST00143" HPOS="755" VPOS="1156" WIDTH="25" HEIGHT="30" CONTENT="is" WC="0.75" CC="50"/>
						<SP ID="P159_SP00123" HPOS="780" VPOS="1194" WIDTH="14"/>
						<String ID="P159_ST00144" HPOS="794" VPOS="1167" WIDTH="64" HEIGHT="20" CONTENT="rec" SUBS_TYPE="HypPart1" SUBS_CONTENT="reckoned" WC="0.80" CC="6001"/>
						<HYP CONTENT="-"/>
					</TextLine>
					<TextLine ID="P159_TL00020" HPOS="36" VPOS="1211" WIDTH="821" HEIGHT="42">
						<String ID="P159_ST00145" HPOS="36" VPOS="1214" WIDTH="102" HEIGHT="29" CONTENT="koned" SUBS_TYPE="HypPart2" SUBS_CONTENT="reckoned" WC="0.56" CC="63370"/>
						<SP ID="P159_SP00124" HPOS="138" VPOS="1243" WIDTH="20"/>
						<String ID="P159_ST00146" HPOS="158" VPOS="1224" WIDTH="18" HEIGHT="19" CONTENT="a" WC="1.00" CC="0"/>
						<SP ID="P159_SP00125" HPOS="176" VPOS="1243" WIDTH="14"/>
						<String ID="P159_ST00147" HPOS="190" VPOS="1218" WIDTH="87" HEIGHT="35" CONTENT="great" WC="0.70" CC="20840"/>
						<SP ID="P159_SP00126" HPOS="277" VPOS="1253" WIDTH="15"/>
						<String ID="P159_ST00148" HPOS="292" VPOS="1212" WIDTH="146" HEIGHT="41" CONTENT="delicacy." WC="0.79" CC="005100064"/>
						<SP ID="P159_SP00127" HPOS="438" VPOS="1253" WIDTH="45"/>
						<String ID="P159_ST00149" HPOS="483" VPOS="1211" WIDTH="45" HEIGHT="30" CONTENT="As" WC="0.46" CC="73"/>
						<SP ID="P159_SP00128" HPOS="528" VPOS="1253" WIDTH="17"/>
						<String ID="P159_ST00150" HPOS="545" VPOS="1211" WIDTH="15" HEIGHT="30" CONTENT="I" WC="0.45" CC="5"/>
						<SP ID="P159_SP00129" HPOS="560" VPOS="1253" WIDTH="16"/>
						<String ID="P159_ST00151" HPOS="576" VPOS="1211" WIDTH="76" HEIGHT="30" CONTENT="have" WC="0.87" CC="2020"/>
						<SP ID="P159_SP00130" HPOS="652" VPOS="1253" WIDTH="14"/>
						<String ID="P159_ST00152" HPOS="666" VPOS="1211" WIDTH="123" HEIGHT="41" CONTENT="already" WC="0.72" CC="4041108"/>
						<SP ID="P159_SP00131" HPOS="789" VPOS="1253" WIDTH="16"/>
						<String ID="P159_ST00153" HPOS="805" VPOS="1222" WIDTH="52" HEIGHT="21" CONTENT="no" SUBS_TYPE="HypPart1" SUBS_CONTENT="noticed," WC="0.64" CC="334"/>
						<HYP CONTENT="-"/>
					</TextLine>
					<TextLine ID="P159_TL00021" HPOS="35" VPOS="1266" WIDTH="826" HEIGHT="41">
						<String ID="P159_ST00154" HPOS="35" VPOS="1268" WIDTH="93" HEIGHT="36" CONTENT="ticed," SUBS_TYPE="HypPart2" SUBS_CONTENT="noticed," WC="0.65" CC="760105"/>
						<SP ID="P159_SP00132" HPOS="128" VPOS="1304" WIDTH="17"/>
						<String ID="P159_ST00155" HPOS="145" VPOS="1268" WIDTH="93" HEIGHT="30" CONTENT="cattle" WC="0.89" CC="060000"/>
						<SP ID="P159_SP00133" HPOS="238" VPOS="1304" WIDTH="16"/>
						<String ID="P159_ST00156" HPOS="254" VPOS="1268" WIDTH="78" HEIGHT="30" CONTENT="form" WC="0.68" CC="5420"/>
						<SP ID="P159_SP00134" HPOS="332" VPOS="1304" WIDTH="26"/>
						<String ID="P159_ST00157" HPOS="358" VPOS="1277" WIDTH="58" HEIGHT="20" CONTENT="one" WC="0.86" CC="040"/>
						<SP ID="P159_SP00135" HPOS="416" VPOS="1304" WIDTH="27"/>
						<String ID="P159_ST00158" HPOS="443" VPOS="1266" WIDTH="37" HEIGHT="30" CONTENT="of" WC="0.84" CC="03"/>
						<SP ID="P159_SP00136" HPOS="480" VPOS="1304" WIDTH="19"/>
						<String ID="P159_ST00159" HPOS="499" VPOS="1266" WIDTH="53" HEIGHT="30" CONTENT="the" WC="1.00" CC="000"/>
						<SP ID="P159_SP00137" HPOS="552" VPOS="1304" WIDTH="24"/>
						<String ID="P159_ST00160" HPOS="576" VPOS="1266" WIDTH="89" HEIGHT="30" CONTENT="chief" WC="0.73" CC="50205"/>
						<SP ID="P159_SP00138" HPOS="665" VPOS="1304" WIDTH="19"/>
						<String ID="P159_ST00161" HPOS="684" VPOS="1266" WIDTH="116" HEIGHT="41" CONTENT="objects" WC="0.94" CC="4000000"/>
						<SP ID="P159_SP00139" HPOS="800" VPOS="1307" WIDTH="25"/>
						<String ID="P159_ST00162" HPOS="825" VPOS="1267" WIDTH="36" HEIGHT="30" CONTENT="of" WC="0.72" CC="05"/>
					</TextLine>
					<TextLine ID="P159_TL00022" HPOS="35" VPOS="1315" WIDTH="821" HEIGHT="42">
						<String ID="P159_ST00163" HPOS="35" VPOS="1322" WIDTH="146" HEIGHT="35" CONTENT="property" WC="0.64" CC="63500805"/>
						<SP ID="P159_SP00140" HPOS="181" VPOS="1357" WIDTH="14"/>
						<String ID="P159_ST00164" HPOS="195" VPOS="1317" WIDTH="32" HEIGHT="30" CONTENT="in" WC="0.84" CC="30"/>
						<SP ID="P159_SP00141" HPOS="227" VPOS="1357" WIDTH="12"/>
						<String ID="P159_ST00165" HPOS="239" VPOS="1316" WIDTH="61" HEIGHT="31" CONTENT="this" WC="0.70" CC="0541"/>
						<SP ID="P159_SP00142" HPOS="300" VPOS="1357" WIDTH="11"/>
						<String ID="P159_ST00166" HPOS="311" VPOS="1315" WIDTH="98" HEIGHT="31" CONTENT="island" WC="0.66" CC="181043"/>
						<SP ID="P159_SP00143" HPOS="409" VPOS="1357" WIDTH="12"/>
						<String ID="P159_ST00167" HPOS="421" VPOS="1328" WIDTH="9" HEIGHT="25" CONTENT=";" WC="0.18" CC="8"/>
						<SP ID="P159_SP00144" HPOS="430" VPOS="1357" WIDTH="17"/>
						<String ID="P159_ST00168" HPOS="447" VPOS="1315" WIDTH="59" HEIGHT="31" CONTENT="and" WC="0.76" CC="042"/>
						<SP ID="P159_SP00145" HPOS="506" VPOS="1357" WIDTH="13"/>
						<String ID="P159_ST00169" HPOS="519" VPOS="1315" WIDTH="85" HEIGHT="30" CONTENT="there" WC="0.88" CC="50000"/>
						<SP ID="P159_SP00146" HPOS="604" VPOS="1357" WIDTH="10"/>
						<String ID="P159_ST00170" HPOS="614" VPOS="1326" WIDTH="50" HEIGHT="19" CONTENT="are" WC="1.00" CC="000"/>
						<SP ID="P159_SP00147" HPOS="664" VPOS="1357" WIDTH="9"/>
						<String ID="P159_ST00171" HPOS="673" VPOS="1315" WIDTH="83" HEIGHT="40" CONTENT="large" WC="0.84" CC="50200"/>
						<SP ID="P159_SP00148" HPOS="756" VPOS="1357" WIDTH="9"/>
						<String ID="P159_ST00172" HPOS="765" VPOS="1315" WIDTH="91" HEIGHT="31" CONTENT="herds" WC="0.87" CC="00006"/>
					</TextLine>
					<TextLine ID="P159_TL00023" HPOS="34" VPOS="1371" WIDTH="822" HEIGHT="35">
						<String ID="P159_ST00173" HPOS="34" VPOS="1372" WIDTH="37" HEIGHT="32" CONTENT="of" WC="0.58" CC="25"/>
						<SP ID="P159_SP00149" HPOS="71" VPOS="1404" WIDTH="10"/>
						<String ID="P159_ST00174" HPOS="81" VPOS="1371" WIDTH="71" HEIGHT="31" CONTENT="wild" WC="0.84" CC="0060"/>
						<SP ID="P159_SP00150" HPOS="152" VPOS="1404" WIDTH="16"/>
						<String ID="P159_ST00175" HPOS="168" VPOS="1372" WIDTH="91" HEIGHT="30" CONTENT="cattle" WC="0.92" CC="000040"/>
						<SP ID="P159_SP00151" HPOS="259" VPOS="1404" WIDTH="15"/>
						<String ID="P159_ST00176" HPOS="274" VPOS="1371" WIDTH="100" HEIGHT="31" CONTENT="which" WC="0.74" CC="44400"/>
						<SP ID="P159_SP00152" HPOS="374" VPOS="1404" WIDTH="25"/>
						<String ID="P159_ST00177" HPOS="399" VPOS="1382" WIDTH="82" HEIGHT="20" CONTENT="roam" WC="0.83" CC="2300"/>
						<SP ID="P159_SP00153" HPOS="481" VPOS="1404" WIDTH="22"/>
						<String ID="P159_ST00178" HPOS="503" VPOS="1371" WIDTH="52" HEIGHT="30" CONTENT="the" WC="0.99" CC="000"/>
						<SP ID="P159_SP00154" HPOS="555" VPOS="1404" WIDTH="25"/>
						<String ID="P159_ST00179" HPOS="580" VPOS="1371" WIDTH="118" HEIGHT="35" CONTENT="forests," WC="0.67" CC="82300065"/>
						<SP ID="P159_SP00155" HPOS="698" VPOS="1406" WIDTH="24"/>
						<String ID="P159_ST00180" HPOS="722" VPOS="1371" WIDTH="62" HEIGHT="30" CONTENT="and" WC="0.72" CC="080"/>
						<SP ID="P159_SP00156" HPOS="784" VPOS="1406" WIDTH="21"/>
						<String ID="P159_ST00181" HPOS="805" VPOS="1382" WIDTH="51" HEIGHT="20" CONTENT="are" WC="0.84" CC="040"/>
					</TextLine>
					<TextLine ID="P159_TL00024" HPOS="33" VPOS="1426" WIDTH="822" HEIGHT="42">
						<String ID="P159_ST00182" HPOS="33" VPOS="1427" WIDTH="206" HEIGHT="41" CONTENT="occasionally" WC="0.69" CC="850003050327"/>
						<SP ID="P159_SP00157" HPOS="239" VPOS="1468" WIDTH="14"/>
						<String ID="P159_ST00183" HPOS="253" VPOS="1427" WIDTH="126" HEIGHT="31" CONTENT="hunted." WC="0.89" CC="0060000"/>
						<SP ID="P159_SP00158" HPOS="379" VPOS="1468" WIDTH="45"/>
						<String ID="P159_ST00184" HPOS="424" VPOS="1426" WIDTH="101" HEIGHT="31" CONTENT="There" WC="0.93" CC="02000"/>
						<SP ID="P159_SP00159" HPOS="525" VPOS="1468" WIDTH="15"/>
						<String ID="P159_ST00185" HPOS="540" VPOS="1437" WIDTH="50" HEIGHT="21" CONTENT="are" WC="0.77" CC="060"/>
						<SP ID="P159_SP00160" HPOS="590" VPOS="1468" WIDTH="15"/>
						<String ID="P159_ST00186" HPOS="605" VPOS="1437" WIDTH="40" HEIGHT="20" CONTENT="no" WC="0.80" CC="40"/>
						<SP ID="P159_SP00161" HPOS="645" VPOS="1468" WIDTH="14"/>
						<String ID="P159_ST00187" HPOS="659" VPOS="1426" WIDTH="104" HEIGHT="31" CONTENT="horses" WC="0.89" CC="003003"/>
						<SP ID="P159_SP00162" HPOS="763" VPOS="1468" WIDTH="10"/>
						<String ID="P159_ST00188" HPOS="773" VPOS="1426" WIDTH="82" HEIGHT="36" CONTENT="here," WC="0.57" CC="70705"/>
					</TextLine>
				</TextBlock>
				<TextBlock ID="P159_TB00004" HPOS="28" VPOS="1553" WIDTH="828" HEIGHT="119" STYLEREFS="TXT_1 PAR_LEFT">
					<TextLine ID="P159_TL00025" HPOS="30" VPOS="1554" WIDTH="826" HEIGHT="36">
						<String ID="P159_ST00189" HPOS="30" VPOS="1558" WIDTH="81" HEIGHT="23" CONTENT="would" WC="0.28" CC="78576"/>
						<SP ID="P159_SP00163" HPOS="111" VPOS="1581" WIDTH="12"/>
						<String ID="P159_ST00190" HPOS="123" VPOS="1558" WIDTH="101" HEIGHT="32" CONTENT="thereby" WC="0.62" CC="7320065"/>
						<SP ID="P159_SP00164" HPOS="224" VPOS="1590" WIDTH="13"/>
						<String ID="P159_ST00191" HPOS="237" VPOS="1556" WIDTH="78" HEIGHT="33" CONTENT="guard" WC="0.42" CC="75077"/>
						<SP ID="P159_SP00165" HPOS="315" VPOS="1590" WIDTH="13"/>
						<String ID="P159_ST00192" HPOS="328" VPOS="1557" WIDTH="93" HEIGHT="31" CONTENT="against" WC="0.64" CC="0600656"/>
						<SP ID="P159_SP00166" HPOS="421" VPOS="1590" WIDTH="12"/>
						<String ID="P159_ST00193" HPOS="433" VPOS="1556" WIDTH="86" HEIGHT="24" CONTENT="bilious" WC="0.70" CC="4010372"/>
						<SP ID="P159_SP00167" HPOS="519" VPOS="1590" WIDTH="11"/>
						<String ID="P159_ST00194" HPOS="530" VPOS="1555" WIDTH="101" HEIGHT="29" CONTENT="attacks," WC="0.60" CC="21371157"/>
						<SP ID="P159_SP00168" HPOS="631" VPOS="1590" WIDTH="12"/>
						<String ID="P159_ST00195" HPOS="643" VPOS="1554" WIDTH="80" HEIGHT="25" CONTENT="which" WC="0.43" CC="87507"/>
						<SP ID="P159_SP00169" HPOS="723" VPOS="1590" WIDTH="12"/>
						<String ID="P159_ST00196" HPOS="735" VPOS="1554" WIDTH="18" HEIGHT="25" CONTENT="it" WC="0.84" CC="30"/>
						<SP ID="P159_SP00170" HPOS="753" VPOS="1590" WIDTH="11"/>
						<String ID="P159_ST00197" HPOS="764" VPOS="1563" WIDTH="49" HEIGHT="16" CONTENT="was" WC="0.62" CC="820"/>
						<SP ID="P159_SP00171" HPOS="813" VPOS="1590" WIDTH="10"/>
						<String ID="P159_ST00198" HPOS="823" VPOS="1555" WIDTH="33" HEIGHT="25" CONTENT="al" SUBS_TYPE="HypPart1" SUBS_CONTENT="almost" WC="0.65" CC="046"/>
						<HYP CONTENT="-"/>
					</TextLine>
					<TextLine ID="P159_TL00026" HPOS="31" VPOS="1595" WIDTH="825" HEIGHT="34">
						<String ID="P159_ST00199" HPOS="31" VPOS="1602" WIDTH="62" HEIGHT="19" CONTENT="most" SUBS_TYPE="HypPart2" SUBS_CONTENT="almost" WC="0.51" CC="5670"/>
						<SP ID="P159_SP00172" HPOS="93" VPOS="1621" WIDTH="12"/>
						<String ID="P159_ST00200" HPOS="105" VPOS="1597" WIDTH="41" HEIGHT="25" CONTENT="the" WC="0.76" CC="600"/>
						<SP ID="P159_SP00173" HPOS="146" VPOS="1622" WIDTH="11"/>
						<String ID="P159_ST00201" HPOS="157" VPOS="1597" WIDTH="119" HEIGHT="25" CONTENT="infallible" WC="0.67" CC="5076002523"/>
						<SP ID="P159_SP00174" HPOS="276" VPOS="1622" WIDTH="14"/>
						<String ID="P159_ST00202" HPOS="290" VPOS="1605" WIDTH="55" HEIGHT="24" CONTENT="way" WC="0.51" CC="724"/>
						<SP ID="P159_SP00175" HPOS="345" VPOS="1629" WIDTH="14"/>
						<String ID="P159_ST00203" HPOS="359" VPOS="1597" WIDTH="29" HEIGHT="23" CONTENT="of" WC="0.44" CC="65"/>
						<SP ID="P159_SP00176" HPOS="388" VPOS="1629" WIDTH="7"/>
						<String ID="P159_ST00204" HPOS="395" VPOS="1597" WIDTH="115" HEIGHT="32" CONTENT="exciting." WC="0.60" CC="050676630"/>
						<SP ID="P159_SP00177" HPOS="510" VPOS="1629" WIDTH="36"/>
						<String ID="P159_ST00205" HPOS="546" VPOS="1596" WIDTH="10" HEIGHT="24" CONTENT="I" WC="0.62" CC="3"/>
						<SP ID="P159_SP00178" HPOS="556" VPOS="1629" WIDTH="14"/>
						<String ID="P159_ST00206" HPOS="570" VPOS="1595" WIDTH="91" HEIGHT="26" CONTENT="believe" WC="0.54" CC="6464350"/>
						<SP ID="P159_SP00179" HPOS="661" VPOS="1629" WIDTH="11"/>
						<String ID="P159_ST00207" HPOS="672" VPOS="1603" WIDTH="64" HEIGHT="17" CONTENT="none" WC="0.52" CC="2662"/>
						<SP ID="P159_SP00180" HPOS="736" VPOS="1629" WIDTH="8"/>
						<String ID="P159_ST00208" HPOS="744" VPOS="1595" WIDTH="112" HEIGHT="25" CONTENT="survived" WC="0.45" CC="71455583"/>
					</TextLine>
					<TextLine ID="P159_TL00027" HPOS="29" VPOS="1638" WIDTH="370" HEIGHT="34">
						<String ID="P159_ST00209" HPOS="29" VPOS="1640" WIDTH="28" HEIGHT="23" CONTENT="of" WC="0.19" CC="78"/>
						<SP ID="P159_SP00181" HPOS="57" VPOS="1663" WIDTH="9"/>
						<String ID="P159_ST00210" HPOS="66" VPOS="1639" WIDTH="67" HEIGHT="24" CONTENT="those" WC="0.44" CC="60775"/>
						<SP ID="P159_SP00182" HPOS="133" VPOS="1663" WIDTH="13"/>
						<String ID="P159_ST00211" HPOS="146" VPOS="1640" WIDTH="55" HEIGHT="24" CONTENT="who" WC="0.90" CC="300"/>
						<SP ID="P159_SP00183" HPOS="201" VPOS="1664" WIDTH="11"/>
						<String ID="P159_ST00212" HPOS="212" VPOS="1639" WIDTH="121" HEIGHT="33" CONTENT="practised" WC="0.58" CC="570814450"/>
						<SP ID="P159_SP00184" HPOS="333" VPOS="1672" WIDTH="12"/>
						<String ID="P159_ST00213" HPOS="345" VPOS="1638" WIDTH="54" HEIGHT="25" CONTENT="this." WC="0.76" CC="14410"/>
					</TextLine>
				</TextBlock>
			</PrintSpace>
		</Page>
	</Layout>
</alto>
