<?xml version="1.0" encoding="UTF-8"?>
<alto xmlns:xsi="http://www.w3.org/2001/XMLSchema-instance" xsi:noNamespaceSchemaLocation="http://www.bl.uk/schemas/alto/alto-1-4.xsd" xmlns:xlink="http://www.w3.org/1999/xlink">
	<Description>
		<MeasurementUnit>mm10</MeasurementUnit>
		<sourceImageInformation>
			<fileName>//head1/IN/2008-12/A0011363537/007232.jp2</fileName>
		</sourceImageInformation>
		<OCRProcessing ID="OCRPROCESSING_1">
			<preProcessingStep>
				<processingSoftware>
					<softwareCreator>CCS Content Conversion Specialists GmbH, Germany</softwareCreator>
					<softwareName>CCS docWORKS</softwareName>
					<softwareVersion>6.1-0.67</softwareVersion>
				</processingSoftware>
			</preProcessingStep>
			<ocrProcessingStep>
				<processingSoftware>
					<softwareCreator>ABBYY (BIT Software), Russia</softwareCreator>
					<softwareName>Finereader</softwareName>
				</processingSoftware>
			</ocrProcessingStep>
		</OCRProcessing>
	</Description>
	<Styles>
		<TextStyle ID="TXT_0" FONTSIZE="10" FONTFAMILY="Courier New"/>
		<TextStyle ID="TXT_1" FONTSIZE="9" FONTFAMILY="Courier New"/>
		<ParagraphStyle ID="PAR_RIGHT" ALIGN="Right"/>
		<ParagraphStyle ID="PAR_LEFT" ALIGN="Left"/>
	</Styles>
	<Layout>
		<Page ID="P180" PHYSICAL_IMG_NR="180" HEIGHT="1931" WIDTH="1150" PRINTED_IMG_NR="152" POSITION="Left" ACCURACY="72.16">
			<TopMargin ID="P180_TM00001" HPOS="0" VPOS="0" WIDTH="1149" HEIGHT="110">
				<TextBlock ID="P180_TB00001" HPOS="612" VPOS="78" WIDTH="64" HEIGHT="31" STYLEREFS="TXT_0 PAR_RIGHT">
					<TextLine ID="P180_TL00001" HPOS="612" VPOS="80" WIDTH="64" HEIGHT="29">
						<String ID="P180_ST00001" HPOS="612" VPOS="80" WIDTH="64" HEIGHT="29" CONTENT="152" WC="0.39" CC="368"/>
					</TextLine>
				</TextBlock>
			</TopMargin>
			<LeftMargin ID="P180_LM00001" HPOS="0" VPOS="110" WIDTH="238" HEIGHT="1539"/>
			<RightMargin ID="P180_RM00001" HPOS="1082" VPOS="110" WIDTH="67" HEIGHT="1539"/>
			<BottomMargin ID="P180_BM00001" HPOS="0" VPOS="1649" WIDTH="1149" HEIGHT="282"/>
			<PrintSpace ID="P180_PS00001" HPOS="238" VPOS="110" WIDTH="844" HEIGHT="1539">
				<TextBlock ID="P180_TB00002" HPOS="238" VPOS="161" WIDTH="841" HEIGHT="1158" STYLEREFS="TXT_1 PAR_LEFT">
					<TextLine ID="P180_TL00002" HPOS="239" VPOS="162" WIDTH="829" HEIGHT="44">
						<String ID="P180_ST00002" HPOS="239" VPOS="168" WIDTH="99" HEIGHT="38" CONTENT="larger" WC="0.76" CC="260400"/>
						<SP ID="P180_SP00001" HPOS="338" VPOS="206" WIDTH="14"/>
						<String ID="P180_ST00003" HPOS="352" VPOS="166" WIDTH="177" HEIGHT="40" CONTENT="proportion" WC="0.92" CC="1000020003"/>
						<String ID="P180_ST00004" HPOS="541" VPOS="176" WIDTH="9" HEIGHT="25" CONTENT=";" WC="0.21" CC="7"/>
						<SP ID="P180_SP00002" HPOS="550" VPOS="206" WIDTH="24"/>
						<String ID="P180_ST00005" HPOS="574" VPOS="164" WIDTH="61" HEIGHT="30" CONTENT="and" WC="0.88" CC="030"/>
						<SP ID="P180_SP00003" HPOS="635" VPOS="206" WIDTH="14"/>
						<String ID="P180_ST00006" HPOS="649" VPOS="168" WIDTH="33" HEIGHT="27" CONTENT="to" WC="0.75" CC="04"/>
						<SP ID="P180_SP00004" HPOS="682" VPOS="206" WIDTH="16"/>
						<String ID="P180_ST00007" HPOS="698" VPOS="163" WIDTH="61" HEIGHT="31" CONTENT="Mr." WC="0.92" CC="020"/>
						<SP ID="P180_SP00005" HPOS="759" VPOS="206" WIDTH="18"/>
						<String ID="P180_ST00008" HPOS="777" VPOS="163" WIDTH="96" HEIGHT="40" CONTENT="Spens" WC="0.84" CC="00070"/>
						<SP ID="P180_SP00006" HPOS="873" VPOS="206" WIDTH="15"/>
						<String ID="P180_ST00009" HPOS="888" VPOS="162" WIDTH="53" HEIGHT="30" CONTENT="the" WC="0.95" CC="001"/>
						<SP ID="P180_SP00007" HPOS="941" VPOS="206" WIDTH="16"/>
						<String ID="P180_ST00010" HPOS="957" VPOS="162" WIDTH="111" HEIGHT="30" CONTENT="second" WC="0.75" CC="000077"/>
					</TextLine>
					<TextLine ID="P180_TL00003" HPOS="239" VPOS="217" WIDTH="829" HEIGHT="43">
						<String ID="P180_ST00011" HPOS="239" VPOS="220" WIDTH="112" HEIGHT="36" CONTENT="officer," WC="0.77" CC="50000084"/>
						<SP ID="P180_SP00008" HPOS="351" VPOS="256" WIDTH="18"/>
						<String ID="P180_ST00012" HPOS="369" VPOS="221" WIDTH="62" HEIGHT="29" CONTENT="and" WC="0.68" CC="270"/>
						<SP ID="P180_SP00009" HPOS="431" VPOS="256" WIDTH="17"/>
						<String ID="P180_ST00013" HPOS="448" VPOS="219" WIDTH="62" HEIGHT="31" CONTENT="Mr." WC="0.88" CC="003"/>
						<SP ID="P180_SP00010" HPOS="510" VPOS="256" WIDTH="17"/>
						<String ID="P180_ST00014" HPOS="527" VPOS="222" WIDTH="73" HEIGHT="28" CONTENT="Dun" WC="0.66" CC="504"/>
						<SP ID="P180_SP00011" HPOS="600" VPOS="256" WIDTH="16"/>
						<String ID="P180_ST00015" HPOS="616" VPOS="220" WIDTH="53" HEIGHT="30" CONTENT="the" WC="0.90" CC="020"/>
						<SP ID="P180_SP00012" HPOS="669" VPOS="256" WIDTH="15"/>
						<String ID="P180_ST00016" HPOS="684" VPOS="229" WIDTH="117" HEIGHT="31" CONTENT="purser," WC="0.71" CC="4000086"/>
						<SP ID="P180_SP00013" HPOS="801" VPOS="260" WIDTH="13"/>
						<String ID="P180_ST00017" HPOS="814" VPOS="218" WIDTH="69" HEIGHT="30" CONTENT="who" WC="0.97" CC="000"/>
						<SP ID="P180_SP00014" HPOS="883" VPOS="260" WIDTH="16"/>
						<String ID="P180_ST00018" HPOS="899" VPOS="227" WIDTH="81" HEIGHT="21" CONTENT="were" WC="0.68" CC="2360"/>
						<SP ID="P180_SP00015" HPOS="980" VPOS="260" WIDTH="14"/>
						<String ID="P180_ST00019" HPOS="994" VPOS="217" WIDTH="74" HEIGHT="30" CONTENT="then" WC="0.77" CC="0602"/>
					</TextLine>
					<TextLine ID="P180_TL00004" HPOS="240" VPOS="273" WIDTH="829" HEIGHT="41">
						<String ID="P180_ST00020" HPOS="240" VPOS="275" WIDTH="182" HEIGHT="31" CONTENT="considered" WC="0.90" CC="0040000500"/>
						<SP ID="P180_SP00016" HPOS="422" VPOS="306" WIDTH="15"/>
						<String ID="P180_ST00021" HPOS="437" VPOS="285" WIDTH="32" HEIGHT="20" CONTENT="as" WC="0.95" CC="00"/>
						<SP ID="P180_SP00017" HPOS="469" VPOS="306" WIDTH="15"/>
						<String ID="P180_ST00022" HPOS="484" VPOS="275" WIDTH="32" HEIGHT="30" CONTENT="in" WC="0.53" CC="53"/>
						<SP ID="P180_SP00018" HPOS="516" VPOS="306" WIDTH="15"/>
						<String ID="P180_ST00023" HPOS="531" VPOS="275" WIDTH="53" HEIGHT="31" CONTENT="the" WC="0.78" CC="600"/>
						<SP ID="P180_SP00019" HPOS="584" VPOS="306" WIDTH="15"/>
						<String ID="P180_ST00024" HPOS="599" VPOS="275" WIDTH="88" HEIGHT="31" CONTENT="chief" WC="0.75" CC="03305"/>
						<SP ID="P180_SP00020" HPOS="687" VPOS="306" WIDTH="12"/>
						<String ID="P180_ST00025" HPOS="699" VPOS="274" WIDTH="124" HEIGHT="40" CONTENT="charge," WC="0.86" CC="0020007"/>
						<SP ID="P180_SP00021" HPOS="823" VPOS="314" WIDTH="16"/>
						<String ID="P180_ST00026" HPOS="839" VPOS="284" WIDTH="79" HEIGHT="19" CONTENT="were" WC="0.97" CC="1000"/>
						<SP ID="P180_SP00022" HPOS="918" VPOS="314" WIDTH="15"/>
						<String ID="P180_ST00027" HPOS="933" VPOS="273" WIDTH="102" HEIGHT="39" CONTENT="given," WC="0.71" CC="510046"/>
						<SP ID="P180_SP00023" HPOS="1035" VPOS="314" WIDTH="19"/>
						<String ID="P180_ST00028" HPOS="1054" VPOS="273" WIDTH="15" HEIGHT="28" CONTENT="I" WC="0.47" CC="5"/>
					</TextLine>
					<TextLine ID="P180_TL00005" HPOS="240" VPOS="327" WIDTH="828" HEIGHT="39">
						<String ID="P180_ST00029" HPOS="240" VPOS="331" WIDTH="99" HEIGHT="35" CONTENT="think," WC="0.65" CC="023706"/>
						<SP ID="P180_SP00024" HPOS="339" VPOS="366" WIDTH="17"/>
						<String ID="P180_ST00030" HPOS="356" VPOS="335" WIDTH="33" HEIGHT="26" CONTENT="at" WC="0.92" CC="01"/>
						<SP ID="P180_SP00025" HPOS="389" VPOS="366" WIDTH="18"/>
						<String ID="P180_ST00031" HPOS="407" VPOS="331" WIDTH="54" HEIGHT="30" CONTENT="the" WC="1.00" CC="000"/>
						<SP ID="P180_SP00026" HPOS="461" VPOS="366" WIDTH="14"/>
						<String ID="P180_ST00032" HPOS="475" VPOS="336" WIDTH="65" HEIGHT="25" CONTENT="rate" WC="0.94" CC="2000"/>
						<SP ID="P180_SP00027" HPOS="540" VPOS="366" WIDTH="20"/>
						<String ID="P180_ST00033" HPOS="560" VPOS="330" WIDTH="37" HEIGHT="31" CONTENT="of" WC="0.92" CC="01"/>
						<SP ID="P180_SP00028" HPOS="597" VPOS="366" WIDTH="19"/>
						<String ID="P180_ST00034" HPOS="616" VPOS="334" WIDTH="62" HEIGHT="30" CONTENT="900" WC="0.83" CC="040"/>
						<SP ID="P180_SP00029" HPOS="678" VPOS="366" WIDTH="26"/>
						<String ID="P180_ST00035" HPOS="704" VPOS="329" WIDTH="111" HEIGHT="31" CONTENT="dollars" WC="0.75" CC="6001017"/>
						<SP ID="P180_SP00030" HPOS="815" VPOS="366" WIDTH="24"/>
						<String ID="P180_ST00036" HPOS="839" VPOS="328" WIDTH="76" HEIGHT="31" CONTENT="each" WC="1.00" CC="0000"/>
						<SP ID="P180_SP00031" HPOS="915" VPOS="366" WIDTH="12"/>
						<String ID="P180_ST00037" HPOS="927" VPOS="329" WIDTH="28" HEIGHT="29" CONTENT="*." WC="0.77" CC="04"/>
						<SP ID="P180_SP00032" HPOS="955" VPOS="366" WIDTH="46"/>
						<String ID="P180_ST00038" HPOS="1001" VPOS="327" WIDTH="67" HEIGHT="30" CONTENT="The" WC="0.95" CC="100"/>
					</TextLine>
					<TextLine ID="P180_TL00006" HPOS="240" VPOS="383" WIDTH="832" HEIGHT="44">
						<String ID="P180_ST00039" HPOS="240" VPOS="385" WIDTH="77" HEIGHT="41" CONTENT="king" WC="0.94" CC="0001"/>
						<SP ID="P180_SP00033" HPOS="317" VPOS="426" WIDTH="21"/>
						<String ID="P180_ST00040" HPOS="338" VPOS="396" WIDTH="60" HEIGHT="20" CONTENT="was" WC="0.78" CC="140"/>
						<SP ID="P180_SP00034" HPOS="398" VPOS="426" WIDTH="25"/>
						<String ID="P180_ST00041" HPOS="423" VPOS="385" WIDTH="198" HEIGHT="42" CONTENT="particularly" WC="0.81" CC="600150000036"/>
						<SP ID="P180_SP00035" HPOS="621" VPOS="427" WIDTH="18"/>
						<String ID="P180_ST00042" HPOS="639" VPOS="385" WIDTH="76" HEIGHT="30" CONTENT="fond" WC="0.72" CC="0082"/>
						<SP ID="P180_SP00036" HPOS="715" VPOS="427" WIDTH="24"/>
						<String ID="P180_ST00043" HPOS="739" VPOS="385" WIDTH="37" HEIGHT="30" CONTENT="of" WC="0.97" CC="00"/>
						<SP ID="P180_SP00037" HPOS="776" VPOS="427" WIDTH="19"/>
						<String ID="P180_ST00044" HPOS="795" VPOS="385" WIDTH="52" HEIGHT="30" CONTENT="the" WC="0.87" CC="030"/>
						<SP ID="P180_SP00038" HPOS="847" VPOS="427" WIDTH="18"/>
						<String ID="P180_ST00045" HPOS="865" VPOS="384" WIDTH="61" HEIGHT="36" CONTENT="fife," WC="0.74" CC="00804"/>
						<SP ID="P180_SP00039" HPOS="926" VPOS="427" WIDTH="28"/>
						<String ID="P180_ST00046" HPOS="954" VPOS="383" WIDTH="59" HEIGHT="30" CONTENT="and" WC="0.42" CC="754"/>
						<SP ID="P180_SP00040" HPOS="1013" VPOS="427" WIDTH="26"/>
						<String ID="P180_ST00047" HPOS="1039" VPOS="387" WIDTH="33" HEIGHT="26" CONTENT="to" WC="0.65" CC="07"/>
					</TextLine>
					<TextLine ID="P180_TL00007" HPOS="241" VPOS="440" WIDTH="829" HEIGHT="43">
						<String ID="P180_ST00048" HPOS="241" VPOS="446" WIDTH="63" HEIGHT="26" CONTENT="two" WC="0.71" CC="602"/>
						<SP ID="P180_SP00041" HPOS="304" VPOS="472" WIDTH="19"/>
						<String ID="P180_ST00049" HPOS="323" VPOS="442" WIDTH="111" HEIGHT="41" CONTENT="people" WC="0.94" CC="000030"/>
						<SP ID="P180_SP00042" HPOS="434" VPOS="483" WIDTH="15"/>
						<String ID="P180_ST00050" HPOS="449" VPOS="442" WIDTH="70" HEIGHT="30" CONTENT="who" WC="0.62" CC="153"/>
						<SP ID="P180_SP00043" HPOS="519" VPOS="483" WIDTH="21"/>
						<String ID="P180_ST00051" HPOS="540" VPOS="441" WIDTH="93" HEIGHT="31" CONTENT="could" WC="1.00" CC="00000"/>
						<SP ID="P180_SP00044" HPOS="633" VPOS="483" WIDTH="15"/>
						<String ID="P180_ST00052" HPOS="648" VPOS="441" WIDTH="71" HEIGHT="41" CONTENT="play" WC="0.81" CC="2005"/>
						<SP ID="P180_SP00045" HPOS="719" VPOS="483" WIDTH="14"/>
						<String ID="P180_ST00053" HPOS="733" VPOS="441" WIDTH="25" HEIGHT="30" CONTENT="it" WC="0.66" CC="60"/>
						<SP ID="P180_SP00046" HPOS="758" VPOS="483" WIDTH="14"/>
						<String ID="P180_ST00054" HPOS="772" VPOS="440" WIDTH="67" HEIGHT="31" CONTENT="well" WC="0.75" CC="3050"/>
						<SP ID="P180_SP00047" HPOS="839" VPOS="483" WIDTH="25"/>
						<String ID="P180_ST00055" HPOS="864" VPOS="440" WIDTH="38" HEIGHT="31" CONTENT="he" WC="1.00" CC="00"/>
						<SP ID="P180_SP00048" HPOS="902" VPOS="483" WIDTH="15"/>
						<String ID="P180_ST00056" HPOS="917" VPOS="450" WIDTH="78" HEIGHT="30" CONTENT="gave" WC="0.83" CC="0600"/>
						<SP ID="P180_SP00049" HPOS="995" VPOS="483" WIDTH="14"/>
						<String ID="P180_ST00057" HPOS="1009" VPOS="441" WIDTH="61" HEIGHT="28" CONTENT="300" WC="0.36" CC="764"/>
					</TextLine>
					<TextLine ID="P180_TL00008" HPOS="243" VPOS="496" WIDTH="829" HEIGHT="31">
						<String ID="P180_ST00058" HPOS="243" VPOS="498" WIDTH="112" HEIGHT="29" CONTENT="dollars" WC="0.79" CC="4600300"/>
						<SP ID="P180_SP00050" HPOS="355" VPOS="527" WIDTH="15"/>
						<String ID="P180_ST00059" HPOS="370" VPOS="498" WIDTH="76" HEIGHT="29" CONTENT="each" WC="0.91" CC="0300"/>
						<SP ID="P180_SP00051" HPOS="446" VPOS="527" WIDTH="9"/>
						<String ID="P180_ST00060" HPOS="455" VPOS="498" WIDTH="28" HEIGHT="29" CONTENT="t." WC="0.24" CC="86"/>
						<SP ID="P180_SP00052" HPOS="483" VPOS="527" WIDTH="44"/>
						<String ID="P180_ST00061" HPOS="527" VPOS="497" WIDTH="36" HEIGHT="30" CONTENT="If" WC="0.63" CC="34"/>
						<SP ID="P180_SP00053" HPOS="563" VPOS="527" WIDTH="19"/>
						<String ID="P180_ST00062" HPOS="582" VPOS="498" WIDTH="25" HEIGHT="29" CONTENT="it" WC="0.72" CC="40"/>
						<SP ID="P180_SP00054" HPOS="607" VPOS="527" WIDTH="14"/>
						<String ID="P180_ST00063" HPOS="621" VPOS="498" WIDTH="61" HEIGHT="29" CONTENT="had" WC="0.83" CC="004"/>
						<SP ID="P180_SP00055" HPOS="682" VPOS="527" WIDTH="15"/>
						<String ID="P180_ST00064" HPOS="697" VPOS="502" WIDTH="55" HEIGHT="25" CONTENT="not" WC="0.67" CC="701"/>
						<SP ID="P180_SP00056" HPOS="752" VPOS="527" WIDTH="23"/>
						<String ID="P180_ST00065" HPOS="775" VPOS="497" WIDTH="78" HEIGHT="30" CONTENT="been" WC="1.00" CC="0000"/>
						<SP ID="P180_SP00057" HPOS="853" VPOS="527" WIDTH="27"/>
						<String ID="P180_ST00066" HPOS="880" VPOS="496" WIDTH="48" HEIGHT="30" CONTENT="for" WC="0.61" CC="605"/>
						<SP ID="P180_SP00058" HPOS="928" VPOS="527" WIDTH="15"/>
						<String ID="P180_ST00067" HPOS="943" VPOS="496" WIDTH="61" HEIGHT="30" CONTENT="this" WC="0.69" CC="0533"/>
						<SP ID="P180_SP00059" HPOS="1004" VPOS="527" WIDTH="15"/>
						<String ID="P180_ST00068" HPOS="1019" VPOS="505" WIDTH="53" HEIGHT="21" CONTENT="ex" SUBS_TYPE="HypPart1" SUBS_CONTENT="extraordinary" WC="0.90" CC="002"/>
						<HYP CONTENT="-"/>
					</TextLine>
					<TextLine ID="P180_TL00009" HPOS="242" VPOS="553" WIDTH="829" HEIGHT="42">
						<String ID="P180_ST00069" HPOS="242" VPOS="554" WIDTH="193" HEIGHT="41" CONTENT="traordinary" SUBS_TYPE="HypPart2" SUBS_CONTENT="extraordinary" WC="0.75" CC="73000043007"/>
						<SP ID="P180_SP00060" HPOS="435" VPOS="595" WIDTH="14"/>
						<String ID="P180_ST00070" HPOS="449" VPOS="555" WIDTH="139" HEIGHT="30" CONTENT="instance" WC="0.85" CC="43100200"/>
						<SP ID="P180_SP00061" HPOS="588" VPOS="595" WIDTH="16"/>
						<String ID="P180_ST00071" HPOS="604" VPOS="555" WIDTH="38" HEIGHT="29" CONTENT="of" WC="0.97" CC="00"/>
						<SP ID="P180_SP00062" HPOS="642" VPOS="595" WIDTH="9"/>
						<String ID="P180_ST00072" HPOS="651" VPOS="555" WIDTH="213" HEIGHT="34" CONTENT="munificence," WC="0.77" CC="408011005006"/>
						<SP ID="P180_SP00063" HPOS="864" VPOS="595" WIDTH="16"/>
						<String ID="P180_ST00073" HPOS="880" VPOS="563" WIDTH="93" HEIGHT="30" CONTENT="many" WC="0.63" CC="1183"/>
						<SP ID="P180_SP00064" HPOS="973" VPOS="595" WIDTH="14"/>
						<String ID="P180_ST00074" HPOS="987" VPOS="553" WIDTH="38" HEIGHT="29" CONTENT="of" WC="0.58" CC="08"/>
						<SP ID="P180_SP00065" HPOS="1025" VPOS="595" WIDTH="10"/>
						<String ID="P180_ST00075" HPOS="1035" VPOS="562" WIDTH="36" HEIGHT="20" CONTENT="us" WC="0.31" CC="76"/>
					</TextLine>
					<TextLine ID="P180_TL00010" HPOS="243" VPOS="610" WIDTH="829" HEIGHT="39">
						<String ID="P180_ST00076" HPOS="243" VPOS="615" WIDTH="83" HEIGHT="25" CONTENT="must" WC="0.79" CC="8000"/>
						<SP ID="P180_SP00066" HPOS="326" VPOS="640" WIDTH="14"/>
						<String ID="P180_ST00077" HPOS="340" VPOS="610" WIDTH="77" HEIGHT="30" CONTENT="have" WC="0.97" CC="0000"/>
						<SP ID="P180_SP00067" HPOS="417" VPOS="640" WIDTH="16"/>
						<String ID="P180_ST00078" HPOS="433" VPOS="610" WIDTH="79" HEIGHT="30" CONTENT="been" WC="0.98" CC="0000"/>
						<SP ID="P180_SP00068" HPOS="512" VPOS="640" WIDTH="26"/>
						<String ID="P180_ST00079" HPOS="538" VPOS="610" WIDTH="138" HEIGHT="30" CONTENT="reduced" WC="0.78" CC="4044002"/>
						<SP ID="P180_SP00069" HPOS="676" VPOS="640" WIDTH="14"/>
						<String ID="P180_ST00080" HPOS="690" VPOS="615" WIDTH="33" HEIGHT="24" CONTENT="to" WC="1.00" CC="00"/>
						<SP ID="P180_SP00070" HPOS="723" VPOS="640" WIDTH="15"/>
						<String ID="P180_ST00081" HPOS="738" VPOS="620" WIDTH="18" HEIGHT="19" CONTENT="a" WC="1.00" CC="0"/>
						<SP ID="P180_SP00071" HPOS="756" VPOS="640" WIDTH="15"/>
						<String ID="P180_ST00082" HPOS="771" VPOS="610" WIDTH="136" HEIGHT="39" CONTENT="starving" WC="0.96" CC="00000011"/>
						<SP ID="P180_SP00072" HPOS="907" VPOS="649" WIDTH="22"/>
						<String ID="P180_ST00083" HPOS="929" VPOS="613" WIDTH="88" HEIGHT="30" CONTENT="state," WC="0.84" CC="200006"/>
						<SP ID="P180_SP00073" HPOS="1017" VPOS="649" WIDTH="22"/>
						<String ID="P180_ST00084" HPOS="1039" VPOS="618" WIDTH="33" HEIGHT="20" CONTENT="as" WC="0.86" CC="02"/>
					</TextLine>
					<TextLine ID="P180_TL00011" HPOS="244" VPOS="663" WIDTH="830" HEIGHT="33">
						<String ID="P180_ST00085" HPOS="244" VPOS="675" WIDTH="47" HEIGHT="20" CONTENT="we" WC="0.68" CC="60"/>
						<SP ID="P180_SP00074" HPOS="291" VPOS="695" WIDTH="15"/>
						<String ID="P180_ST00086" HPOS="306" VPOS="675" WIDTH="80" HEIGHT="20" CONTENT="were" WC="0.93" CC="0020"/>
						<SP ID="P180_SP00075" HPOS="386" VPOS="695" WIDTH="25"/>
						<String ID="P180_ST00087" HPOS="411" VPOS="665" WIDTH="148" HEIGHT="31" CONTENT="destitute" WC="0.99" CC="000000000"/>
						<SP ID="P180_SP00076" HPOS="559" VPOS="696" WIDTH="23"/>
						<String ID="P180_ST00088" HPOS="582" VPOS="665" WIDTH="39" HEIGHT="30" CONTENT="of" WC="0.65" CC="33"/>
						<SP ID="P180_SP00077" HPOS="621" VPOS="696" WIDTH="16"/>
						<String ID="P180_ST00089" HPOS="637" VPOS="665" WIDTH="41" HEIGHT="30" CONTENT="all" WC="0.73" CC="016"/>
						<SP ID="P180_SP00078" HPOS="678" VPOS="696" WIDTH="20"/>
						<String ID="P180_ST00090" HPOS="698" VPOS="675" WIDTH="105" HEIGHT="20" CONTENT="means" WC="0.86" CC="00051"/>
						<SP ID="P180_SP00079" HPOS="803" VPOS="696" WIDTH="22"/>
						<String ID="P180_ST00091" HPOS="825" VPOS="665" WIDTH="165" HEIGHT="29" CONTENT="whatever." WC="0.76" CC="207000506"/>
						<SP ID="P180_SP00080" HPOS="990" VPOS="696" WIDTH="43"/>
						<String ID="P180_ST00092" HPOS="1033" VPOS="663" WIDTH="41" HEIGHT="30" CONTENT="So" WC="0.39" CC="65"/>
					</TextLine>
					<TextLine ID="P180_TL00012" HPOS="243" VPOS="721" WIDTH="830" HEIGHT="43">
						<String ID="P180_ST00093" HPOS="243" VPOS="732" WIDTH="154" HEIGHT="31" CONTENT="generous" WC="0.75" CC="20703060"/>
						<SP ID="P180_SP00081" HPOS="397" VPOS="763" WIDTH="23"/>
						<String ID="P180_ST00094" HPOS="420" VPOS="733" WIDTH="19" HEIGHT="20" CONTENT="a" WC="0.64" CC="3"/>
						<SP ID="P180_SP00082" HPOS="439" VPOS="763" WIDTH="22"/>
						<String ID="P180_ST00095" HPOS="461" VPOS="724" WIDTH="198" HEIGHT="40" CONTENT="proceeding," WC="0.78" CC="30000002746"/>
						<SP ID="P180_SP00083" HPOS="659" VPOS="764" WIDTH="25"/>
						<String ID="P180_ST00096" HPOS="684" VPOS="722" WIDTH="102" HEIGHT="31" CONTENT="would" WC="0.60" CC="30662"/>
						<SP ID="P180_SP00084" HPOS="786" VPOS="764" WIDTH="27"/>
						<String ID="P180_ST00097" HPOS="813" VPOS="722" WIDTH="78" HEIGHT="30" CONTENT="have" WC="0.92" CC="0110"/>
						<SP ID="P180_SP00085" HPOS="891" VPOS="764" WIDTH="23"/>
						<String ID="P180_ST00098" HPOS="914" VPOS="722" WIDTH="79" HEIGHT="30" CONTENT="been" WC="0.77" CC="4004"/>
						<SP ID="P180_SP00086" HPOS="993" VPOS="764" WIDTH="16"/>
						<String ID="P180_ST00099" HPOS="1009" VPOS="721" WIDTH="31" HEIGHT="30" CONTENT="in" WC="0.33" CC="66"/>
						<SP ID="P180_SP00087" HPOS="1040" VPOS="764" WIDTH="15"/>
						<String ID="P180_ST00100" HPOS="1055" VPOS="732" WIDTH="18" HEIGHT="19" CONTENT="a" WC="0.85" CC="1"/>
					</TextLine>
					<TextLine ID="P180_TL00013" HPOS="242" VPOS="779" WIDTH="829" HEIGHT="42">
						<String ID="P180_ST00101" HPOS="242" VPOS="779" WIDTH="76" HEIGHT="41" CONTENT="high" WC="0.63" CC="4631"/>
						<SP ID="P180_SP00088" HPOS="318" VPOS="820" WIDTH="17"/>
						<String ID="P180_ST00102" HPOS="335" VPOS="780" WIDTH="113" HEIGHT="40" CONTENT="degree" WC="0.96" CC="002000"/>
						<SP ID="P180_SP00089" HPOS="448" VPOS="820" WIDTH="15"/>
						<String ID="P180_ST00103" HPOS="463" VPOS="781" WIDTH="169" HEIGHT="30" CONTENT="creditable" WC="0.90" CC="0200502000"/>
						<SP ID="P180_SP00090" HPOS="632" VPOS="820" WIDTH="13"/>
						<String ID="P180_ST00104" HPOS="645" VPOS="781" WIDTH="32" HEIGHT="29" CONTENT="in" WC="0.66" CC="60"/>
						<SP ID="P180_SP00091" HPOS="677" VPOS="820" WIDTH="12"/>
						<String ID="P180_ST00105" HPOS="689" VPOS="791" WIDTH="61" HEIGHT="30" CONTENT="any" WC="0.48" CC="077"/>
						<SP ID="P180_SP00092" HPOS="750" VPOS="821" WIDTH="11"/>
						<String ID="P180_ST00106" HPOS="761" VPOS="780" WIDTH="141" HEIGHT="30" CONTENT="civilized" WC="0.73" CC="021387000"/>
						<SP ID="P180_SP00093" HPOS="902" VPOS="821" WIDTH="17"/>
						<String ID="P180_ST00107" HPOS="919" VPOS="784" WIDTH="130" HEIGHT="36" CONTENT="country" WC="0.66" CC="0037066"/>
						<SP ID="P180_SP00094" HPOS="1049" VPOS="821" WIDTH="13"/>
						<String ID="P180_ST00108" HPOS="1062" VPOS="792" WIDTH="9" HEIGHT="25" CONTENT=";" WC="0.15" CC="8"/>
					</TextLine>
					<TextLine ID="P180_TL00014" HPOS="242" VPOS="835" WIDTH="832" HEIGHT="42">
						<String ID="P180_ST00109" HPOS="242" VPOS="835" WIDTH="67" HEIGHT="36" CONTENT="but," WC="0.69" CC="6005"/>
						<SP ID="P180_SP00095" HPOS="309" VPOS="871" WIDTH="17"/>
						<String ID="P180_ST00110" HPOS="326" VPOS="840" WIDTH="33" HEIGHT="25" CONTENT="to" WC="0.91" CC="01"/>
						<SP ID="P180_SP00096" HPOS="359" VPOS="871" WIDTH="14"/>
						<String ID="P180_ST00111" HPOS="373" VPOS="836" WIDTH="175" HEIGHT="40" CONTENT="appreciate" WC="0.83" CC="0062007000"/>
						<SP ID="P180_SP00097" HPOS="548" VPOS="876" WIDTH="22"/>
						<String ID="P180_ST00112" HPOS="570" VPOS="836" WIDTH="24" HEIGHT="30" CONTENT="it" WC="0.64" CC="70"/>
						<SP ID="P180_SP00098" HPOS="594" VPOS="876" WIDTH="10"/>
						<String ID="P180_ST00113" HPOS="604" VPOS="836" WIDTH="108" HEIGHT="41" CONTENT="justly," WC="0.53" CC="6302776"/>
						<SP ID="P180_SP00099" HPOS="712" VPOS="877" WIDTH="21"/>
						<String ID="P180_ST00114" HPOS="733" VPOS="836" WIDTH="25" HEIGHT="30" CONTENT="it" WC="0.79" CC="40"/>
						<SP ID="P180_SP00100" HPOS="758" VPOS="877" WIDTH="14"/>
						<String ID="P180_ST00115" HPOS="772" VPOS="841" WIDTH="82" HEIGHT="25" CONTENT="must" WC="1.00" CC="0000"/>
						<SP ID="P180_SP00101" HPOS="854" VPOS="877" WIDTH="15"/>
						<String ID="P180_ST00116" HPOS="869" VPOS="837" WIDTH="38" HEIGHT="29" CONTENT="be" WC="0.64" CC="70"/>
						<SP ID="P180_SP00102" HPOS="907" VPOS="877" WIDTH="15"/>
						<String ID="P180_ST00117" HPOS="922" VPOS="836" WIDTH="152" HEIGHT="29" CONTENT="consider" SUBS_TYPE="HypPart1" SUBS_CONTENT="considered," WC="0.65" CC="006356053"/>
						<HYP CONTENT="-"/>
					</TextLine>
					<TextLine ID="P180_TL00015" HPOS="244" VPOS="890" WIDTH="831" HEIGHT="42">
						<String ID="P180_ST00118" HPOS="244" VPOS="890" WIDTH="50" HEIGHT="36" CONTENT="ed," SUBS_TYPE="HypPart2" SUBS_CONTENT="considered," WC="0.83" CC="005"/>
						<SP ID="P180_SP00103" HPOS="294" VPOS="926" WIDTH="16"/>
						<String ID="P180_ST00119" HPOS="310" VPOS="891" WIDTH="68" HEIGHT="30" CONTENT="that" WC="0.92" CC="0003"/>
						<SP ID="P180_SP00104" HPOS="378" VPOS="926" WIDTH="14"/>
						<String ID="P180_ST00120" HPOS="392" VPOS="902" WIDTH="113" HEIGHT="30" CONTENT="money" WC="0.65" CC="40705"/>
						<SP ID="P180_SP00105" HPOS="505" VPOS="932" WIDTH="13"/>
						<String ID="P180_ST00121" HPOS="518" VPOS="902" WIDTH="61" HEIGHT="20" CONTENT="was" WC="0.66" CC="323"/>
						<SP ID="P180_SP00106" HPOS="579" VPOS="932" WIDTH="14"/>
						<String ID="P180_ST00122" HPOS="593" VPOS="897" WIDTH="34" HEIGHT="25" CONTENT="to" WC="0.84" CC="03"/>
						<SP ID="P180_SP00107" HPOS="627" VPOS="932" WIDTH="15"/>
						<String ID="P180_ST00123" HPOS="642" VPOS="892" WIDTH="53" HEIGHT="30" CONTENT="the" WC="0.90" CC="030"/>
						<SP ID="P180_SP00108" HPOS="695" VPOS="932" WIDTH="16"/>
						<String ID="P180_ST00124" HPOS="711" VPOS="892" WIDTH="76" HEIGHT="39" CONTENT="king" WC="0.62" CC="1560"/>
						<SP ID="P180_SP00109" HPOS="787" VPOS="932" WIDTH="15"/>
						<String ID="P180_ST00125" HPOS="802" VPOS="891" WIDTH="62" HEIGHT="30" CONTENT="and" WC="0.78" CC="060"/>
						<SP ID="P180_SP00110" HPOS="864" VPOS="932" WIDTH="14"/>
						<String ID="P180_ST00126" HPOS="878" VPOS="891" WIDTH="47" HEIGHT="30" CONTENT="his" WC="0.48" CC="635"/>
						<SP ID="P180_SP00111" HPOS="925" VPOS="932" WIDTH="15"/>
						<String ID="P180_ST00127" HPOS="940" VPOS="891" WIDTH="135" HEIGHT="41" CONTENT="subjects" WC="0.74" CC="10650006"/>
					</TextLine>
					<TextLine ID="P180_TL00016" HPOS="244" VPOS="946" WIDTH="830" HEIGHT="42">
						<String ID="P180_ST00128" HPOS="244" VPOS="946" WIDTH="95" HEIGHT="30" CONTENT="much" WC="0.69" CC="7004"/>
						<SP ID="P180_SP00112" HPOS="339" VPOS="976" WIDTH="15"/>
						<String ID="P180_ST00129" HPOS="354" VPOS="947" WIDTH="38" HEIGHT="29" CONTENT="of" WC="0.95" CC="00"/>
						<SP ID="P180_SP00113" HPOS="392" VPOS="976" WIDTH="13"/>
						<String ID="P180_ST00130" HPOS="405" VPOS="958" WIDTH="18" HEIGHT="18" CONTENT="a" WC="1.00" CC="0"/>
						<SP ID="P180_SP00114" HPOS="423" VPOS="976" WIDTH="20"/>
						<String ID="P180_ST00131" HPOS="443" VPOS="947" WIDTH="134" HEIGHT="41" CONTENT="novelty," WC="0.75" CC="40000176"/>
						<SP ID="P180_SP00115" HPOS="577" VPOS="988" WIDTH="16"/>
						<String ID="P180_ST00132" HPOS="593" VPOS="947" WIDTH="63" HEIGHT="30" CONTENT="and" WC="0.68" CC="080"/>
						<SP ID="P180_SP00116" HPOS="656" VPOS="988" WIDTH="14"/>
						<String ID="P180_ST00133" HPOS="670" VPOS="947" WIDTH="68" HEIGHT="30" CONTENT="that" WC="0.95" CC="0100"/>
						<SP ID="P180_SP00117" HPOS="738" VPOS="988" WIDTH="13"/>
						<String ID="P180_ST00134" HPOS="751" VPOS="947" WIDTH="76" HEIGHT="41" CONTENT="they" WC="0.85" CC="0005"/>
						<SP ID="P180_SP00118" HPOS="827" VPOS="988" WIDTH="15"/>
						<String ID="P180_ST00135" HPOS="842" VPOS="947" WIDTH="144" HEIGHT="30" CONTENT="attached" WC="0.83" CC="30000024"/>
						<SP ID="P180_SP00119" HPOS="986" VPOS="988" WIDTH="16"/>
						<String ID="P180_ST00136" HPOS="1002" VPOS="952" WIDTH="33" HEIGHT="24" CONTENT="to" WC="1.00" CC="00"/>
						<SP ID="P180_SP00120" HPOS="1035" VPOS="988" WIDTH="14"/>
						<String ID="P180_ST00137" HPOS="1049" VPOS="946" WIDTH="25" HEIGHT="30" CONTENT="it" WC="0.49" CC="72"/>
					</TextLine>
					<TextLine ID="P180_TL00017" HPOS="245" VPOS="1001" WIDTH="834" HEIGHT="43">
						<String ID="P180_ST00138" HPOS="245" VPOS="1011" WIDTH="20" HEIGHT="20" CONTENT="a" WC="1.00" CC="0"/>
						<SP ID="P180_SP00121" HPOS="265" VPOS="1031" WIDTH="14"/>
						<String ID="P180_ST00139" HPOS="279" VPOS="1001" WIDTH="114" HEIGHT="40" CONTENT="degree" WC="0.84" CC="500400"/>
						<SP ID="P180_SP00122" HPOS="393" VPOS="1041" WIDTH="26"/>
						<String ID="P180_ST00140" HPOS="419" VPOS="1002" WIDTH="40" HEIGHT="30" CONTENT="of" WC="0.64" CC="42"/>
						<SP ID="P180_SP00123" HPOS="459" VPOS="1041" WIDTH="15"/>
						<String ID="P180_ST00141" HPOS="474" VPOS="1002" WIDTH="99" HEIGHT="36" CONTENT="value," WC="0.73" CC="004506"/>
						<SP ID="P180_SP00124" HPOS="573" VPOS="1041" WIDTH="26"/>
						<String ID="P180_ST00142" HPOS="599" VPOS="1002" WIDTH="149" HEIGHT="42" CONTENT="probably" WC="0.78" CC="60031005"/>
						<SP ID="P180_SP00125" HPOS="748" VPOS="1044" WIDTH="22"/>
						<String ID="P180_ST00143" HPOS="770" VPOS="1002" WIDTH="177" HEIGHT="41" CONTENT="surpassing" WC="0.74" CC="0241005740"/>
						<SP ID="P180_SP00126" HPOS="947" VPOS="1044" WIDTH="14"/>
						<String ID="P180_ST00144" HPOS="961" VPOS="1002" WIDTH="68" HEIGHT="30" CONTENT="that" WC="0.69" CC="0650"/>
						<SP ID="P180_SP00127" HPOS="1029" VPOS="1044" WIDTH="14"/>
						<String ID="P180_ST00145" HPOS="1043" VPOS="1002" WIDTH="36" HEIGHT="29" CONTENT="of" WC="0.77" CC="04"/>
					</TextLine>
					<TextLine ID="P180_TL00018" HPOS="245" VPOS="1057" WIDTH="834" HEIGHT="41">
						<String ID="P180_ST00146" HPOS="245" VPOS="1057" WIDTH="55" HEIGHT="30" CONTENT="the" WC="0.78" CC="600"/>
						<SP ID="P180_SP00128" HPOS="300" VPOS="1087" WIDTH="15"/>
						<String ID="P180_ST00147" HPOS="315" VPOS="1062" WIDTH="80" HEIGHT="25" CONTENT="most" WC="0.81" CC="6000"/>
						<SP ID="P180_SP00129" HPOS="395" VPOS="1087" WIDTH="14"/>
						<String ID="P180_ST00148" HPOS="409" VPOS="1058" WIDTH="168" HEIGHT="30" CONTENT="avaricious" WC="0.84" CC="0006500030"/>
						<SP ID="P180_SP00130" HPOS="577" VPOS="1088" WIDTH="15"/>
						<String ID="P180_ST00149" HPOS="592" VPOS="1057" WIDTH="101" HEIGHT="37" CONTENT="miser," WC="0.82" CC="040006"/>
						<SP ID="P180_SP00131" HPOS="693" VPOS="1094" WIDTH="11"/>
						<String ID="P180_ST00150" HPOS="704" VPOS="1057" WIDTH="128" HEIGHT="41" CONTENT="looking" WC="0.71" CC="6001271"/>
						<SP ID="P180_SP00132" HPOS="832" VPOS="1098" WIDTH="10"/>
						<String ID="P180_ST00151" HPOS="842" VPOS="1063" WIDTH="34" HEIGHT="26" CONTENT="to" WC="0.57" CC="80"/>
						<SP ID="P180_SP00133" HPOS="876" VPOS="1098" WIDTH="14"/>
						<String ID="P180_ST00152" HPOS="890" VPOS="1058" WIDTH="25" HEIGHT="30" CONTENT="it" WC="0.86" CC="20"/>
						<SP ID="P180_SP00134" HPOS="915" VPOS="1098" WIDTH="15"/>
						<String ID="P180_ST00153" HPOS="930" VPOS="1068" WIDTH="32" HEIGHT="20" CONTENT="as" WC="0.85" CC="20"/>
						<SP ID="P180_SP00135" HPOS="962" VPOS="1098" WIDTH="10"/>
						<String ID="P180_ST00154" HPOS="972" VPOS="1068" WIDTH="57" HEIGHT="20" CONTENT="one" WC="0.80" CC="060"/>
						<SP ID="P180_SP00136" HPOS="1029" VPOS="1098" WIDTH="15"/>
						<String ID="P180_ST00155" HPOS="1044" VPOS="1057" WIDTH="35" HEIGHT="31" CONTENT="of" WC="0.69" CC="06"/>
					</TextLine>
					<TextLine ID="P180_TL00019" HPOS="246" VPOS="1112" WIDTH="828" HEIGHT="42">
						<String ID="P180_ST00156" HPOS="246" VPOS="1112" WIDTH="83" HEIGHT="30" CONTENT="their" WC="0.89" CC="00040"/>
						<SP ID="P180_SP00137" HPOS="329" VPOS="1142" WIDTH="14"/>
						<String ID="P180_ST00157" HPOS="343" VPOS="1112" WIDTH="90" HEIGHT="31" CONTENT="chief" WC="0.85" CC="02103"/>
						<SP ID="P180_SP00138" HPOS="433" VPOS="1143" WIDTH="9"/>
						<String ID="P180_ST00158" HPOS="442" VPOS="1123" WIDTH="104" HEIGHT="20" CONTENT="means" WC="0.88" CC="00140"/>
						<SP ID="P180_SP00139" HPOS="546" VPOS="1143" WIDTH="15"/>
						<String ID="P180_ST00159" HPOS="561" VPOS="1112" WIDTH="39" HEIGHT="31" CONTENT="of" WC="1.00" CC="00"/>
						<SP ID="P180_SP00140" HPOS="600" VPOS="1143" WIDTH="16"/>
						<String ID="P180_ST00160" HPOS="616" VPOS="1112" WIDTH="164" HEIGHT="42" CONTENT="happiness" WC="0.80" CC="034422000"/>
						<SP ID="P180_SP00141" HPOS="780" VPOS="1154" WIDTH="14"/>
						<String ID="P180_ST00161" HPOS="794" VPOS="1112" WIDTH="32" HEIGHT="31" CONTENT="in" WC="0.44" CC="46"/>
						<SP ID="P180_SP00142" HPOS="826" VPOS="1154" WIDTH="24"/>
						<String ID="P180_ST00162" HPOS="850" VPOS="1113" WIDTH="61" HEIGHT="31" CONTENT="this" WC="0.91" CC="0030"/>
						<SP ID="P180_SP00143" HPOS="911" VPOS="1154" WIDTH="22"/>
						<String ID="P180_ST00163" HPOS="933" VPOS="1112" WIDTH="63" HEIGHT="38" CONTENT="life," WC="0.68" CC="06404"/>
						<SP ID="P180_SP00144" HPOS="996" VPOS="1154" WIDTH="20"/>
						<String ID="P180_ST00164" HPOS="1016" VPOS="1113" WIDTH="58" HEIGHT="30" CONTENT="and" WC="0.53" CC="076"/>
					</TextLine>
					<TextLine ID="P180_TL00020" HPOS="247" VPOS="1168" WIDTH="827" HEIGHT="41">
						<String ID="P180_ST00165" HPOS="247" VPOS="1168" WIDTH="81" HEIGHT="30" CONTENT="their" WC="0.78" CC="30006"/>
						<SP ID="P180_SP00145" HPOS="328" VPOS="1198" WIDTH="25"/>
						<String ID="P180_ST00166" HPOS="353" VPOS="1168" WIDTH="81" HEIGHT="40" CONTENT="hope" WC="0.90" CC="2100"/>
						<SP ID="P180_SP00146" HPOS="434" VPOS="1208" WIDTH="15"/>
						<String ID="P180_ST00167" HPOS="449" VPOS="1168" WIDTH="38" HEIGHT="30" CONTENT="of" WC="0.58" CC="08"/>
						<SP ID="P180_SP00147" HPOS="487" VPOS="1208" WIDTH="23"/>
						<String ID="P180_ST00168" HPOS="510" VPOS="1179" WIDTH="203" HEIGHT="30" CONTENT="recompence" WC="0.90" CC="4000200300"/>
						<SP ID="P180_SP00148" HPOS="713" VPOS="1209" WIDTH="23"/>
						<String ID="P180_ST00169" HPOS="736" VPOS="1169" WIDTH="32" HEIGHT="29" CONTENT="in" WC="0.51" CC="72"/>
						<SP ID="P180_SP00149" HPOS="768" VPOS="1209" WIDTH="27"/>
						<String ID="P180_ST00170" HPOS="795" VPOS="1169" WIDTH="52" HEIGHT="30" CONTENT="the" WC="1.00" CC="000"/>
						<SP ID="P180_SP00150" HPOS="847" VPOS="1209" WIDTH="24"/>
						<String ID="P180_ST00171" HPOS="871" VPOS="1174" WIDTH="85" HEIGHT="26" CONTENT="next." WC="0.87" CC="60000"/>
						<SP ID="P180_SP00151" HPOS="956" VPOS="1209" WIDTH="45"/>
						<String ID="P180_ST00172" HPOS="1001" VPOS="1169" WIDTH="73" HEIGHT="31" CONTENT="This" WC="0.72" CC="0217"/>
					</TextLine>
					<TextLine ID="P180_TL00021" HPOS="246" VPOS="1223" WIDTH="827" HEIGHT="43">
						<String ID="P180_ST00173" HPOS="246" VPOS="1223" WIDTH="132" HEIGHT="41" CONTENT="passion," WC="0.73" CC="60003056"/>
						<SP ID="P180_SP00152" HPOS="378" VPOS="1264" WIDTH="20"/>
						<String ID="P180_ST00174" HPOS="398" VPOS="1234" WIDTH="41" HEIGHT="20" CONTENT="no" WC="0.73" CC="50"/>
						<SP ID="P180_SP00153" HPOS="439" VPOS="1264" WIDTH="22"/>
						<String ID="P180_ST00175" HPOS="461" VPOS="1223" WIDTH="106" HEIGHT="37" CONTENT="doubt," WC="0.79" CC="400016"/>
						<SP ID="P180_SP00154" HPOS="567" VPOS="1264" WIDTH="26"/>
						<String ID="P180_ST00176" HPOS="593" VPOS="1224" WIDTH="99" HEIGHT="30" CONTENT="found" WC="0.88" CC="00060"/>
						<SP ID="P180_SP00155" HPOS="692" VPOS="1264" WIDTH="23"/>
						<String ID="P180_ST00177" HPOS="715" VPOS="1225" WIDTH="31" HEIGHT="29" CONTENT="in" WC="0.63" CC="33"/>
						<SP ID="P180_SP00156" HPOS="746" VPOS="1264" WIDTH="27"/>
						<String ID="P180_ST00178" HPOS="773" VPOS="1225" WIDTH="53" HEIGHT="30" CONTENT="the" WC="0.71" CC="260"/>
						<SP ID="P180_SP00157" HPOS="826" VPOS="1264" WIDTH="16"/>
						<String ID="P180_ST00179" HPOS="842" VPOS="1225" WIDTH="102" HEIGHT="41" CONTENT="king's" WC="0.59" CC="055263"/>
						<SP ID="P180_SP00158" HPOS="944" VPOS="1266" WIDTH="15"/>
						<String ID="P180_ST00180" HPOS="959" VPOS="1226" WIDTH="84" HEIGHT="30" CONTENT="mind" WC="0.56" CC="6730"/>
						<SP ID="P180_SP00159" HPOS="1043" VPOS="1266" WIDTH="14"/>
						<String ID="P180_ST00181" HPOS="1057" VPOS="1237" WIDTH="16" HEIGHT="19" CONTENT="a" WC="0.18" CC="8"/>
					</TextLine>
					<TextLine ID="P180_TL00022" HPOS="246" VPOS="1278" WIDTH="828" HEIGHT="41">
						<String ID="P180_ST00182" HPOS="246" VPOS="1278" WIDTH="218" HEIGHT="41" CONTENT="counterpoise" WC="0.84" CC="400000420700"/>
						<SP ID="P180_SP00160" HPOS="464" VPOS="1319" WIDTH="15"/>
						<String ID="P180_ST00183" HPOS="479" VPOS="1278" WIDTH="32" HEIGHT="30" CONTENT="in" WC="0.67" CC="41"/>
						<SP ID="P180_SP00161" HPOS="511" VPOS="1319" WIDTH="15"/>
						<String ID="P180_ST00184" HPOS="526" VPOS="1278" WIDTH="47" HEIGHT="32" CONTENT="his" WC="0.71" CC="071"/>
						<SP ID="P180_SP00162" HPOS="573" VPOS="1319" WIDTH="15"/>
						<String ID="P180_ST00185" HPOS="588" VPOS="1279" WIDTH="116" HEIGHT="40" CONTENT="feeling" WC="0.76" CC="2000471"/>
						<SP ID="P180_SP00163" HPOS="704" VPOS="1319" WIDTH="13"/>
						<String ID="P180_ST00186" HPOS="717" VPOS="1279" WIDTH="49" HEIGHT="32" CONTENT="for" WC="0.74" CC="007"/>
						<SP ID="P180_SP00164" HPOS="766" VPOS="1319" WIDTH="15"/>
						<String ID="P180_ST00187" HPOS="781" VPOS="1291" WIDTH="57" HEIGHT="20" CONTENT="our" WC="0.90" CC="002"/>
						<SP ID="P180_SP00165" HPOS="838" VPOS="1319" WIDTH="16"/>
						<String ID="P180_ST00188" HPOS="854" VPOS="1281" WIDTH="123" HEIGHT="31" CONTENT="distress" WC="0.90" CC="05000020"/>
						<String ID="P180_ST00189" HPOS="988" VPOS="1295" WIDTH="9" HEIGHT="24" CONTENT=";" WC="0.14" CC="8"/>
						<SP ID="P180_SP00166" HPOS="997" VPOS="1319" WIDTH="23"/>
						<String ID="P180_ST00190" HPOS="1020" VPOS="1283" WIDTH="54" HEIGHT="29" CONTENT="but" WC="0.81" CC="050"/>
					</TextLine>
				</TextBlock>
				<TextBlock ID="P180_TB00003" HPOS="242" VPOS="1381" WIDTH="840" HEIGHT="185" STYLEREFS="TXT_1 PAR_LEFT">
					<TextLine ID="P180_TL00023" HPOS="276" VPOS="1382" WIDTH="805" HEIGHT="35">
						<String ID="P180_ST00191" HPOS="276" VPOS="1383" WIDTH="16" HEIGHT="14" CONTENT="*" WC="1.00" CC="0"/>
						<SP ID="P180_SP00167" HPOS="292" VPOS="1397" WIDTH="13"/>
						<String ID="P180_ST00192" HPOS="305" VPOS="1382" WIDTH="12" HEIGHT="24" CONTENT="I" WC="0.63" CC="3"/>
						<SP ID="P180_SP00168" HPOS="317" VPOS="1406" WIDTH="9"/>
						<String ID="P180_ST00193" HPOS="326" VPOS="1389" WIDTH="50" HEIGHT="17" CONTENT="was" WC="0.41" CC="727"/>
						<SP ID="P180_SP00169" HPOS="376" VPOS="1406" WIDTH="11"/>
						<String ID="P180_ST00194" HPOS="387" VPOS="1383" WIDTH="26" HEIGHT="23" CONTENT="ill" WC="0.57" CC="452"/>
						<SP ID="P180_SP00170" HPOS="413" VPOS="1406" WIDTH="13"/>
						<String ID="P180_ST00195" HPOS="426" VPOS="1387" WIDTH="25" HEIGHT="19" CONTENT="at" WC="0.90" CC="02"/>
						<SP ID="P180_SP00171" HPOS="451" VPOS="1406" WIDTH="12"/>
						<String ID="P180_ST00196" HPOS="463" VPOS="1383" WIDTH="41" HEIGHT="23" CONTENT="the" WC="0.81" CC="500"/>
						<SP ID="P180_SP00172" HPOS="504" VPOS="1406" WIDTH="8"/>
						<String ID="P180_ST00197" HPOS="512" VPOS="1383" WIDTH="68" HEIGHT="29" CONTENT="time," WC="0.57" CC="66107"/>
						<SP ID="P180_SP00173" HPOS="580" VPOS="1412" WIDTH="13"/>
						<String ID="P180_ST00198" HPOS="593" VPOS="1384" WIDTH="47" HEIGHT="24" CONTENT="and" WC="0.36" CC="648"/>
						<SP ID="P180_SP00174" HPOS="640" VPOS="1412" WIDTH="12"/>
						<String ID="P180_ST00199" HPOS="652" VPOS="1392" WIDTH="50" HEIGHT="16" CONTENT="was" WC="0.52" CC="806"/>
						<SP ID="P180_SP00175" HPOS="702" VPOS="1412" WIDTH="7"/>
						<String ID="P180_ST00200" HPOS="709" VPOS="1388" WIDTH="44" HEIGHT="21" CONTENT="not" WC="0.71" CC="440"/>
						<SP ID="P180_SP00176" HPOS="753" VPOS="1412" WIDTH="11"/>
						<String ID="P180_ST00201" HPOS="764" VPOS="1389" WIDTH="99" HEIGHT="28" CONTENT="present" WC="0.69" CC="2318302"/>
						<SP ID="P180_SP00177" HPOS="863" VPOS="1417" WIDTH="10"/>
						<String ID="P180_ST00202" HPOS="873" VPOS="1388" WIDTH="25" HEIGHT="21" CONTENT="at" WC="0.87" CC="02"/>
						<SP ID="P180_SP00178" HPOS="898" VPOS="1417" WIDTH="11"/>
						<String ID="P180_ST00203" HPOS="909" VPOS="1386" WIDTH="42" HEIGHT="23" CONTENT="the" WC="1.00" CC="000"/>
						<SP ID="P180_SP00179" HPOS="951" VPOS="1417" WIDTH="16"/>
						<String ID="P180_ST00204" HPOS="967" VPOS="1385" WIDTH="114" HEIGHT="24" CONTENT="distribu" SUBS_TYPE="HypPart1" SUBS_CONTENT="distribution" WC="0.52" CC="873416704"/>
						<HYP CONTENT="-"/>
					</TextLine>
					<TextLine ID="P180_TL00024" HPOS="242" VPOS="1422" WIDTH="839" HEIGHT="34">
						<String ID="P180_ST00205" HPOS="242" VPOS="1422" WIDTH="54" HEIGHT="24" CONTENT="tion" SUBS_TYPE="HypPart2" SUBS_CONTENT="distribution" WC="0.55" CC="0384"/>
						<SP ID="P180_SP00180" HPOS="296" VPOS="1446" WIDTH="7"/>
						<String ID="P180_ST00206" HPOS="303" VPOS="1433" WIDTH="9" HEIGHT="19" CONTENT=";" WC="0.24" CC="7"/>
						<SP ID="P180_SP00181" HPOS="312" VPOS="1452" WIDTH="17"/>
						<String ID="P180_ST00207" HPOS="329" VPOS="1423" WIDTH="53" HEIGHT="28" CONTENT="but," WC="0.70" CC="0407"/>
						<SP ID="P180_SP00182" HPOS="382" VPOS="1452" WIDTH="20"/>
						<String ID="P180_ST00208" HPOS="402" VPOS="1423" WIDTH="12" HEIGHT="23" CONTENT="I" WC="1.00" CC="0"/>
						<SP ID="P180_SP00183" HPOS="414" VPOS="1452" WIDTH="19"/>
						<String ID="P180_ST00209" HPOS="433" VPOS="1423" WIDTH="82" HEIGHT="29" CONTENT="think," WC="0.71" CC="012066"/>
						<SP ID="P180_SP00184" HPOS="515" VPOS="1452" WIDTH="18"/>
						<String ID="P180_ST00210" HPOS="533" VPOS="1423" WIDTH="43" HEIGHT="24" CONTENT="the" WC="0.75" CC="330"/>
						<SP ID="P180_SP00185" HPOS="576" VPOS="1452" WIDTH="19"/>
						<String ID="P180_ST00211" HPOS="595" VPOS="1425" WIDTH="155" HEIGHT="31" CONTENT="proportions" WC="0.70" CC="60400505270"/>
						<SP ID="P180_SP00186" HPOS="750" VPOS="1456" WIDTH="21"/>
						<String ID="P180_ST00212" HPOS="771" VPOS="1433" WIDTH="64" HEIGHT="16" CONTENT="were" WC="0.80" CC="3300"/>
						<SP ID="P180_SP00187" HPOS="835" VPOS="1456" WIDTH="18"/>
						<String ID="P180_ST00213" HPOS="853" VPOS="1433" WIDTH="26" HEIGHT="16" CONTENT="as" WC="0.72" CC="50"/>
						<SP ID="P180_SP00188" HPOS="879" VPOS="1456" WIDTH="21"/>
						<String ID="P180_ST00214" HPOS="900" VPOS="1426" WIDTH="11" HEIGHT="23" CONTENT="I" WC="0.58" CC="4"/>
						<SP ID="P180_SP00189" HPOS="911" VPOS="1456" WIDTH="20"/>
						<String ID="P180_ST00215" HPOS="931" VPOS="1426" WIDTH="61" HEIGHT="23" CONTENT="have" WC="0.76" CC="6020"/>
						<SP ID="P180_SP00190" HPOS="992" VPOS="1456" WIDTH="12"/>
						<String ID="P180_ST00216" HPOS="1004" VPOS="1424" WIDTH="77" HEIGHT="25" CONTENT="stated" WC="0.45" CC="435638"/>
					</TextLine>
					<TextLine ID="P180_TL00025" HPOS="243" VPOS="1462" WIDTH="839" HEIGHT="34">
						<String ID="P180_ST00217" HPOS="243" VPOS="1462" WIDTH="75" HEIGHT="25" CONTENT="them." WC="0.69" CC="44060"/>
						<SP ID="P180_SP00191" HPOS="318" VPOS="1487" WIDTH="35"/>
						<String ID="P180_ST00218" HPOS="353" VPOS="1462" WIDTH="55" HEIGHT="25" CONTENT="The" WC="0.53" CC="750"/>
						<SP ID="P180_SP00192" HPOS="408" VPOS="1487" WIDTH="11"/>
						<String ID="P180_ST00219" HPOS="419" VPOS="1463" WIDTH="75" HEIGHT="24" CONTENT="result" WC="0.60" CC="823053"/>
						<SP ID="P180_SP00193" HPOS="494" VPOS="1487" WIDTH="17"/>
						<String ID="P180_ST00220" HPOS="511" VPOS="1464" WIDTH="119" HEIGHT="32" CONTENT="certainly" WC="0.54" CC="607237256"/>
						<SP ID="P180_SP00194" HPOS="630" VPOS="1496" WIDTH="12"/>
						<String ID="P180_ST00221" HPOS="642" VPOS="1464" WIDTH="101" HEIGHT="24" CONTENT="differed" WC="0.80" CC="01000706"/>
						<SP ID="P180_SP00195" HPOS="743" VPOS="1496" WIDTH="17"/>
						<String ID="P180_ST00222" HPOS="760" VPOS="1465" WIDTH="64" HEIGHT="23" CONTENT="from" WC="0.67" CC="6600"/>
						<SP ID="P180_SP00196" HPOS="824" VPOS="1496" WIDTH="17"/>
						<String ID="P180_ST00223" HPOS="841" VPOS="1466" WIDTH="66" HEIGHT="23" CONTENT="what" WC="0.29" CC="7875"/>
						<SP ID="P180_SP00197" HPOS="907" VPOS="1496" WIDTH="17"/>
						<String ID="P180_ST00224" HPOS="924" VPOS="1473" WIDTH="47" HEIGHT="15" CONTENT="was" WC="0.64" CC="604"/>
						<SP ID="P180_SP00198" HPOS="971" VPOS="1496" WIDTH="12"/>
						<String ID="P180_ST00225" HPOS="983" VPOS="1465" WIDTH="49" HEIGHT="23" CONTENT="first" WC="0.77" CC="00640"/>
						<SP ID="P180_SP00199" HPOS="1032" VPOS="1496" WIDTH="13"/>
						<String ID="P180_ST00226" HPOS="1045" VPOS="1464" WIDTH="37" HEIGHT="23" CONTENT="in" SUBS_TYPE="HypPart1" SUBS_CONTENT="intended," WC="0.35" CC="783"/>
						<HYP CONTENT="-"/>
					</TextLine>
					<TextLine ID="P180_TL00026" HPOS="243" VPOS="1502" WIDTH="839" HEIGHT="32">
						<String ID="P180_ST00227" HPOS="243" VPOS="1502" WIDTH="100" HEIGHT="29" CONTENT="tended," SUBS_TYPE="HypPart2" SUBS_CONTENT="intended," WC="0.66" CC="0015087"/>
						<SP ID="P180_SP00200" HPOS="343" VPOS="1531" WIDTH="13"/>
						<String ID="P180_ST00228" HPOS="356" VPOS="1503" WIDTH="117" HEIGHT="31" CONTENT="probably" WC="0.67" CC="22270730"/>
						<SP ID="P180_SP00201" HPOS="473" VPOS="1534" WIDTH="13"/>
						<String ID="P180_ST00229" HPOS="486" VPOS="1503" WIDTH="62" HEIGHT="24" CONTENT="from" WC="0.55" CC="7603"/>
						<SP ID="P180_SP00202" HPOS="548" VPOS="1534" WIDTH="10"/>
						<String ID="P180_ST00230" HPOS="558" VPOS="1511" WIDTH="67" HEIGHT="16" CONTENT="some" WC="0.59" CC="4550"/>
						<SP ID="P180_SP00203" HPOS="625" VPOS="1534" WIDTH="11"/>
						<String ID="P180_ST00231" HPOS="636" VPOS="1504" WIDTH="134" HEIGHT="24" CONTENT="accidental" WC="0.68" CC="4005800355"/>
						<SP ID="P180_SP00204" HPOS="770" VPOS="1534" WIDTH="12"/>
						<String ID="P180_ST00232" HPOS="782" VPOS="1513" WIDTH="79" HEIGHT="21" CONTENT="cause," WC="0.75" CC="002057"/>
						<SP ID="P180_SP00205" HPOS="861" VPOS="1534" WIDTH="13"/>
						<String ID="P180_ST00233" HPOS="874" VPOS="1505" WIDTH="28" HEIGHT="24" CONTENT="of" WC="0.86" CC="20"/>
						<SP ID="P180_SP00206" HPOS="902" VPOS="1534" WIDTH="8"/>
						<String ID="P180_ST00234" HPOS="910" VPOS="1504" WIDTH="79" HEIGHT="25" CONTENT="which" WC="0.42" CC="87425"/>
						<SP ID="P180_SP00207" HPOS="989" VPOS="1534" WIDTH="11"/>
						<String ID="P180_ST00235" HPOS="1000" VPOS="1504" WIDTH="9" HEIGHT="23" CONTENT="I" WC="0.47" CC="5"/>
						<SP ID="P180_SP00208" HPOS="1009" VPOS="1534" WIDTH="12"/>
						<String ID="P180_ST00236" HPOS="1021" VPOS="1504" WIDTH="61" HEIGHT="23" CONTENT="have" WC="0.67" CC="1523"/>
					</TextLine>
					<TextLine ID="P180_TL00027" HPOS="244" VPOS="1543" WIDTH="376" HEIGHT="23">
						<String ID="P180_ST00237" HPOS="244" VPOS="1547" WIDTH="33" HEIGHT="16" CONTENT="no" WC="0.70" CC="41"/>
						<SP ID="P180_SP00209" HPOS="277" VPOS="1563" WIDTH="11"/>
						<String ID="P180_ST00238" HPOS="288" VPOS="1545" WIDTH="57" HEIGHT="20" CONTENT="note" WC="0.54" CC="6550"/>
						<SP ID="P180_SP00210" HPOS="345" VPOS="1565" WIDTH="12"/>
						<String ID="P180_ST00239" HPOS="357" VPOS="1543" WIDTH="48" HEIGHT="22" CONTENT="and" WC="0.35" CC="648"/>
						<SP ID="P180_SP00211" HPOS="405" VPOS="1565" WIDTH="12"/>
						<String ID="P180_ST00240" HPOS="417" VPOS="1550" WIDTH="33" HEIGHT="16" CONTENT="no" WC="0.69" CC="60"/>
						<SP ID="P180_SP00212" HPOS="450" VPOS="1566" WIDTH="9"/>
						<String ID="P180_ST00241" HPOS="459" VPOS="1543" WIDTH="161" HEIGHT="23" CONTENT="recollection." WC="0.77" CC="4047200304100"/>
					</TextLine>
				</TextBlock>
				<TextBlock ID="P180_TB00004" HPOS="241" VPOS="1580" WIDTH="841" HEIGHT="69" STYLEREFS="TXT_1 PAR_LEFT">
					<TextLine ID="P180_TL00028" HPOS="276" VPOS="1581" WIDTH="806" HEIGHT="36">
						<String ID="P180_ST00242" HPOS="276" VPOS="1581" WIDTH="17" HEIGHT="23" CONTENT="1*" WC="0.21" CC="87"/>
						<SP ID="P180_SP00213" HPOS="293" VPOS="1604" WIDTH="13"/>
						<String ID="P180_ST00243" HPOS="306" VPOS="1581" WIDTH="55" HEIGHT="23" CONTENT="One" WC="0.85" CC="040"/>
						<SP ID="P180_SP00214" HPOS="361" VPOS="1604" WIDTH="13"/>
						<String ID="P180_ST00244" HPOS="374" VPOS="1582" WIDTH="29" HEIGHT="23" CONTENT="of" WC="0.88" CC="02"/>
						<SP ID="P180_SP00215" HPOS="403" VPOS="1605" WIDTH="14"/>
						<String ID="P180_ST00245" HPOS="417" VPOS="1583" WIDTH="68" HEIGHT="24" CONTENT="them" WC="0.77" CC="0404"/>
						<SP ID="P180_SP00216" HPOS="485" VPOS="1607" WIDTH="21"/>
						<String ID="P180_ST00246" HPOS="506" VPOS="1592" WIDTH="50" HEIGHT="16" CONTENT="was" WC="0.46" CC="735"/>
						<SP ID="P180_SP00217" HPOS="556" VPOS="1608" WIDTH="19"/>
						<String ID="P180_ST00247" HPOS="575" VPOS="1584" WIDTH="110" HEIGHT="32" CONTENT="corporal" WC="0.58" CC="03051757"/>
						<SP ID="P180_SP00218" HPOS="685" VPOS="1616" WIDTH="19"/>
						<String ID="P180_ST00248" HPOS="704" VPOS="1584" WIDTH="117" HEIGHT="33" CONTENT="Mackoy," WC="0.58" CC="0355337"/>
						<SP ID="P180_SP00219" HPOS="821" VPOS="1617" WIDTH="21"/>
						<String ID="P180_ST00249" HPOS="842" VPOS="1584" WIDTH="138" HEIGHT="25" CONTENT="mentioned" WC="0.47" CC="732661747"/>
						<SP ID="P180_SP00220" HPOS="980" VPOS="1617" WIDTH="16"/>
						<String ID="P180_ST00250" HPOS="996" VPOS="1585" WIDTH="25" HEIGHT="23" CONTENT="in" WC="0.53" CC="44"/>
						<SP ID="P180_SP00221" HPOS="1021" VPOS="1617" WIDTH="21"/>
						<String ID="P180_ST00251" HPOS="1042" VPOS="1584" WIDTH="40" HEIGHT="24" CONTENT="the" WC="0.54" CC="156"/>
					</TextLine>
					<TextLine ID="P180_TL00029" HPOS="241" VPOS="1619" WIDTH="364" HEIGHT="30">
						<String ID="P180_ST00252" HPOS="241" VPOS="1619" WIDTH="66" HEIGHT="30" CONTENT="early" WC="0.34" CC="84874"/>
						<SP ID="P180_SP00222" HPOS="307" VPOS="1649" WIDTH="16"/>
						<String ID="P180_ST00253" HPOS="323" VPOS="1626" WIDTH="53" HEIGHT="23" CONTENT="part" WC="0.28" CC="8487"/>
						<SP ID="P180_SP00223" HPOS="376" VPOS="1649" WIDTH="13"/>
						<String ID="P180_ST00254" HPOS="389" VPOS="1622" WIDTH="27" HEIGHT="22" CONTENT="of" WC="0.14" CC="88"/>
						<SP ID="P180_SP00224" HPOS="416" VPOS="1649" WIDTH="9"/>
						<String ID="P180_ST00255" HPOS="425" VPOS="1622" WIDTH="41" HEIGHT="24" CONTENT="the" WC="0.67" CC="170"/>
						<SP ID="P180_SP00225" HPOS="466" VPOS="1649" WIDTH="12"/>
						<String ID="P180_ST00256" HPOS="478" VPOS="1624" WIDTH="127" HEIGHT="23" CONTENT="narrative." WC="0.70" CC="8060062040"/>
					</TextLine>
				</TextBlock>
			</PrintSpace>
		</Page>
	</Layout>
</alto>
