<?xml version="1.0" encoding="UTF-8"?>
<alto xmlns:xsi="http://www.w3.org/2001/XMLSchema-instance" xsi:noNamespaceSchemaLocation="http://www.bl.uk/schemas/alto/alto-1-4.xsd" xmlns:xlink="http://www.w3.org/1999/xlink">
	<Description>
		<MeasurementUnit>mm10</MeasurementUnit>
		<sourceImageInformation>
			<fileName>//head1/IN/2008-12/A0011363537/007263.jp2</fileName>
		</sourceImageInformation>
		<OCRProcessing ID="OCRPROCESSING_1">
			<preProcessingStep>
				<processingSoftware>
					<softwareCreator>CCS Content Conversion Specialists GmbH, Germany</softwareCreator>
					<softwareName>CCS docWORKS</softwareName>
					<softwareVersion>6.1-0.67</softwareVersion>
				</processingSoftware>
			</preProcessingStep>
			<ocrProcessingStep>
				<processingSoftware>
					<softwareCreator>ABBYY (BIT Software), Russia</softwareCreator>
					<softwareName>Finereader</softwareName>
				</processingSoftware>
			</ocrProcessingStep>
		</OCRProcessing>
	</Description>
	<Styles>
		<TextStyle ID="TXT_0" FONTSIZE="10" FONTFAMILY="Courier New"/>
		<ParagraphStyle ID="PAR_LEFT" ALIGN="Left"/>
	</Styles>
	<Layout>
		<Page ID="P211" PHYSICAL_IMG_NR="211" HEIGHT="1931" WIDTH="1150" PRINTED_IMG_NR="183" POSITION="Right" ACCURACY="69.04">
			<TopMargin ID="P211_TM00001" HPOS="0" VPOS="0" WIDTH="1149" HEIGHT="134">
				<TextBlock ID="P211_TB00001" HPOS="456" VPOS="101" WIDTH="66" HEIGHT="31" STYLEREFS="TXT_0 PAR_LEFT">
					<TextLine ID="P211_TL00001" HPOS="457" VPOS="103" WIDTH="65" HEIGHT="29">
						<String ID="P211_ST00001" HPOS="457" VPOS="103" WIDTH="65" HEIGHT="29" CONTENT="183" WC="0.59" CC="227"/>
					</TextLine>
				</TextBlock>
			</TopMargin>
			<LeftMargin ID="P211_LM00001" HPOS="0" VPOS="134" WIDTH="69" HEIGHT="1548"/>
			<RightMargin ID="P211_RM00001" HPOS="906" VPOS="134" WIDTH="243" HEIGHT="1548"/>
			<BottomMargin ID="P211_BM00001" HPOS="0" VPOS="1682" WIDTH="1149" HEIGHT="249"/>
			<PrintSpace ID="P211_PS00001" HPOS="69" VPOS="134" WIDTH="837" HEIGHT="1548">
				<TextBlock ID="P211_TB00002" HPOS="69" VPOS="186" WIDTH="837" HEIGHT="1496" STYLEREFS="TXT_0 PAR_LEFT">
					<TextLine ID="P211_TL00002" HPOS="72" VPOS="186" WIDTH="826" HEIGHT="43">
						<String ID="P211_ST00002" HPOS="72" VPOS="191" WIDTH="22" HEIGHT="17" CONTENT='"' WC="0.23" CC="7"/>
						<SP ID="P211_SP00001" HPOS="94" VPOS="208" WIDTH="15"/>
						<String ID="P211_ST00003" HPOS="109" VPOS="196" WIDTH="72" HEIGHT="22" CONTENT="ever" WC="0.66" CC="0705"/>
						<SP ID="P211_SP00002" HPOS="181" VPOS="218" WIDTH="14"/>
						<String ID="P211_ST00004" HPOS="195" VPOS="196" WIDTH="46" HEIGHT="21" CONTENT="we" WC="0.72" CC="50"/>
						<SP ID="P211_SP00003" HPOS="241" VPOS="218" WIDTH="23"/>
						<String ID="P211_ST00005" HPOS="264" VPOS="191" WIDTH="55" HEIGHT="37" CONTENT="got" WC="0.77" CC="204"/>
						<SP ID="P211_SP00004" HPOS="319" VPOS="228" WIDTH="16"/>
						<String ID="P211_ST00006" HPOS="335" VPOS="187" WIDTH="50" HEIGHT="37" CONTENT="off," WC="0.68" CC="2225"/>
						<SP ID="P211_SP00005" HPOS="385" VPOS="228" WIDTH="27"/>
						<String ID="P211_ST00007" HPOS="412" VPOS="186" WIDTH="60" HEIGHT="32" CONTENT="and" WC="0.46" CC="474"/>
						<SP ID="P211_SP00006" HPOS="472" VPOS="228" WIDTH="27"/>
						<String ID="P211_ST00008" HPOS="499" VPOS="187" WIDTH="61" HEIGHT="31" CONTENT="this" WC="0.69" CC="6031"/>
						<SP ID="P211_SP00007" HPOS="560" VPOS="228" WIDTH="22"/>
						<String ID="P211_ST00009" HPOS="582" VPOS="198" WIDTH="59" HEIGHT="21" CONTENT="was" WC="0.65" CC="324"/>
						<SP ID="P211_SP00008" HPOS="641" VPOS="228" WIDTH="22"/>
						<String ID="P211_ST00010" HPOS="663" VPOS="187" WIDTH="52" HEIGHT="32" CONTENT="the" WC="0.76" CC="510"/>
						<SP ID="P211_SP00009" HPOS="715" VPOS="228" WIDTH="23"/>
						<String ID="P211_ST00011" HPOS="738" VPOS="188" WIDTH="72" HEIGHT="41" CONTENT="only" WC="0.66" CC="4044"/>
						<SP ID="P211_SP00010" HPOS="810" VPOS="229" WIDTH="13"/>
						<String ID="P211_ST00012" HPOS="823" VPOS="188" WIDTH="75" HEIGHT="31" CONTENT="time" WC="0.56" CC="7243"/>
					</TextLine>
					<TextLine ID="P211_TL00003" HPOS="73" VPOS="242" WIDTH="826" HEIGHT="43">
						<String ID="P211_ST00013" HPOS="73" VPOS="247" WIDTH="20" HEIGHT="15" CONTENT='"' WC="0.72" CC="2"/>
						<SP ID="P211_SP00011" HPOS="93" VPOS="262" WIDTH="15"/>
						<String ID="P211_ST00014" HPOS="108" VPOS="252" WIDTH="46" HEIGHT="22" CONTENT="we" WC="1.00" CC="00"/>
						<SP ID="P211_SP00012" HPOS="154" VPOS="274" WIDTH="15"/>
						<String ID="P211_ST00015" HPOS="169" VPOS="242" WIDTH="94" HEIGHT="32" CONTENT="could" WC="0.75" CC="00506"/>
						<SP ID="P211_SP00013" HPOS="263" VPOS="274" WIDTH="23"/>
						<String ID="P211_ST00016" HPOS="286" VPOS="244" WIDTH="99" HEIGHT="40" CONTENT="praise" WC="0.76" CC="150006"/>
						<SP ID="P211_SP00014" HPOS="385" VPOS="284" WIDTH="22"/>
						<String ID="P211_ST00017" HPOS="407" VPOS="243" WIDTH="52" HEIGHT="31" CONTENT="the" WC="0.94" CC="100"/>
						<SP ID="P211_SP00015" HPOS="459" VPOS="284" WIDTH="16"/>
						<String ID="P211_ST00018" HPOS="475" VPOS="243" WIDTH="82" HEIGHT="31" CONTENT="boat." WC="0.46" CC="66461"/>
						<SP ID="P211_SP00016" HPOS="557" VPOS="284" WIDTH="44"/>
						<String ID="P211_ST00019" HPOS="601" VPOS="244" WIDTH="134" HEIGHT="41" CONTENT="Finding" WC="0.53" CC="6454550"/>
						<SP ID="P211_SP00017" HPOS="735" VPOS="285" WIDTH="14"/>
						<String ID="P211_ST00020" HPOS="749" VPOS="245" WIDTH="53" HEIGHT="29" CONTENT="the" WC="0.86" CC="400"/>
						<SP ID="P211_SP00018" HPOS="802" VPOS="285" WIDTH="14"/>
						<String ID="P211_ST00021" HPOS="816" VPOS="244" WIDTH="83" HEIGHT="30" CONTENT="wind" WC="0.44" CC="5655"/>
					</TextLine>
					<TextLine ID="P211_TL00004" HPOS="73" VPOS="299" WIDTH="826" HEIGHT="41">
						<String ID="P211_ST00022" HPOS="73" VPOS="302" WIDTH="20" HEIGHT="27" CONTENT="ff" WC="0.23" CC="87"/>
						<SP ID="P211_SP00019" HPOS="93" VPOS="329" WIDTH="15"/>
						<String ID="P211_ST00023" HPOS="108" VPOS="307" WIDTH="61" HEIGHT="22" CONTENT="was" WC="0.58" CC="326"/>
						<SP ID="P211_SP00020" HPOS="169" VPOS="329" WIDTH="14"/>
						<String ID="P211_ST00024" HPOS="183" VPOS="303" WIDTH="48" HEIGHT="26" CONTENT="set" WC="0.82" CC="005"/>
						<SP ID="P211_SP00021" HPOS="231" VPOS="329" WIDTH="22"/>
						<String ID="P211_ST00025" HPOS="253" VPOS="299" WIDTH="33" HEIGHT="31" CONTENT="in" WC="0.41" CC="56"/>
						<SP ID="P211_SP00022" HPOS="286" VPOS="330" WIDTH="16"/>
						<String ID="P211_ST00026" HPOS="302" VPOS="300" WIDTH="118" HEIGHT="40" CONTENT="against" WC="0.77" CC="0034800"/>
						<SP ID="P211_SP00023" HPOS="420" VPOS="340" WIDTH="25"/>
						<String ID="P211_ST00027" HPOS="445" VPOS="309" WIDTH="45" HEIGHT="26" CONTENT="us," WC="0.79" CC="006"/>
						<SP ID="P211_SP00024" HPOS="490" VPOS="340" WIDTH="26"/>
						<String ID="P211_ST00028" HPOS="516" VPOS="299" WIDTH="61" HEIGHT="30" CONTENT="and" WC="0.81" CC="050"/>
						<SP ID="P211_SP00025" HPOS="577" VPOS="340" WIDTH="14"/>
						<String ID="P211_ST00029" HPOS="591" VPOS="299" WIDTH="79" HEIGHT="30" CONTENT="from" WC="0.64" CC="0806"/>
						<SP ID="P211_SP00026" HPOS="670" VPOS="340" WIDTH="25"/>
						<String ID="P211_ST00030" HPOS="695" VPOS="301" WIDTH="54" HEIGHT="29" CONTENT="the" WC="0.75" CC="510"/>
						<SP ID="P211_SP00027" HPOS="749" VPOS="340" WIDTH="14"/>
						<String ID="P211_ST00031" HPOS="763" VPOS="300" WIDTH="136" HEIGHT="40" CONTENT="warning" WC="0.72" CC="4006160"/>
					</TextLine>
					<TextLine ID="P211_TL00005" HPOS="74" VPOS="354" WIDTH="827" HEIGHT="41">
						<String ID="P211_ST00032" HPOS="74" VPOS="358" WIDTH="19" HEIGHT="15" CONTENT='"' WC="0.66" CC="3"/>
						<SP ID="P211_SP00028" HPOS="93" VPOS="373" WIDTH="15"/>
						<String ID="P211_ST00033" HPOS="108" VPOS="364" WIDTH="48" HEIGHT="21" CONTENT="we" WC="0.61" CC="70"/>
						<SP ID="P211_SP00029" HPOS="156" VPOS="385" WIDTH="25"/>
						<String ID="P211_ST00034" HPOS="181" VPOS="354" WIDTH="62" HEIGHT="30" CONTENT="had" WC="0.70" CC="035"/>
						<SP ID="P211_SP00030" HPOS="243" VPOS="385" WIDTH="15"/>
						<String ID="P211_ST00035" HPOS="258" VPOS="355" WIDTH="143" HEIGHT="31" CONTENT="received" WC="0.81" CC="60002104"/>
						<SP ID="P211_SP00031" HPOS="401" VPOS="386" WIDTH="14"/>
						<String ID="P211_ST00036" HPOS="415" VPOS="355" WIDTH="37" HEIGHT="31" CONTENT="of" WC="0.60" CC="07"/>
						<SP ID="P211_SP00032" HPOS="452" VPOS="386" WIDTH="16"/>
						<String ID="P211_ST00037" HPOS="468" VPOS="355" WIDTH="53" HEIGHT="30" CONTENT="the" WC="1.00" CC="000"/>
						<SP ID="P211_SP00033" HPOS="521" VPOS="386" WIDTH="16"/>
						<String ID="P211_ST00038" HPOS="537" VPOS="354" WIDTH="115" HEIGHT="41" CONTENT="danger" WC="0.69" CC="306008"/>
						<SP ID="P211_SP00034" HPOS="652" VPOS="395" WIDTH="15"/>
						<String ID="P211_ST00039" HPOS="667" VPOS="355" WIDTH="38" HEIGHT="30" CONTENT="of" WC="0.51" CC="18"/>
						<SP ID="P211_SP00035" HPOS="705" VPOS="395" WIDTH="9"/>
						<String ID="P211_ST00040" HPOS="714" VPOS="356" WIDTH="93" HEIGHT="39" CONTENT="being" WC="0.82" CC="00341"/>
						<SP ID="P211_SP00036" HPOS="807" VPOS="395" WIDTH="21"/>
						<String ID="P211_ST00041" HPOS="828" VPOS="364" WIDTH="73" HEIGHT="22" CONTENT="near" WC="0.54" CC="6056"/>
					</TextLine>
					<TextLine ID="P211_TL00006" HPOS="71" VPOS="409" WIDTH="829" HEIGHT="43">
						<String ID="P211_ST00042" HPOS="71" VPOS="413" WIDTH="22" HEIGHT="16" CONTENT='"' WC="0.66" CC="3"/>
						<SP ID="P211_SP00037" HPOS="93" VPOS="429" WIDTH="14"/>
						<String ID="P211_ST00043" HPOS="107" VPOS="409" WIDTH="54" HEIGHT="32" CONTENT="the" WC="0.61" CC="235"/>
						<SP ID="P211_SP00038" HPOS="161" VPOS="441" WIDTH="13"/>
						<String ID="P211_ST00044" HPOS="174" VPOS="410" WIDTH="91" HEIGHT="32" CONTENT="shore" WC="0.58" CC="74180"/>
						<SP ID="P211_SP00039" HPOS="265" VPOS="442" WIDTH="20"/>
						<String ID="P211_ST00045" HPOS="285" VPOS="412" WIDTH="33" HEIGHT="30" CONTENT="in" WC="0.30" CC="67"/>
						<SP ID="P211_SP00040" HPOS="318" VPOS="442" WIDTH="15"/>
						<String ID="P211_ST00046" HPOS="333" VPOS="412" WIDTH="53" HEIGHT="31" CONTENT="the" WC="0.84" CC="400"/>
						<SP ID="P211_SP00041" HPOS="386" VPOS="443" WIDTH="20"/>
						<String ID="P211_ST00047" HPOS="406" VPOS="412" WIDTH="98" HEIGHT="39" CONTENT="night," WC="0.82" CC="400006"/>
						<SP ID="P211_SP00042" HPOS="504" VPOS="451" WIDTH="28"/>
						<String ID="P211_ST00048" HPOS="532" VPOS="421" WIDTH="56" HEIGHT="21" CONTENT="our" WC="0.97" CC="000"/>
						<SP ID="P211_SP00043" HPOS="588" VPOS="451" WIDTH="18"/>
						<String ID="P211_ST00049" HPOS="606" VPOS="411" WIDTH="72" HEIGHT="41" CONTENT="only" WC="0.65" CC="0544"/>
						<SP ID="P211_SP00044" HPOS="678" VPOS="452" WIDTH="21"/>
						<String ID="P211_ST00050" HPOS="699" VPOS="411" WIDTH="126" HEIGHT="30" CONTENT="method" WC="0.85" CC="000080"/>
						<SP ID="P211_SP00045" HPOS="825" VPOS="452" WIDTH="14"/>
						<String ID="P211_ST00051" HPOS="839" VPOS="420" WIDTH="61" HEIGHT="21" CONTENT="was" WC="0.60" CC="407"/>
					</TextLine>
					<TextLine ID="P211_TL00007" HPOS="71" VPOS="467" WIDTH="831" HEIGHT="41">
						<String ID="P211_ST00052" HPOS="71" VPOS="467" WIDTH="22" HEIGHT="21" CONTENT="«" WC="0.22" CC="7"/>
						<SP ID="P211_SP00046" HPOS="93" VPOS="488" WIDTH="15"/>
						<String ID="P211_ST00053" HPOS="108" VPOS="470" WIDTH="33" HEIGHT="26" CONTENT="to" WC="0.60" CC="25"/>
						<SP ID="P211_SP00047" HPOS="141" VPOS="496" WIDTH="14"/>
						<String ID="P211_ST00054" HPOS="155" VPOS="467" WIDTH="74" HEIGHT="30" CONTENT="seek" WC="0.80" CC="0080"/>
						<SP ID="P211_SP00048" HPOS="229" VPOS="497" WIDTH="14"/>
						<String ID="P211_ST00055" HPOS="243" VPOS="477" WIDTH="19" HEIGHT="20" CONTENT="a" WC="1.00" CC="0"/>
						<SP ID="P211_SP00049" HPOS="262" VPOS="497" WIDTH="13"/>
						<String ID="P211_ST00056" HPOS="275" VPOS="467" WIDTH="88" HEIGHT="40" CONTENT="place" WC="0.72" CC="15006"/>
						<SP ID="P211_SP00050" HPOS="363" VPOS="507" WIDTH="16"/>
						<String ID="P211_ST00057" HPOS="379" VPOS="467" WIDTH="38" HEIGHT="31" CONTENT="of" WC="0.31" CC="67"/>
						<SP ID="P211_SP00051" HPOS="417" VPOS="507" WIDTH="7"/>
						<String ID="P211_ST00058" HPOS="424" VPOS="467" WIDTH="100" HEIGHT="41" CONTENT="safety" WC="0.76" CC="001524"/>
						<SP ID="P211_SP00052" HPOS="524" VPOS="508" WIDTH="14"/>
						<String ID="P211_ST00059" HPOS="538" VPOS="467" WIDTH="32" HEIGHT="30" CONTENT="in" WC="0.83" CC="03"/>
						<SP ID="P211_SP00053" HPOS="570" VPOS="508" WIDTH="14"/>
						<String ID="P211_ST00060" HPOS="584" VPOS="477" WIDTH="83" HEIGHT="21" CONTENT="some" WC="0.80" CC="0250"/>
						<SP ID="P211_SP00054" HPOS="667" VPOS="508" WIDTH="16"/>
						<String ID="P211_ST00061" HPOS="683" VPOS="467" WIDTH="37" HEIGHT="31" CONTENT="of" WC="0.46" CC="64"/>
						<SP ID="P211_SP00055" HPOS="720" VPOS="508" WIDTH="8"/>
						<String ID="P211_ST00062" HPOS="728" VPOS="467" WIDTH="53" HEIGHT="31" CONTENT="the" WC="1.00" CC="000"/>
						<SP ID="P211_SP00056" HPOS="781" VPOS="508" WIDTH="13"/>
						<String ID="P211_ST00063" HPOS="794" VPOS="473" WIDTH="108" HEIGHT="24" CONTENT="nume*" WC="0.38" CC="78707"/>
					</TextLine>
					<TextLine ID="P211_TL00008" HPOS="71" VPOS="522" WIDTH="829" HEIGHT="37">
						<String ID="P211_ST00064" HPOS="71" VPOS="526" WIDTH="21" HEIGHT="15" CONTENT='"' WC="0.53" CC="4"/>
						<SP ID="P211_SP00057" HPOS="92" VPOS="541" WIDTH="13"/>
						<String ID="P211_ST00065" HPOS="105" VPOS="531" WIDTH="72" HEIGHT="21" CONTENT="rous" WC="0.44" CC="8068"/>
						<SP ID="P211_SP00058" HPOS="177" VPOS="552" WIDTH="15"/>
						<String ID="P211_ST00066" HPOS="192" VPOS="522" WIDTH="94" HEIGHT="31" CONTENT="rivers" WC="0.50" CC="446086"/>
						<SP ID="P211_SP00059" HPOS="286" VPOS="553" WIDTH="26"/>
						<String ID="P211_ST00067" HPOS="312" VPOS="522" WIDTH="75" HEIGHT="32" CONTENT="with" WC="0.57" CC="6306"/>
						<SP ID="P211_SP00060" HPOS="387" VPOS="554" WIDTH="21"/>
						<String ID="P211_ST00068" HPOS="408" VPOS="523" WIDTH="100" HEIGHT="30" CONTENT="which" WC="0.88" CC="10201"/>
						<SP ID="P211_SP00061" HPOS="508" VPOS="554" WIDTH="16"/>
						<String ID="P211_ST00069" HPOS="524" VPOS="524" WIDTH="53" HEIGHT="30" CONTENT="the" WC="0.81" CC="500"/>
						<SP ID="P211_SP00062" HPOS="577" VPOS="554" WIDTH="20"/>
						<String ID="P211_ST00070" HPOS="597" VPOS="528" WIDTH="87" HEIGHT="27" CONTENT="coast" WC="0.85" CC="11040"/>
						<SP ID="P211_SP00063" HPOS="684" VPOS="555" WIDTH="15"/>
						<String ID="P211_ST00071" HPOS="699" VPOS="523" WIDTH="23" HEIGHT="31" CONTENT="is" WC="0.88" CC="02"/>
						<SP ID="P211_SP00064" HPOS="722" VPOS="555" WIDTH="20"/>
						<String ID="P211_ST00072" HPOS="742" VPOS="522" WIDTH="158" HEIGHT="37" CONTENT="indented," WC="0.53" CC="386038405"/>
					</TextLine>
					<TextLine ID="P211_TL00009" HPOS="70" VPOS="577" WIDTH="832" HEIGHT="43">
						<String ID="P211_ST00073" HPOS="70" VPOS="582" WIDTH="22" HEIGHT="15" CONTENT="'*" WC="0.48" CC="63"/>
						<SP ID="P211_SP00065" HPOS="92" VPOS="597" WIDTH="13"/>
						<String ID="P211_ST00074" HPOS="105" VPOS="577" WIDTH="108" HEIGHT="31" CONTENT="before" WC="0.43" CC="668570"/>
						<SP ID="P211_SP00066" HPOS="213" VPOS="608" WIDTH="25"/>
						<String ID="P211_ST00075" HPOS="238" VPOS="578" WIDTH="76" HEIGHT="30" CONTENT="dark" WC="0.85" CC="1030"/>
						<String ID="P211_ST00076" HPOS="327" VPOS="590" WIDTH="10" HEIGHT="26" CONTENT=";" WC="0.15" CC="8"/>
						<SP ID="P211_SP00067" HPOS="337" VPOS="616" WIDTH="23"/>
						<String ID="P211_ST00077" HPOS="360" VPOS="578" WIDTH="63" HEIGHT="31" CONTENT="and" WC="0.45" CC="852"/>
						<SP ID="P211_SP00068" HPOS="423" VPOS="616" WIDTH="21"/>
						<String ID="P211_ST00078" HPOS="444" VPOS="589" WIDTH="35" HEIGHT="20" CONTENT="so" WC="0.96" CC="00"/>
						<SP ID="P211_SP00069" HPOS="479" VPOS="616" WIDTH="24"/>
						<String ID="P211_ST00079" HPOS="503" VPOS="578" WIDTH="42" HEIGHT="41" CONTENT="by" WC="0.70" CC="05"/>
						<SP ID="P211_SP00070" HPOS="545" VPOS="619" WIDTH="22"/>
						<String ID="P211_ST00080" HPOS="567" VPOS="579" WIDTH="123" HEIGHT="41" CONTENT="coming" WC="0.70" CC="005380"/>
						<SP ID="P211_SP00071" HPOS="690" VPOS="620" WIDTH="26"/>
						<String ID="P211_ST00081" HPOS="716" VPOS="583" WIDTH="55" HEIGHT="26" CONTENT="out" WC="0.77" CC="060"/>
						<SP ID="P211_SP00072" HPOS="771" VPOS="620" WIDTH="21"/>
						<String ID="P211_ST00082" HPOS="792" VPOS="579" WIDTH="32" HEIGHT="29" CONTENT="in" WC="0.38" CC="48"/>
						<SP ID="P211_SP00073" HPOS="824" VPOS="620" WIDTH="25"/>
						<String ID="P211_ST00083" HPOS="849" VPOS="578" WIDTH="53" HEIGHT="31" CONTENT="the" WC="0.76" CC="420"/>
					</TextLine>
					<TextLine ID="P211_TL00010" HPOS="71" VPOS="633" WIDTH="831" HEIGHT="43">
						<String ID="P211_ST00084" HPOS="71" VPOS="637" WIDTH="20" HEIGHT="14" CONTENT='"' WC="0.74" CC="2"/>
						<SP ID="P211_SP00074" HPOS="91" VPOS="651" WIDTH="15"/>
						<String ID="P211_ST00085" HPOS="106" VPOS="633" WIDTH="143" HEIGHT="41" CONTENT="morning" WC="0.63" CC="1067504"/>
						<SP ID="P211_SP00075" HPOS="249" VPOS="674" WIDTH="22"/>
						<String ID="P211_ST00086" HPOS="271" VPOS="634" WIDTH="75" HEIGHT="30" CONTENT="with" WC="0.58" CC="4506"/>
						<SP ID="P211_SP00076" HPOS="346" VPOS="674" WIDTH="20"/>
						<String ID="P211_ST00087" HPOS="366" VPOS="633" WIDTH="53" HEIGHT="32" CONTENT="the" WC="0.85" CC="400"/>
						<SP ID="P211_SP00077" HPOS="419" VPOS="674" WIDTH="22"/>
						<String ID="P211_ST00088" HPOS="441" VPOS="634" WIDTH="74" HEIGHT="30" CONTENT="land" WC="0.81" CC="0430"/>
						<SP ID="P211_SP00078" HPOS="515" VPOS="674" WIDTH="14"/>
						<String ID="P211_ST00089" HPOS="529" VPOS="634" WIDTH="91" HEIGHT="36" CONTENT="wind," WC="0.58" CC="43056"/>
						<SP ID="P211_SP00079" HPOS="620" VPOS="674" WIDTH="26"/>
						<String ID="P211_ST00090" HPOS="646" VPOS="643" WIDTH="91" HEIGHT="33" CONTENT="creep" WC="0.73" CC="07005"/>
						<SP ID="P211_SP00080" HPOS="737" VPOS="676" WIDTH="16"/>
						<String ID="P211_ST00091" HPOS="753" VPOS="634" WIDTH="91" HEIGHT="41" CONTENT="along" WC="0.73" CC="06050"/>
						<SP ID="P211_SP00081" HPOS="844" VPOS="676" WIDTH="16"/>
						<String ID="P211_ST00092" HPOS="860" VPOS="633" WIDTH="42" HEIGHT="41" CONTENT="by" WC="0.37" CC="48"/>
					</TextLine>
					<TextLine ID="P211_TL00011" HPOS="71" VPOS="689" WIDTH="832" HEIGHT="43">
						<String ID="P211_ST00093" HPOS="71" VPOS="694" WIDTH="22" HEIGHT="14" CONTENT='"' WC="1.00" CC="0"/>
						<SP ID="P211_SP00082" HPOS="93" VPOS="708" WIDTH="14"/>
						<String ID="P211_ST00094" HPOS="107" VPOS="689" WIDTH="139" HEIGHT="41" CONTENT="degrees." WC="0.89" CC="10000070"/>
						<SP ID="P211_SP00083" HPOS="246" VPOS="730" WIDTH="45"/>
						<String ID="P211_ST00095" HPOS="291" VPOS="690" WIDTH="103" HEIGHT="31" CONTENT="There" WC="0.71" CC="07016"/>
						<SP ID="P211_SP00084" HPOS="394" VPOS="730" WIDTH="12"/>
						<String ID="P211_ST00096" HPOS="406" VPOS="692" WIDTH="25" HEIGHT="29" CONTENT="is" WC="0.74" CC="50"/>
						<SP ID="P211_SP00085" HPOS="431" VPOS="730" WIDTH="15"/>
						<String ID="P211_ST00097" HPOS="446" VPOS="691" WIDTH="109" HEIGHT="41" CONTENT="hardly" WC="0.75" CC="002037"/>
						<SP ID="P211_SP00086" HPOS="555" VPOS="732" WIDTH="19"/>
						<String ID="P211_ST00098" HPOS="574" VPOS="701" WIDTH="60" HEIGHT="31" CONTENT="any" WC="0.69" CC="062"/>
						<SP ID="P211_SP00087" HPOS="634" VPOS="732" WIDTH="16"/>
						<String ID="P211_ST00099" HPOS="650" VPOS="692" WIDTH="97" HEIGHT="36" CONTENT="shore," WC="0.84" CC="020006"/>
						<SP ID="P211_SP00088" HPOS="747" VPOS="732" WIDTH="15"/>
						<String ID="P211_ST00100" HPOS="762" VPOS="691" WIDTH="141" HEIGHT="41" CONTENT="perhaps," WC="0.61" CC="50440446"/>
					</TextLine>
					<TextLine ID="P211_TL00012" HPOS="72" VPOS="746" WIDTH="833" HEIGHT="42">
						<String ID="P211_ST00101" HPOS="72" VPOS="750" WIDTH="21" HEIGHT="15" CONTENT='"' WC="0.60" CC="3"/>
						<SP ID="P211_SP00089" HPOS="93" VPOS="765" WIDTH="15"/>
						<String ID="P211_ST00102" HPOS="108" VPOS="746" WIDTH="69" HEIGHT="30" CONTENT="that" WC="0.75" CC="7200"/>
						<SP ID="P211_SP00090" HPOS="177" VPOS="776" WIDTH="22"/>
						<String ID="P211_ST00103" HPOS="199" VPOS="746" WIDTH="54" HEIGHT="30" CONTENT="has" WC="0.78" CC="006"/>
						<SP ID="P211_SP00091" HPOS="253" VPOS="776" WIDTH="24"/>
						<String ID="P211_ST00104" HPOS="277" VPOS="756" WIDTH="35" HEIGHT="20" CONTENT="so" WC="0.41" CC="65"/>
						<SP ID="P211_SP00092" HPOS="312" VPOS="776" WIDTH="25"/>
						<String ID="P211_ST00105" HPOS="337" VPOS="756" WIDTH="93" HEIGHT="31" CONTENT="many" WC="0.41" CC="6555"/>
						<SP ID="P211_SP00093" HPOS="430" VPOS="787" WIDTH="14"/>
						<String ID="P211_ST00106" HPOS="444" VPOS="748" WIDTH="151" HEIGHT="40" CONTENT="openings" WC="0.50" CC="56087730"/>
						<String ID="P211_ST00107" HPOS="607" VPOS="760" WIDTH="10" HEIGHT="25" CONTENT=";" WC="0.15" CC="8"/>
						<SP ID="P211_SP00094" HPOS="617" VPOS="788" WIDTH="23"/>
						<String ID="P211_ST00108" HPOS="640" VPOS="747" WIDTH="110" HEIGHT="41" CONTENT="hardly" WC="0.72" CC="005046"/>
						<SP ID="P211_SP00095" HPOS="750" VPOS="788" WIDTH="22"/>
						<String ID="P211_ST00109" HPOS="772" VPOS="747" WIDTH="52" HEIGHT="30" CONTENT="the" WC="0.87" CC="300"/>
						<SP ID="P211_SP00096" HPOS="824" VPOS="788" WIDTH="22"/>
						<String ID="P211_ST00110" HPOS="846" VPOS="746" WIDTH="59" HEIGHT="30" CONTENT="dis*" WC="0.48" CC="0667"/>
					</TextLine>
					<TextLine ID="P211_TL00013" HPOS="72" VPOS="801" WIDTH="832" HEIGHT="42">
						<String ID="P211_ST00111" HPOS="72" VPOS="806" WIDTH="21" HEIGHT="15" CONTENT='"' WC="0.64" CC="3"/>
						<SP ID="P211_SP00097" HPOS="93" VPOS="821" WIDTH="14"/>
						<String ID="P211_ST00112" HPOS="107" VPOS="806" WIDTH="92" HEIGHT="26" CONTENT="tance" WC="0.73" CC="05800"/>
						<SP ID="P211_SP00098" HPOS="199" VPOS="832" WIDTH="25"/>
						<String ID="P211_ST00113" HPOS="224" VPOS="801" WIDTH="38" HEIGHT="31" CONTENT="of" WC="0.70" CC="50"/>
						<SP ID="P211_SP00099" HPOS="262" VPOS="832" WIDTH="19"/>
						<String ID="P211_ST00114" HPOS="281" VPOS="813" WIDTH="18" HEIGHT="19" CONTENT="a" WC="1.00" CC="0"/>
						<SP ID="P211_SP00100" HPOS="299" VPOS="832" WIDTH="15"/>
						<String ID="P211_ST00115" HPOS="314" VPOS="802" WIDTH="118" HEIGHT="40" CONTENT="league," WC="0.65" CC="7002706"/>
						<SP ID="P211_SP00101" HPOS="432" VPOS="842" WIDTH="29"/>
						<String ID="P211_ST00116" HPOS="461" VPOS="803" WIDTH="56" HEIGHT="29" CONTENT="but" WC="0.77" CC="302"/>
						<SP ID="P211_SP00102" HPOS="517" VPOS="842" WIDTH="22"/>
						<String ID="P211_ST00117" HPOS="539" VPOS="812" WIDTH="62" HEIGHT="31" CONTENT="you" WC="0.68" CC="440"/>
						<SP ID="P211_SP00103" HPOS="601" VPOS="843" WIDTH="22"/>
						<String ID="P211_ST00118" HPOS="623" VPOS="806" WIDTH="88" HEIGHT="26" CONTENT="enter" WC="0.79" CC="08001"/>
						<SP ID="P211_SP00104" HPOS="711" VPOS="843" WIDTH="21"/>
						<String ID="P211_ST00119" HPOS="732" VPOS="812" WIDTH="18" HEIGHT="20" CONTENT="a" WC="1.00" CC="0"/>
						<SP ID="P211_SP00105" HPOS="750" VPOS="843" WIDTH="14"/>
						<String ID="P211_ST00120" HPOS="764" VPOS="802" WIDTH="140" HEIGHT="41" CONTENT="spacious" WC="0.56" CC="45703805"/>
					</TextLine>
					<TextLine ID="P211_TL00014" HPOS="71" VPOS="857" WIDTH="832" HEIGHT="41">
						<String ID="P211_ST00121" HPOS="71" VPOS="860" WIDTH="22" HEIGHT="29" CONTENT="J." WC="0.27" CC="77"/>
						<SP ID="P211_SP00106" HPOS="93" VPOS="889" WIDTH="14"/>
						<String ID="P211_ST00122" HPOS="107" VPOS="857" WIDTH="89" HEIGHT="35" CONTENT="river," WC="0.70" CC="004066"/>
						<SP ID="P211_SP00107" HPOS="196" VPOS="892" WIDTH="46"/>
						<String ID="P211_ST00123" HPOS="242" VPOS="857" WIDTH="62" HEIGHT="30" CONTENT="and" WC="0.48" CC="256"/>
						<SP ID="P211_SP00108" HPOS="304" VPOS="892" WIDTH="32"/>
						<String ID="P211_ST00124" HPOS="336" VPOS="858" WIDTH="88" HEIGHT="29" CONTENT="these" WC="0.87" CC="00060"/>
						<SP ID="P211_SP00109" HPOS="424" VPOS="892" WIDTH="33"/>
						<String ID="P211_ST00125" HPOS="457" VPOS="858" WIDTH="191" HEIGHT="40" CONTENT="connecting" WC="0.61" CC="4464012382"/>
						<SP ID="P211_SP00110" HPOS="648" VPOS="898" WIDTH="36"/>
						<String ID="P211_ST00126" HPOS="684" VPOS="858" WIDTH="40" HEIGHT="40" CONTENT="by" WC="0.59" CC="16"/>
						<SP ID="P211_SP00111" HPOS="724" VPOS="898" WIDTH="37"/>
						<String ID="P211_ST00127" HPOS="761" VPOS="857" WIDTH="142" HEIGHT="30" CONTENT="different" WC="0.52" CC="068706065"/>
					</TextLine>
					<TextLine ID="P211_TL00015" HPOS="72" VPOS="913" WIDTH="831" HEIGHT="42">
						<String ID="P211_ST00128" HPOS="72" VPOS="917" WIDTH="19" HEIGHT="16" CONTENT='"' WC="0.24" CC="7"/>
						<SP ID="P211_SP00112" HPOS="91" VPOS="933" WIDTH="13"/>
						<String ID="P211_ST00129" HPOS="104" VPOS="913" WIDTH="150" HEIGHT="31" CONTENT="branches" WC="0.91" CC="00030003"/>
						<SP ID="P211_SP00113" HPOS="254" VPOS="944" WIDTH="24"/>
						<String ID="P211_ST00130" HPOS="278" VPOS="914" WIDTH="81" HEIGHT="30" CONTENT="form" WC="0.50" CC="6426"/>
						<SP ID="P211_SP00114" HPOS="359" VPOS="944" WIDTH="26"/>
						<String ID="P211_ST00131" HPOS="385" VPOS="914" WIDTH="190" HEIGHT="31" CONTENT="numberless" WC="0.76" CC="6040030035"/>
						<SP ID="P211_SP00115" HPOS="575" VPOS="945" WIDTH="25"/>
						<String ID="P211_ST00132" HPOS="600" VPOS="914" WIDTH="123" HEIGHT="37" CONTENT="islands," WC="0.78" CC="20006115"/>
						<SP ID="P211_SP00116" HPOS="723" VPOS="951" WIDTH="27"/>
						<String ID="P211_ST00133" HPOS="750" VPOS="915" WIDTH="58" HEIGHT="30" CONTENT="but" WC="0.88" CC="030"/>
						<SP ID="P211_SP00117" HPOS="808" VPOS="951" WIDTH="21"/>
						<String ID="P211_ST00134" HPOS="829" VPOS="923" WIDTH="74" HEIGHT="32" CONTENT="very" WC="0.82" CC="0007"/>
					</TextLine>
					<TextLine ID="P211_TL00016" HPOS="71" VPOS="970" WIDTH="834" HEIGHT="42">
						<String ID="P211_ST00135" HPOS="71" VPOS="976" WIDTH="20" HEIGHT="14" CONTENT='"' WC="0.95" CC="0"/>
						<SP ID="P211_SP00118" HPOS="91" VPOS="990" WIDTH="13"/>
						<String ID="P211_ST00136" HPOS="104" VPOS="970" WIDTH="60" HEIGHT="31" CONTENT="low" WC="0.82" CC="005"/>
						<SP ID="P211_SP00119" HPOS="164" VPOS="1001" WIDTH="20"/>
						<String ID="P211_ST00137" HPOS="184" VPOS="970" WIDTH="63" HEIGHT="30" CONTENT="and" WC="0.42" CC="574"/>
						<SP ID="P211_SP00120" HPOS="247" VPOS="1001" WIDTH="13"/>
						<String ID="P211_ST00138" HPOS="260" VPOS="979" WIDTH="144" HEIGHT="31" CONTENT="swampy," WC="0.54" CC="4235717"/>
						<SP ID="P211_SP00121" HPOS="404" VPOS="1010" WIDTH="24"/>
						<String ID="P211_ST00139" HPOS="428" VPOS="970" WIDTH="74" HEIGHT="41" CONTENT="only" WC="0.60" CC="0536"/>
						<SP ID="P211_SP00122" HPOS="502" VPOS="1011" WIDTH="15"/>
						<String ID="P211_ST00140" HPOS="517" VPOS="970" WIDTH="185" HEIGHT="41" CONTENT="frequented" WC="0.78" CC="0403106006"/>
						<SP ID="P211_SP00123" HPOS="702" VPOS="1011" WIDTH="14"/>
						<String ID="P211_ST00141" HPOS="716" VPOS="970" WIDTH="42" HEIGHT="42" CONTENT="by" WC="0.34" CC="75"/>
						<SP ID="P211_SP00124" HPOS="758" VPOS="1012" WIDTH="14"/>
						<String ID="P211_ST00142" HPOS="772" VPOS="971" WIDTH="55" HEIGHT="31" CONTENT="the" WC="0.75" CC="700"/>
						<SP ID="P211_SP00125" HPOS="827" VPOS="1012" WIDTH="14"/>
						<String ID="P211_ST00143" HPOS="841" VPOS="980" WIDTH="64" HEIGHT="21" CONTENT="sea" SUBS_TYPE="HypPart1" SUBS_CONTENT="sea*«" WC="0.67" CC="5016"/>
						<HYP CONTENT="-"/>
					</TextLine>
					<TextLine ID="P211_TL00017" HPOS="76" VPOS="1025" WIDTH="830" HEIGHT="41">
						<String ID="P211_ST00144" HPOS="76" VPOS="1030" WIDTH="22" HEIGHT="17" CONTENT="*«" SUBS_TYPE="HypPart2" SUBS_CONTENT="sea*«" WC="0.27" CC="77"/>
						<SP ID="P211_SP00126" HPOS="98" VPOS="1047" WIDTH="13"/>
						<String ID="P211_ST00145" HPOS="111" VPOS="1025" WIDTH="90" HEIGHT="31" CONTENT="horse" WC="0.87" CC="00221"/>
						<SP ID="P211_SP00127" HPOS="201" VPOS="1056" WIDTH="15"/>
						<String ID="P211_ST00146" HPOS="216" VPOS="1025" WIDTH="63" HEIGHT="30" CONTENT="and" WC="0.60" CC="136"/>
						<SP ID="P211_SP00128" HPOS="279" VPOS="1056" WIDTH="20"/>
						<String ID="P211_ST00147" HPOS="299" VPOS="1036" WIDTH="20" HEIGHT="19" CONTENT="a" WC="0.79" CC="2"/>
						<SP ID="P211_SP00129" HPOS="319" VPOS="1056" WIDTH="20"/>
						<String ID="P211_ST00148" HPOS="339" VPOS="1025" WIDTH="58" HEIGHT="31" CONTENT="few" WC="0.90" CC="003"/>
						<SP ID="P211_SP00130" HPOS="397" VPOS="1056" WIDTH="22"/>
						<String ID="P211_ST00149" HPOS="419" VPOS="1025" WIDTH="158" HEIGHT="41" CONTENT="monkeys." WC="0.67" CC="55800420"/>
						<SP ID="P211_SP00131" HPOS="577" VPOS="1066" WIDTH="44"/>
						<String ID="P211_ST00150" HPOS="621" VPOS="1028" WIDTH="70" HEIGHT="28" CONTENT="One" WC="0.84" CC="120"/>
						<SP ID="P211_SP00132" HPOS="691" VPOS="1066" WIDTH="19"/>
						<String ID="P211_ST00151" HPOS="710" VPOS="1026" WIDTH="70" HEIGHT="40" CONTENT="day," WC="0.43" CC="6167"/>
						<SP ID="P211_SP00133" HPOS="780" VPOS="1066" WIDTH="23"/>
						<String ID="P211_ST00152" HPOS="803" VPOS="1036" WIDTH="34" HEIGHT="19" CONTENT="as" WC="1.00" CC="00"/>
						<SP ID="P211_SP00134" HPOS="837" VPOS="1066" WIDTH="23"/>
						<String ID="P211_ST00153" HPOS="860" VPOS="1034" WIDTH="46" HEIGHT="23" CONTENT="we" WC="0.60" CC="70"/>
					</TextLine>
					<TextLine ID="P211_TL00018" HPOS="77" VPOS="1079" WIDTH="828" HEIGHT="42">
						<String ID="P211_ST00154" HPOS="77" VPOS="1086" WIDTH="21" HEIGHT="14" CONTENT='"' WC="0.97" CC="0"/>
						<SP ID="P211_SP00135" HPOS="98" VPOS="1100" WIDTH="13"/>
						<String ID="P211_ST00155" HPOS="111" VPOS="1080" WIDTH="50" HEIGHT="41" CONTENT="lay" WC="0.63" CC="703"/>
						<SP ID="P211_SP00136" HPOS="161" VPOS="1121" WIDTH="15"/>
						<String ID="P211_ST00156" HPOS="176" VPOS="1085" WIDTH="33" HEIGHT="25" CONTENT="at" WC="1.00" CC="00"/>
						<SP ID="P211_SP00137" HPOS="209" VPOS="1121" WIDTH="17"/>
						<String ID="P211_ST00157" HPOS="226" VPOS="1080" WIDTH="126" HEIGHT="35" CONTENT="anchor," WC="0.74" CC="0600064"/>
						<SP ID="P211_SP00138" HPOS="352" VPOS="1121" WIDTH="13"/>
						<String ID="P211_ST00158" HPOS="365" VPOS="1079" WIDTH="157" HEIGHT="31" CONTENT="'detained" WC="0.71" CC="570002406"/>
						<SP ID="P211_SP00139" HPOS="522" VPOS="1121" WIDTH="21"/>
						<String ID="P211_ST00159" HPOS="543" VPOS="1080" WIDTH="41" HEIGHT="41" CONTENT="by" WC="0.35" CC="75"/>
						<SP ID="P211_SP00140" HPOS="584" VPOS="1121" WIDTH="15"/>
						<String ID="P211_ST00160" HPOS="599" VPOS="1080" WIDTH="52" HEIGHT="30" CONTENT="the" WC="1.00" CC="000"/>
						<SP ID="P211_SP00141" HPOS="651" VPOS="1121" WIDTH="15"/>
						<String ID="P211_ST00161" HPOS="666" VPOS="1080" WIDTH="73" HEIGHT="35" CONTENT="tide," WC="0.79" CC="11104"/>
						<SP ID="P211_SP00142" HPOS="739" VPOS="1121" WIDTH="28"/>
						<String ID="P211_ST00162" HPOS="767" VPOS="1091" WIDTH="18" HEIGHT="19" CONTENT="a" WC="1.00" CC="0"/>
						<SP ID="P211_SP00143" HPOS="785" VPOS="1121" WIDTH="15"/>
						<String ID="P211_ST00163" HPOS="800" VPOS="1090" WIDTH="105" HEIGHT="27" CONTENT="canoe," WC="0.72" CC="058002"/>
					</TextLine>
					<TextLine ID="P211_TL00019" HPOS="78" VPOS="1135" WIDTH="828" HEIGHT="41">
						<String ID="P211_ST00164" HPOS="78" VPOS="1139" WIDTH="20" HEIGHT="17" CONTENT='"' WC="0.68" CC="3"/>
						<SP ID="P211_SP00144" HPOS="98" VPOS="1156" WIDTH="15"/>
						<String ID="P211_ST00165" HPOS="113" VPOS="1135" WIDTH="74" HEIGHT="30" CONTENT="with" WC="0.83" CC="4200"/>
						<SP ID="P211_SP00145" HPOS="187" VPOS="1165" WIDTH="14"/>
						<String ID="P211_ST00166" HPOS="201" VPOS="1141" WIDTH="62" HEIGHT="25" CONTENT="two" WC="0.68" CC="233"/>
						<SP ID="P211_SP00146" HPOS="263" VPOS="1166" WIDTH="22"/>
						<String ID="P211_ST00167" HPOS="285" VPOS="1146" WIDTH="34" HEIGHT="19" CONTENT="or" WC="0.39" CC="47"/>
						<SP ID="P211_SP00147" HPOS="319" VPOS="1166" WIDTH="14"/>
						<String ID="P211_ST00168" HPOS="333" VPOS="1135" WIDTH="86" HEIGHT="31" CONTENT="three" WC="0.87" CC="00600"/>
						<SP ID="P211_SP00148" HPOS="419" VPOS="1166" WIDTH="16"/>
						<String ID="P211_ST00169" HPOS="435" VPOS="1146" WIDTH="80" HEIGHT="25" CONTENT="men," WC="0.68" CC="0057"/>
						<SP ID="P211_SP00149" HPOS="515" VPOS="1171" WIDTH="23"/>
						<String ID="P211_ST00170" HPOS="538" VPOS="1135" WIDTH="108" HEIGHT="41" CONTENT="joined" WC="0.84" CC="002600"/>
						<SP ID="P211_SP00150" HPOS="646" VPOS="1176" WIDTH="21"/>
						<String ID="P211_ST00171" HPOS="667" VPOS="1144" WIDTH="45" HEIGHT="27" CONTENT="us," WC="0.56" CC="317"/>
						<SP ID="P211_SP00151" HPOS="712" VPOS="1176" WIDTH="26"/>
						<String ID="P211_ST00172" HPOS="738" VPOS="1135" WIDTH="62" HEIGHT="31" CONTENT="and" WC="0.55" CC="085"/>
						<SP ID="P211_SP00152" HPOS="800" VPOS="1176" WIDTH="12"/>
						<String ID="P211_ST00173" HPOS="812" VPOS="1146" WIDTH="34" HEIGHT="20" CONTENT="as" WC="0.79" CC="03"/>
						<SP ID="P211_SP00153" HPOS="846" VPOS="1176" WIDTH="14"/>
						<String ID="P211_ST00174" HPOS="860" VPOS="1144" WIDTH="46" HEIGHT="23" CONTENT="we" WC="0.46" CC="55"/>
					</TextLine>
					<TextLine ID="P211_TL00020" HPOS="76" VPOS="1191" WIDTH="830" HEIGHT="41">
						<String ID="P211_ST00175" HPOS="76" VPOS="1196" WIDTH="21" HEIGHT="14" CONTENT='"' WC="0.82" CC="1"/>
						<SP ID="P211_SP00154" HPOS="97" VPOS="1210" WIDTH="14"/>
						<String ID="P211_ST00176" HPOS="111" VPOS="1191" WIDTH="124" HEIGHT="30" CONTENT="wanted" WC="0.79" CC="606000"/>
						<SP ID="P211_SP00155" HPOS="235" VPOS="1221" WIDTH="14"/>
						<String ID="P211_ST00177" HPOS="249" VPOS="1200" WIDTH="84" HEIGHT="21" CONTENT="some" WC="0.88" CC="2010"/>
						<SP ID="P211_SP00156" HPOS="333" VPOS="1221" WIDTH="14"/>
						<String ID="P211_ST00178" HPOS="347" VPOS="1191" WIDTH="96" HEIGHT="35" CONTENT="fowls," WC="0.51" CC="651555"/>
						<SP ID="P211_SP00157" HPOS="443" VPOS="1226" WIDTH="18"/>
						<String ID="P211_ST00179" HPOS="461" VPOS="1192" WIDTH="55" HEIGHT="30" CONTENT="&amp;c." WC="1.00" CC="000"/>
						<SP ID="P211_SP00158" HPOS="516" VPOS="1226" WIDTH="22"/>
						<String ID="P211_ST00180" HPOS="538" VPOS="1201" WIDTH="45" HEIGHT="20" CONTENT="we" WC="1.00" CC="00"/>
						<SP ID="P211_SP00159" HPOS="583" VPOS="1226" WIDTH="14"/>
						<String ID="P211_ST00181" HPOS="597" VPOS="1191" WIDTH="135" HEIGHT="40" CONTENT="thought" WC="0.81" CC="3001034"/>
						<SP ID="P211_SP00160" HPOS="732" VPOS="1231" WIDTH="16"/>
						<String ID="P211_ST00182" HPOS="748" VPOS="1191" WIDTH="25" HEIGHT="30" CONTENT="it" WC="0.99" CC="00"/>
						<SP ID="P211_SP00161" HPOS="773" VPOS="1231" WIDTH="20"/>
						<String ID="P211_ST00183" HPOS="793" VPOS="1202" WIDTH="18" HEIGHT="19" CONTENT="a" WC="1.00" CC="0"/>
						<SP ID="P211_SP00162" HPOS="811" VPOS="1231" WIDTH="12"/>
						<String ID="P211_ST00184" HPOS="823" VPOS="1191" WIDTH="83" HEIGHT="41" CONTENT="good" WC="0.84" CC="0005"/>
					</TextLine>
					<TextLine ID="P211_TL00021" HPOS="75" VPOS="1246" WIDTH="831" HEIGHT="42">
						<String ID="P211_ST00185" HPOS="75" VPOS="1248" WIDTH="20" HEIGHT="34" CONTENT="ff" WC="0.22" CC="87"/>
						<SP ID="P211_SP00163" HPOS="95" VPOS="1282" WIDTH="14"/>
						<String ID="P211_ST00186" HPOS="109" VPOS="1246" WIDTH="75" HEIGHT="31" CONTENT="time" WC="0.66" CC="0570"/>
						<SP ID="P211_SP00164" HPOS="184" VPOS="1282" WIDTH="15"/>
						<String ID="P211_ST00187" HPOS="199" VPOS="1251" WIDTH="33" HEIGHT="25" CONTENT="to" WC="1.00" CC="00"/>
						<SP ID="P211_SP00165" HPOS="232" VPOS="1282" WIDTH="20"/>
						<String ID="P211_ST00188" HPOS="252" VPOS="1256" WIDTH="130" HEIGHT="31" CONTENT="procure" WC="0.77" CC="0500180"/>
						<SP ID="P211_SP00166" HPOS="382" VPOS="1287" WIDTH="19"/>
						<String ID="P211_ST00189" HPOS="401" VPOS="1246" WIDTH="96" HEIGHT="31" CONTENT="them." WC="0.68" CC="30056"/>
						<SP ID="P211_SP00167" HPOS="497" VPOS="1287" WIDTH="45"/>
						<String ID="P211_ST00190" HPOS="542" VPOS="1246" WIDTH="69" HEIGHT="31" CONTENT="The" WC="0.90" CC="020"/>
						<SP ID="P211_SP00168" HPOS="611" VPOS="1287" WIDTH="18"/>
						<String ID="P211_ST00191" HPOS="629" VPOS="1257" WIDTH="71" HEIGHT="20" CONTENT="men" WC="0.48" CC="356"/>
						<SP ID="P211_SP00169" HPOS="700" VPOS="1287" WIDTH="20"/>
						<String ID="P211_ST00192" HPOS="720" VPOS="1246" WIDTH="129" HEIGHT="42" CONTENT="pointed" WC="0.58" CC="7504550"/>
						<SP ID="P211_SP00170" HPOS="849" VPOS="1288" WIDTH="15"/>
						<String ID="P211_ST00193" HPOS="864" VPOS="1257" WIDTH="42" HEIGHT="31" CONTENT="up" WC="0.68" CC="06"/>
					</TextLine>
					<TextLine ID="P211_TL00022" HPOS="76" VPOS="1302" WIDTH="830" HEIGHT="43">
						<String ID="P211_ST00194" HPOS="76" VPOS="1308" WIDTH="20" HEIGHT="15" CONTENT='"' WC="0.73" CC="2"/>
						<SP ID="P211_SP00171" HPOS="96" VPOS="1323" WIDTH="14"/>
						<String ID="P211_ST00195" HPOS="110" VPOS="1313" WIDTH="19" HEIGHT="21" CONTENT="a" WC="0.69" CC="3"/>
						<SP ID="P211_SP00172" HPOS="129" VPOS="1334" WIDTH="14"/>
						<String ID="P211_ST00196" HPOS="143" VPOS="1302" WIDTH="116" HEIGHT="32" CONTENT="branch" WC="0.67" CC="056600"/>
						<SP ID="P211_SP00173" HPOS="259" VPOS="1334" WIDTH="15"/>
						<String ID="P211_ST00197" HPOS="274" VPOS="1303" WIDTH="38" HEIGHT="30" CONTENT="of" WC="0.80" CC="40"/>
						<SP ID="P211_SP00174" HPOS="312" VPOS="1334" WIDTH="16"/>
						<String ID="P211_ST00198" HPOS="328" VPOS="1303" WIDTH="53" HEIGHT="31" CONTENT="the" WC="0.99" CC="000"/>
						<SP ID="P211_SP00175" HPOS="381" VPOS="1334" WIDTH="22"/>
						<String ID="P211_ST00199" HPOS="403" VPOS="1303" WIDTH="81" HEIGHT="31" CONTENT="river" WC="0.85" CC="50001"/>
						<SP ID="P211_SP00176" HPOS="484" VPOS="1334" WIDTH="13"/>
						<String ID="P211_ST00200" HPOS="497" VPOS="1303" WIDTH="102" HEIGHT="31" CONTENT="where" WC="0.88" CC="40010"/>
						<SP ID="P211_SP00177" HPOS="599" VPOS="1334" WIDTH="22"/>
						<String ID="P211_ST00201" HPOS="621" VPOS="1314" WIDTH="46" HEIGHT="21" CONTENT="we" WC="0.72" CC="50"/>
						<SP ID="P211_SP00178" HPOS="667" VPOS="1335" WIDTH="22"/>
						<String ID="P211_ST00202" HPOS="689" VPOS="1304" WIDTH="60" HEIGHT="41" CONTENT="lay," WC="0.53" CC="6145"/>
						<SP ID="P211_SP00179" HPOS="749" VPOS="1345" WIDTH="26"/>
						<String ID="P211_ST00203" HPOS="775" VPOS="1304" WIDTH="62" HEIGHT="30" CONTENT="and" WC="0.62" CC="055"/>
						<SP ID="P211_SP00180" HPOS="837" VPOS="1345" WIDTH="19"/>
						<String ID="P211_ST00204" HPOS="856" VPOS="1305" WIDTH="50" HEIGHT="29" CONTENT="de" SUBS_TYPE="HypPart1" SUBS_CONTENT='de"' WC="0.52" CC="445"/>
						<HYP CONTENT="-"/>
					</TextLine>
					<TextLine ID="P211_TL00023" HPOS="76" VPOS="1357" WIDTH="830" HEIGHT="42">
						<String ID="P211_ST00205" HPOS="76" VPOS="1364" WIDTH="22" HEIGHT="14" CONTENT='"' SUBS_TYPE="HypPart2" SUBS_CONTENT='de"' WC="0.90" CC="0"/>
						<SP ID="P211_SP00181" HPOS="98" VPOS="1378" WIDTH="14"/>
						<String ID="P211_ST00206" HPOS="112" VPOS="1357" WIDTH="122" HEIGHT="32" CONTENT="scribed" WC="0.83" CC="0032006"/>
						<SP ID="P211_SP00182" HPOS="234" VPOS="1389" WIDTH="14"/>
						<String ID="P211_ST00207" HPOS="248" VPOS="1357" WIDTH="54" HEIGHT="32" CONTENT="the" WC="0.87" CC="201"/>
						<SP ID="P211_SP00183" HPOS="302" VPOS="1389" WIDTH="15"/>
						<String ID="P211_ST00208" HPOS="317" VPOS="1358" WIDTH="138" HEIGHT="31" CONTENT="distance" WC="0.77" CC="02502800"/>
						<SP ID="P211_SP00184" HPOS="455" VPOS="1389" WIDTH="14"/>
						<String ID="P211_ST00209" HPOS="469" VPOS="1368" WIDTH="34" HEIGHT="21" CONTENT="as" WC="0.52" CC="17"/>
						<SP ID="P211_SP00185" HPOS="503" VPOS="1389" WIDTH="14"/>
						<String ID="P211_ST00210" HPOS="517" VPOS="1359" WIDTH="128" HEIGHT="39" CONTENT="trifling," WC="0.61" CC="624005455"/>
						<SP ID="P211_SP00186" HPOS="645" VPOS="1398" WIDTH="21"/>
						<String ID="P211_ST00211" HPOS="666" VPOS="1359" WIDTH="62" HEIGHT="30" CONTENT="and" WC="0.47" CC="365"/>
						<SP ID="P211_SP00187" HPOS="728" VPOS="1398" WIDTH="14"/>
						<String ID="P211_ST00212" HPOS="742" VPOS="1360" WIDTH="164" HEIGHT="39" CONTENT="requested" WC="0.87" CC="400000006"/>
					</TextLine>
					<TextLine ID="P211_TL00024" HPOS="75" VPOS="1411" WIDTH="831" HEIGHT="43">
						<String ID="P211_ST00213" HPOS="75" VPOS="1419" WIDTH="20" HEIGHT="15" CONTENT='"' WC="0.52" CC="4"/>
						<SP ID="P211_SP00188" HPOS="95" VPOS="1434" WIDTH="14"/>
						<String ID="P211_ST00214" HPOS="109" VPOS="1413" WIDTH="70" HEIGHT="32" CONTENT="that" WC="0.87" CC="4000"/>
						<SP ID="P211_SP00189" HPOS="179" VPOS="1445" WIDTH="14"/>
						<String ID="P211_ST00215" HPOS="193" VPOS="1423" WIDTH="84" HEIGHT="21" CONTENT="some" WC="0.91" CC="0030"/>
						<SP ID="P211_SP00190" HPOS="277" VPOS="1445" WIDTH="22"/>
						<String ID="P211_ST00216" HPOS="299" VPOS="1423" WIDTH="60" HEIGHT="20" CONTENT="one" WC="0.85" CC="040"/>
						<SP ID="P211_SP00191" HPOS="359" VPOS="1445" WIDTH="14"/>
						<String ID="P211_ST00217" HPOS="373" VPOS="1411" WIDTH="103" HEIGHT="33" CONTENT="would" WC="0.89" CC="22000"/>
						<SP ID="P211_SP00192" HPOS="476" VPOS="1445" WIDTH="22"/>
						<String ID="P211_ST00218" HPOS="498" VPOS="1423" WIDTH="42" HEIGHT="31" CONTENT="go" WC="0.83" CC="03"/>
						<SP ID="P211_SP00193" HPOS="540" VPOS="1454" WIDTH="22"/>
						<String ID="P211_ST00219" HPOS="562" VPOS="1413" WIDTH="76" HEIGHT="32" CONTENT="with" WC="0.69" CC="7301"/>
						<SP ID="P211_SP00194" HPOS="638" VPOS="1454" WIDTH="18"/>
						<String ID="P211_ST00220" HPOS="656" VPOS="1414" WIDTH="95" HEIGHT="31" CONTENT="them." WC="0.87" CC="00005"/>
						<SP ID="P211_SP00195" HPOS="751" VPOS="1454" WIDTH="46"/>
						<String ID="P211_ST00221" HPOS="797" VPOS="1414" WIDTH="47" HEIGHT="31" CONTENT="As" WC="0.81" CC="30"/>
						<SP ID="P211_SP00196" HPOS="844" VPOS="1454" WIDTH="16"/>
						<String ID="P211_ST00222" HPOS="860" VPOS="1422" WIDTH="46" HEIGHT="23" CONTENT="we" WC="0.63" CC="60"/>
					</TextLine>
					<TextLine ID="P211_TL00025" HPOS="74" VPOS="1469" WIDTH="832" HEIGHT="42">
						<String ID="P211_ST00223" HPOS="74" VPOS="1475" WIDTH="15" HEIGHT="26" CONTENT="f." WC="0.41" CC="83"/>
						<SP ID="P211_SP00197" HPOS="89" VPOS="1501" WIDTH="20"/>
						<String ID="P211_ST00224" HPOS="109" VPOS="1480" WIDTH="81" HEIGHT="20" CONTENT="were" WC="0.93" CC="0020"/>
						<SP ID="P211_SP00198" HPOS="190" VPOS="1501" WIDTH="21"/>
						<String ID="P211_ST00225" HPOS="211" VPOS="1474" WIDTH="57" HEIGHT="26" CONTENT="not" WC="0.82" CC="400"/>
						<SP ID="P211_SP00199" HPOS="268" VPOS="1501" WIDTH="21"/>
						<String ID="P211_ST00226" HPOS="289" VPOS="1479" WIDTH="71" HEIGHT="21" CONTENT="now" WC="0.44" CC="618"/>
						<SP ID="P211_SP00200" HPOS="360" VPOS="1501" WIDTH="15"/>
						<String ID="P211_ST00227" HPOS="375" VPOS="1469" WIDTH="99" HEIGHT="31" CONTENT="under" WC="0.92" CC="03000"/>
						<SP ID="P211_SP00201" HPOS="474" VPOS="1501" WIDTH="20"/>
						<String ID="P211_ST00228" HPOS="494" VPOS="1478" WIDTH="60" HEIGHT="32" CONTENT="any" WC="0.64" CC="072"/>
						<SP ID="P211_SP00202" HPOS="554" VPOS="1510" WIDTH="22"/>
						<String ID="P211_ST00229" HPOS="576" VPOS="1470" WIDTH="141" HEIGHT="41" CONTENT="personal" WC="0.88" CC="40000103"/>
						<SP ID="P211_SP00203" HPOS="717" VPOS="1511" WIDTH="23"/>
						<String ID="P211_ST00230" HPOS="740" VPOS="1470" WIDTH="166" HEIGHT="41" CONTENT="apprehen" SUBS_TYPE="HypPart1" SUBS_CONTENT='apprehen"' WC="0.76" CC="000404056"/>
						<HYP CONTENT="-"/>
					</TextLine>
					<TextLine ID="P211_TL00026" HPOS="76" VPOS="1525" WIDTH="830" HEIGHT="37">
						<String ID="P211_ST00231" HPOS="76" VPOS="1533" WIDTH="19" HEIGHT="14" CONTENT='"' SUBS_TYPE="HypPart2" SUBS_CONTENT='apprehen"' WC="1.00" CC="0"/>
						<SP ID="P211_SP00204" HPOS="95" VPOS="1547" WIDTH="15"/>
						<String ID="P211_ST00232" HPOS="110" VPOS="1527" WIDTH="67" HEIGHT="30" CONTENT="sion" WC="0.55" CC="4507"/>
						<SP ID="P211_SP00205" HPOS="177" VPOS="1557" WIDTH="10"/>
						<String ID="P211_ST00233" HPOS="187" VPOS="1526" WIDTH="82" HEIGHT="30" CONTENT="from" WC="0.68" CC="2701"/>
						<SP ID="P211_SP00206" HPOS="269" VPOS="1557" WIDTH="14"/>
						<String ID="P211_ST00234" HPOS="283" VPOS="1525" WIDTH="95" HEIGHT="36" CONTENT="them," WC="0.74" CC="00066"/>
						<SP ID="P211_SP00207" HPOS="378" VPOS="1561" WIDTH="19"/>
						<String ID="P211_ST00235" HPOS="397" VPOS="1525" WIDTH="61" HEIGHT="31" CONTENT="Mr." WC="0.67" CC="063"/>
						<SP ID="P211_SP00208" HPOS="458" VPOS="1561" WIDTH="18"/>
						<String ID="P211_ST00236" HPOS="476" VPOS="1526" WIDTH="50" HEIGHT="30" CONTENT="De" WC="0.85" CC="20"/>
						<SP ID="P211_SP00209" HPOS="526" VPOS="1561" WIDTH="15"/>
						<String ID="P211_ST00237" HPOS="541" VPOS="1525" WIDTH="110" HEIGHT="37" CONTENT="Souza," WC="0.72" CC="700036"/>
						<SP ID="P211_SP00210" HPOS="651" VPOS="1562" WIDTH="10"/>
						<String ID="P211_ST00238" HPOS="661" VPOS="1526" WIDTH="61" HEIGHT="31" CONTENT="and" WC="0.63" CC="171"/>
						<SP ID="P211_SP00211" HPOS="722" VPOS="1562" WIDTH="11"/>
						<String ID="P211_ST00239" HPOS="733" VPOS="1536" WIDTH="59" HEIGHT="21" CONTENT="one" WC="0.75" CC="420"/>
						<SP ID="P211_SP00212" HPOS="792" VPOS="1562" WIDTH="14"/>
						<String ID="P211_ST00240" HPOS="806" VPOS="1526" WIDTH="38" HEIGHT="32" CONTENT="of" WC="0.88" CC="02"/>
						<SP ID="P211_SP00213" HPOS="844" VPOS="1562" WIDTH="8"/>
						<String ID="P211_ST00241" HPOS="852" VPOS="1527" WIDTH="54" HEIGHT="31" CONTENT="the" WC="0.70" CC="106"/>
					</TextLine>
					<TextLine ID="P211_TL00027" HPOS="76" VPOS="1583" WIDTH="830" HEIGHT="43">
						<String ID="P211_ST00242" HPOS="76" VPOS="1590" WIDTH="19" HEIGHT="15" CONTENT='"' WC="0.66" CC="3"/>
						<SP ID="P211_SP00214" HPOS="95" VPOS="1605" WIDTH="15"/>
						<String ID="P211_ST00243" HPOS="110" VPOS="1594" WIDTH="133" HEIGHT="27" CONTENT="seamen," WC="0.81" CC="0004035"/>
						<SP ID="P211_SP00215" HPOS="243" VPOS="1621" WIDTH="25"/>
						<String ID="P211_ST00244" HPOS="268" VPOS="1588" WIDTH="57" HEIGHT="37" CONTENT="got" WC="1.00" CC="000"/>
						<SP ID="P211_SP00216" HPOS="325" VPOS="1625" WIDTH="22"/>
						<String ID="P211_ST00245" HPOS="347" VPOS="1584" WIDTH="65" HEIGHT="31" CONTENT="into" WC="0.58" CC="6603"/>
						<SP ID="P211_SP00217" HPOS="412" VPOS="1625" WIDTH="25"/>
						<String ID="P211_ST00246" HPOS="437" VPOS="1583" WIDTH="54" HEIGHT="32" CONTENT="the" WC="0.74" CC="340"/>
						<SP ID="P211_SP00218" HPOS="491" VPOS="1625" WIDTH="16"/>
						<String ID="P211_ST00247" HPOS="507" VPOS="1593" WIDTH="106" HEIGHT="28" CONTENT="canoe," WC="0.77" CC="055002"/>
						<SP ID="P211_SP00219" HPOS="613" VPOS="1625" WIDTH="27"/>
						<String ID="P211_ST00248" HPOS="640" VPOS="1583" WIDTH="62" HEIGHT="32" CONTENT="and" WC="0.53" CC="076"/>
						<SP ID="P211_SP00220" HPOS="702" VPOS="1625" WIDTH="23"/>
						<String ID="P211_ST00249" HPOS="725" VPOS="1594" WIDTH="86" HEIGHT="32" CONTENT="away" WC="0.75" CC="0207"/>
						<SP ID="P211_SP00221" HPOS="811" VPOS="1626" WIDTH="20"/>
						<String ID="P211_ST00250" HPOS="831" VPOS="1584" WIDTH="75" HEIGHT="42" CONTENT="they" WC="0.59" CC="7206"/>
					</TextLine>
					<TextLine ID="P211_TL00028" HPOS="75" VPOS="1640" WIDTH="831" HEIGHT="42">
						<String ID="P211_ST00251" HPOS="75" VPOS="1647" WIDTH="18" HEIGHT="13" CONTENT='"' WC="0.85" CC="1"/>
						<SP ID="P211_SP00222" HPOS="93" VPOS="1660" WIDTH="16"/>
						<String ID="P211_ST00252" HPOS="109" VPOS="1646" WIDTH="92" HEIGHT="26" CONTENT="went." WC="0.84" CC="70000"/>
						<SP ID="P211_SP00223" HPOS="201" VPOS="1672" WIDTH="47"/>
						<String ID="P211_ST00253" HPOS="248" VPOS="1641" WIDTH="77" HEIGHT="31" CONTENT="This" WC="0.68" CC="0048"/>
						<SP ID="P211_SP00224" HPOS="325" VPOS="1672" WIDTH="14"/>
						<String ID="P211_ST00254" HPOS="339" VPOS="1651" WIDTH="59" HEIGHT="21" CONTENT="was" WC="0.45" CC="348"/>
						<SP ID="P211_SP00225" HPOS="398" VPOS="1672" WIDTH="16"/>
						<String ID="P211_ST00255" HPOS="414" VPOS="1640" WIDTH="83" HEIGHT="42" CONTENT="early" WC="0.61" CC="05508"/>
						<SP ID="P211_SP00226" HPOS="497" VPOS="1682" WIDTH="15"/>
						<String ID="P211_ST00256" HPOS="512" VPOS="1640" WIDTH="33" HEIGHT="32" CONTENT="in" WC="0.35" CC="48"/>
						<SP ID="P211_SP00227" HPOS="545" VPOS="1682" WIDTH="15"/>
						<String ID="P211_ST00257" HPOS="560" VPOS="1640" WIDTH="52" HEIGHT="32" CONTENT="the" WC="1.00" CC="000"/>
						<SP ID="P211_SP00228" HPOS="612" VPOS="1682" WIDTH="17"/>
						<String ID="P211_ST00258" HPOS="629" VPOS="1640" WIDTH="70" HEIGHT="42" CONTENT="day," WC="0.41" CC="4476"/>
						<SP ID="P211_SP00229" HPOS="699" VPOS="1682" WIDTH="22"/>
						<String ID="P211_ST00259" HPOS="721" VPOS="1641" WIDTH="62" HEIGHT="32" CONTENT="and" WC="0.35" CC="584"/>
						<SP ID="P211_SP00230" HPOS="783" VPOS="1682" WIDTH="14"/>
						<String ID="P211_ST00260" HPOS="797" VPOS="1641" WIDTH="41" HEIGHT="41" CONTENT="by" WC="0.38" CC="48"/>
						<SP ID="P211_SP00231" HPOS="838" VPOS="1682" WIDTH="14"/>
						<String ID="P211_ST00261" HPOS="852" VPOS="1641" WIDTH="54" HEIGHT="31" CONTENT="the" WC="0.49" CC="454"/>
					</TextLine>
				</TextBlock>
			</PrintSpace>
		</Page>
	</Layout>
</alto>
