<?xml version="1.0" encoding="UTF-8"?>
<alto xmlns:xsi="http://www.w3.org/2001/XMLSchema-instance" xsi:noNamespaceSchemaLocation="http://www.bl.uk/schemas/alto/alto-1-4.xsd" xmlns:xlink="http://www.w3.org/1999/xlink">
	<Description>
		<MeasurementUnit>mm10</MeasurementUnit>
		<sourceImageInformation>
			<fileName>//head1/IN/2008-12/A0011363537/007196.jp2</fileName>
		</sourceImageInformation>
		<OCRProcessing ID="OCRPROCESSING_1">
			<preProcessingStep>
				<processingSoftware>
					<softwareCreator>CCS Content Conversion Specialists GmbH, Germany</softwareCreator>
					<softwareName>CCS docWORKS</softwareName>
					<softwareVersion>6.1-0.67</softwareVersion>
				</processingSoftware>
			</preProcessingStep>
			<ocrProcessingStep>
				<processingSoftware>
					<softwareCreator>ABBYY (BIT Software), Russia</softwareCreator>
					<softwareName>Finereader</softwareName>
				</processingSoftware>
			</ocrProcessingStep>
		</OCRProcessing>
	</Description>
	<Styles>
		<TextStyle ID="TXT_0" FONTSIZE="10" FONTFAMILY="Courier New"/>
		<TextStyle ID="TXT_1" FONTSIZE="9" FONTFAMILY="Courier New"/>
		<ParagraphStyle ID="PAR_RIGHT" ALIGN="Right"/>
		<ParagraphStyle ID="PAR_LEFT" ALIGN="Left"/>
	</Styles>
	<Layout>
		<Page ID="P144" PHYSICAL_IMG_NR="144" HEIGHT="1931" WIDTH="1150" PRINTED_IMG_NR="116" POSITION="Left" ACCURACY="77.52">
			<TopMargin ID="P144_TM00001" HPOS="0" VPOS="0" WIDTH="1149" HEIGHT="127">
				<TextBlock ID="P144_TB00001" HPOS="634" VPOS="96" WIDTH="63" HEIGHT="29" STYLEREFS="TXT_0 PAR_RIGHT">
					<TextLine ID="P144_TL00001" HPOS="634" VPOS="97" WIDTH="63" HEIGHT="28">
						<String ID="P144_ST00001" HPOS="634" VPOS="97" WIDTH="63" HEIGHT="28" CONTENT="116" WC="0.72" CC="008"/>
					</TextLine>
				</TextBlock>
			</TopMargin>
			<LeftMargin ID="P144_LM00001" HPOS="0" VPOS="127" WIDTH="250" HEIGHT="1600"/>
			<RightMargin ID="P144_RM00001" HPOS="1082" VPOS="127" WIDTH="67" HEIGHT="1600"/>
			<BottomMargin ID="P144_BM00001" HPOS="0" VPOS="1727" WIDTH="1149" HEIGHT="204"/>
			<PrintSpace ID="P144_PS00001" HPOS="250" VPOS="127" WIDTH="832" HEIGHT="1600">
				<TextBlock ID="P144_TB00002" HPOS="250" VPOS="182" WIDTH="832" HEIGHT="1383" STYLEREFS="TXT_1 PAR_LEFT">
					<TextLine ID="P144_TL00002" HPOS="252" VPOS="183" WIDTH="829" HEIGHT="40">
						<String ID="P144_ST00002" HPOS="252" VPOS="197" WIDTH="94" HEIGHT="26" CONTENT="serve," WC="0.70" CC="408103"/>
						<SP ID="P144_SP00001" HPOS="346" VPOS="223" WIDTH="17"/>
						<String ID="P144_ST00003" HPOS="363" VPOS="186" WIDTH="68" HEIGHT="30" CONTENT="that" WC="0.94" CC="0200"/>
						<SP ID="P144_SP00002" HPOS="431" VPOS="223" WIDTH="14"/>
						<String ID="P144_ST00004" HPOS="445" VPOS="186" WIDTH="61" HEIGHT="30" CONTENT="this" WC="1.00" CC="0000"/>
						<SP ID="P144_SP00003" HPOS="506" VPOS="223" WIDTH="16"/>
						<String ID="P144_ST00005" HPOS="522" VPOS="188" WIDTH="172" HEIGHT="32" CONTENT="statement," WC="0.90" CC="0000020006"/>
						<SP ID="P144_SP00004" HPOS="694" VPOS="223" WIDTH="22"/>
						<String ID="P144_ST00006" HPOS="716" VPOS="194" WIDTH="32" HEIGHT="20" CONTENT="as" WC="0.77" CC="12"/>
						<SP ID="P144_SP00005" HPOS="748" VPOS="223" WIDTH="16"/>
						<String ID="P144_ST00007" HPOS="764" VPOS="187" WIDTH="33" HEIGHT="27" CONTENT="to" WC="0.80" CC="30"/>
						<SP ID="P144_SP00006" HPOS="797" VPOS="223" WIDTH="14"/>
						<String ID="P144_ST00008" HPOS="811" VPOS="183" WIDTH="52" HEIGHT="31" CONTENT="the" WC="0.95" CC="010"/>
						<SP ID="P144_SP00007" HPOS="863" VPOS="223" WIDTH="15"/>
						<String ID="P144_ST00009" HPOS="878" VPOS="193" WIDTH="153" HEIGHT="21" CONTENT="sameness" WC="0.82" CC="00605002"/>
						<SP ID="P144_SP00008" HPOS="1031" VPOS="223" WIDTH="15"/>
						<String ID="P144_ST00010" HPOS="1046" VPOS="184" WIDTH="35" HEIGHT="30" CONTENT="of" WC="0.25" CC="68"/>
					</TextLine>
					<TextLine ID="P144_TL00003" HPOS="252" VPOS="240" WIDTH="830" HEIGHT="42">
						<String ID="P144_ST00011" HPOS="252" VPOS="244" WIDTH="54" HEIGHT="30" CONTENT="the" WC="1.00" CC="000"/>
						<SP ID="P144_SP00009" HPOS="306" VPOS="274" WIDTH="15"/>
						<String ID="P144_ST00012" HPOS="321" VPOS="242" WIDTH="154" HEIGHT="40" CONTENT="language" WC="0.84" CC="40700000"/>
						<SP ID="P144_SP00010" HPOS="475" VPOS="282" WIDTH="16"/>
						<String ID="P144_ST00013" HPOS="491" VPOS="240" WIDTH="116" HEIGHT="41" CONTENT="spoken" WC="0.92" CC="030001"/>
						<SP ID="P144_SP00011" HPOS="607" VPOS="282" WIDTH="15"/>
						<String ID="P144_ST00014" HPOS="622" VPOS="241" WIDTH="32" HEIGHT="29" CONTENT="in" WC="0.48" CC="64"/>
						<SP ID="P144_SP00012" HPOS="654" VPOS="282" WIDTH="22"/>
						<String ID="P144_ST00015" HPOS="676" VPOS="240" WIDTH="211" HEIGHT="41" CONTENT="Madagascar," WC="0.85" CC="00032020005"/>
						<SP ID="P144_SP00013" HPOS="887" VPOS="282" WIDTH="28"/>
						<String ID="P144_ST00016" HPOS="915" VPOS="251" WIDTH="99" HEIGHT="20" CONTENT="seems" WC="0.89" CC="00050"/>
						<SP ID="P144_SP00014" HPOS="1014" VPOS="282" WIDTH="15"/>
						<String ID="P144_ST00017" HPOS="1029" VPOS="245" WIDTH="53" HEIGHT="26" CONTENT="not" WC="0.78" CC="402"/>
					</TextLine>
					<TextLine ID="P144_TL00004" HPOS="253" VPOS="296" WIDTH="829" HEIGHT="44">
						<String ID="P144_ST00018" HPOS="253" VPOS="299" WIDTH="85" HEIGHT="41" CONTENT="quite" WC="0.81" CC="40400"/>
						<SP ID="P144_SP00015" HPOS="338" VPOS="340" WIDTH="15"/>
						<String ID="P144_ST00019" HPOS="353" VPOS="297" WIDTH="222" HEIGHT="31" CONTENT="reconcileable" WC="0.84" CC="7000002704000"/>
						<SP ID="P144_SP00016" HPOS="575" VPOS="340" WIDTH="15"/>
						<String ID="P144_ST00020" HPOS="590" VPOS="297" WIDTH="74" HEIGHT="31" CONTENT="with" WC="0.83" CC="1004"/>
						<SP ID="P144_SP00017" HPOS="664" VPOS="340" WIDTH="14"/>
						<String ID="P144_ST00021" HPOS="678" VPOS="298" WIDTH="54" HEIGHT="30" CONTENT="the" WC="0.84" CC="400"/>
						<SP ID="P144_SP00018" HPOS="732" VPOS="340" WIDTH="19"/>
						<String ID="P144_ST00022" HPOS="751" VPOS="297" WIDTH="189" HEIGHT="31" CONTENT="understood" WC="0.95" CC="0400000000"/>
						<SP ID="P144_SP00019" HPOS="940" VPOS="340" WIDTH="23"/>
						<String ID="P144_ST00023" HPOS="963" VPOS="297" WIDTH="66" HEIGHT="30" CONTENT="fact" WC="0.83" CC="3002"/>
						<SP ID="P144_SP00020" HPOS="1029" VPOS="340" WIDTH="21"/>
						<String ID="P144_ST00024" HPOS="1050" VPOS="296" WIDTH="32" HEIGHT="30" CONTENT="of" WC="1.00" CC="00"/>
					</TextLine>
					<TextLine ID="P144_TL00005" HPOS="253" VPOS="352" WIDTH="828" HEIGHT="43">
						<String ID="P144_ST00025" HPOS="253" VPOS="366" WIDTH="19" HEIGHT="19" CONTENT="a" WC="0.49" CC="5"/>
						<SP ID="P144_SP00021" HPOS="272" VPOS="385" WIDTH="16"/>
						<String ID="P144_ST00026" HPOS="288" VPOS="354" WIDTH="201" HEIGHT="31" CONTENT="Mahometan" WC="0.89" CC="131000110"/>
						<SP ID="P144_SP00022" HPOS="489" VPOS="385" WIDTH="16"/>
						<String ID="P144_ST00027" HPOS="505" VPOS="353" WIDTH="151" HEIGHT="37" CONTENT="Invasion," WC="0.72" CC="340001085"/>
						<SP ID="P144_SP00023" HPOS="656" VPOS="390" WIDTH="28"/>
						<String ID="P144_ST00028" HPOS="684" VPOS="363" WIDTH="32" HEIGHT="21" CONTENT="as" WC="0.81" CC="30"/>
						<SP ID="P144_SP00024" HPOS="716" VPOS="390" WIDTH="14"/>
						<String ID="P144_ST00029" HPOS="730" VPOS="353" WIDTH="53" HEIGHT="31" CONTENT="the" WC="0.91" CC="020"/>
						<SP ID="P144_SP00025" HPOS="783" VPOS="390" WIDTH="15"/>
						<String ID="P144_ST00030" HPOS="798" VPOS="353" WIDTH="153" HEIGHT="42" CONTENT="language" WC="0.81" CC="01720200"/>
						<SP ID="P144_SP00026" HPOS="951" VPOS="395" WIDTH="23"/>
						<String ID="P144_ST00031" HPOS="974" VPOS="352" WIDTH="37" HEIGHT="31" CONTENT="of" WC="0.58" CC="80"/>
						<SP ID="P144_SP00027" HPOS="1011" VPOS="395" WIDTH="18"/>
						<String ID="P144_ST00032" HPOS="1029" VPOS="352" WIDTH="52" HEIGHT="30" CONTENT="the" WC="1.00" CC="000"/>
					</TextLine>
					<TextLine ID="P144_TL00006" HPOS="254" VPOS="407" WIDTH="827" HEIGHT="44">
						<String ID="P144_ST00033" HPOS="254" VPOS="421" WIDTH="187" HEIGHT="30" CONTENT="conquerors" WC="0.80" CC="0077400000"/>
						<SP ID="P144_SP00028" HPOS="441" VPOS="451" WIDTH="22"/>
						<String ID="P144_ST00034" HPOS="463" VPOS="409" WIDTH="93" HEIGHT="31" CONTENT="could" WC="0.92" CC="01001"/>
						<SP ID="P144_SP00029" HPOS="556" VPOS="451" WIDTH="22"/>
						<String ID="P144_ST00035" HPOS="578" VPOS="410" WIDTH="136" HEIGHT="41" CONTENT="scarcely" WC="0.86" CC="00000036"/>
						<SP ID="P144_SP00030" HPOS="714" VPOS="451" WIDTH="13"/>
						<String ID="P144_ST00036" HPOS="727" VPOS="409" WIDTH="77" HEIGHT="31" CONTENT="have" WC="0.96" CC="0010"/>
						<SP ID="P144_SP00031" HPOS="804" VPOS="451" WIDTH="22"/>
						<String ID="P144_ST00037" HPOS="826" VPOS="409" WIDTH="113" HEIGHT="41" CONTENT="wholly" WC="0.78" CC="030305"/>
						<SP ID="P144_SP00032" HPOS="939" VPOS="451" WIDTH="15"/>
						<String ID="P144_ST00038" HPOS="954" VPOS="407" WIDTH="127" HEIGHT="41" CONTENT="merged" WC="0.64" CC="607007"/>
					</TextLine>
					<TextLine ID="P144_TL00007" HPOS="252" VPOS="466" WIDTH="829" HEIGHT="42">
						<String ID="P144_ST00039" HPOS="252" VPOS="468" WIDTH="34" HEIGHT="29" CONTENT="in" WC="0.47" CC="63"/>
						<SP ID="P144_SP00033" HPOS="286" VPOS="497" WIDTH="15"/>
						<String ID="P144_ST00040" HPOS="301" VPOS="479" WIDTH="17" HEIGHT="19" CONTENT="a" WC="1.00" CC="0"/>
						<SP ID="P144_SP00034" HPOS="318" VPOS="498" WIDTH="16"/>
						<String ID="P144_ST00041" HPOS="334" VPOS="468" WIDTH="84" HEIGHT="29" CONTENT="short" WC="0.99" CC="00000"/>
						<SP ID="P144_SP00035" HPOS="418" VPOS="498" WIDTH="15"/>
						<String ID="P144_ST00042" HPOS="433" VPOS="477" WIDTH="89" HEIGHT="30" CONTENT="space" WC="0.91" CC="02100"/>
						<SP ID="P144_SP00036" HPOS="522" VPOS="507" WIDTH="16"/>
						<String ID="P144_ST00043" HPOS="538" VPOS="466" WIDTH="38" HEIGHT="31" CONTENT="of" WC="1.00" CC="00"/>
						<SP ID="P144_SP00037" HPOS="576" VPOS="507" WIDTH="7"/>
						<String ID="P144_ST00044" HPOS="583" VPOS="477" WIDTH="96" HEIGHT="31" CONTENT="years," WC="0.73" CC="603005"/>
						<SP ID="P144_SP00038" HPOS="679" VPOS="508" WIDTH="18"/>
						<String ID="P144_ST00045" HPOS="697" VPOS="467" WIDTH="31" HEIGHT="29" CONTENT="in" WC="0.71" CC="05"/>
						<SP ID="P144_SP00039" HPOS="728" VPOS="508" WIDTH="15"/>
						<String ID="P144_ST00046" HPOS="743" VPOS="467" WIDTH="67" HEIGHT="30" CONTENT="that" WC="0.94" CC="0020"/>
						<SP ID="P144_SP00040" HPOS="810" VPOS="508" WIDTH="11"/>
						<String ID="P144_ST00047" HPOS="821" VPOS="467" WIDTH="37" HEIGHT="29" CONTENT="of" WC="0.71" CC="04"/>
						<SP ID="P144_SP00041" HPOS="858" VPOS="508" WIDTH="9"/>
						<String ID="P144_ST00048" HPOS="867" VPOS="466" WIDTH="53" HEIGHT="30" CONTENT="the" WC="0.76" CC="060"/>
						<SP ID="P144_SP00042" HPOS="920" VPOS="508" WIDTH="13"/>
						<String ID="P144_ST00049" HPOS="933" VPOS="474" WIDTH="148" HEIGHT="31" CONTENT="conquer" SUBS_TYPE="HypPart1" SUBS_CONTENT="conquered," WC="0.76" CC="00823012"/>
						<HYP CONTENT="-"/>
					</TextLine>
					<TextLine ID="P144_TL00008" HPOS="253" VPOS="520" WIDTH="827" HEIGHT="42">
						<String ID="P144_ST00050" HPOS="253" VPOS="522" WIDTH="50" HEIGHT="36" CONTENT="ed," SUBS_TYPE="HypPart2" SUBS_CONTENT="conquered," WC="0.72" CC="026"/>
						<SP ID="P144_SP00043" HPOS="303" VPOS="558" WIDTH="28"/>
						<String ID="P144_ST00051" HPOS="331" VPOS="522" WIDTH="164" HEIGHT="40" CONTENT="especially" WC="0.75" CC="0050051047"/>
						<SP ID="P144_SP00044" HPOS="495" VPOS="562" WIDTH="14"/>
						<String ID="P144_ST00052" HPOS="509" VPOS="532" WIDTH="31" HEIGHT="19" CONTENT="as" WC="0.75" CC="50"/>
						<SP ID="P144_SP00045" HPOS="540" VPOS="562" WIDTH="16"/>
						<String ID="P144_ST00053" HPOS="556" VPOS="521" WIDTH="51" HEIGHT="30" CONTENT="the" WC="1.00" CC="000"/>
						<SP ID="P144_SP00046" HPOS="607" VPOS="562" WIDTH="16"/>
						<String ID="P144_ST00054" HPOS="623" VPOS="523" WIDTH="115" HEIGHT="30" CONTENT="Arabic" WC="0.76" CC="106320"/>
						<SP ID="P144_SP00047" HPOS="738" VPOS="562" WIDTH="27"/>
						<String ID="P144_ST00055" HPOS="765" VPOS="523" WIDTH="160" HEIGHT="29" CONTENT="character" WC="0.89" CC="030050000"/>
						<SP ID="P144_SP00048" HPOS="925" VPOS="562" WIDTH="15"/>
						<String ID="P144_ST00056" HPOS="940" VPOS="520" WIDTH="62" HEIGHT="31" CONTENT="and" WC="0.48" CC="086"/>
						<SP ID="P144_SP00049" HPOS="1002" VPOS="562" WIDTH="16"/>
						<String ID="P144_ST00057" HPOS="1018" VPOS="520" WIDTH="62" HEIGHT="30" CONTENT="wri" SUBS_TYPE="HypPart1" SUBS_CONTENT="writing" WC="0.69" CC="0640"/>
						<HYP CONTENT="-"/>
					</TextLine>
					<TextLine ID="P144_TL00009" HPOS="252" VPOS="576" WIDTH="828" HEIGHT="41">
						<String ID="P144_ST00058" HPOS="252" VPOS="578" WIDTH="71" HEIGHT="39" CONTENT="ting" SUBS_TYPE="HypPart2" SUBS_CONTENT="writing" WC="0.41" CC="6474"/>
						<SP ID="P144_SP00050" HPOS="323" VPOS="617" WIDTH="12"/>
						<String ID="P144_ST00059" HPOS="335" VPOS="578" WIDTH="26" HEIGHT="29" CONTENT="is" WC="0.68" CC="60"/>
						<SP ID="P144_SP00051" HPOS="361" VPOS="617" WIDTH="15"/>
						<String ID="P144_ST00060" HPOS="376" VPOS="577" WIDTH="64" HEIGHT="30" CONTENT="said" WC="0.81" CC="2012"/>
						<SP ID="P144_SP00052" HPOS="440" VPOS="617" WIDTH="15"/>
						<String ID="P144_ST00061" HPOS="455" VPOS="582" WIDTH="33" HEIGHT="25" CONTENT="to" WC="0.99" CC="00"/>
						<SP ID="P144_SP00053" HPOS="488" VPOS="617" WIDTH="15"/>
						<String ID="P144_ST00062" HPOS="503" VPOS="577" WIDTH="75" HEIGHT="30" CONTENT="have" WC="0.91" CC="0030"/>
						<SP ID="P144_SP00054" HPOS="578" VPOS="617" WIDTH="15"/>
						<String ID="P144_ST00063" HPOS="593" VPOS="578" WIDTH="80" HEIGHT="29" CONTENT="been" WC="0.82" CC="0007"/>
						<SP ID="P144_SP00055" HPOS="673" VPOS="617" WIDTH="15"/>
						<String ID="P144_ST00064" HPOS="688" VPOS="577" WIDTH="135" HEIGHT="40" CONTENT="brought" WC="0.70" CC="0208630"/>
						<SP ID="P144_SP00056" HPOS="823" VPOS="617" WIDTH="14"/>
						<String ID="P144_ST00065" HPOS="837" VPOS="578" WIDTH="66" HEIGHT="28" CONTENT="into" WC="0.80" CC="0700"/>
						<SP ID="P144_SP00057" HPOS="903" VPOS="617" WIDTH="20"/>
						<String ID="P144_ST00066" HPOS="923" VPOS="576" WIDTH="157" HEIGHT="30" CONTENT="extensive" WC="0.85" CC="013020210"/>
					</TextLine>
					<TextLine ID="P144_TL00010" HPOS="252" VPOS="631" WIDTH="829" HEIGHT="42">
						<String ID="P144_ST00067" HPOS="252" VPOS="643" WIDTH="55" HEIGHT="20" CONTENT="use" WC="0.73" CC="700"/>
						<SP ID="P144_SP00058" HPOS="307" VPOS="663" WIDTH="11"/>
						<String ID="P144_ST00068" HPOS="318" VPOS="635" WIDTH="24" HEIGHT="28" CONTENT="••" WC="0.20" CC="88"/>
						<SP ID="P144_SP00059" HPOS="342" VPOS="663" WIDTH="44"/>
						<String ID="P144_ST00069" HPOS="386" VPOS="635" WIDTH="15" HEIGHT="28" CONTENT="I" WC="1.00" CC="0"/>
						<SP ID="P144_SP00060" HPOS="401" VPOS="663" WIDTH="15"/>
						<String ID="P144_ST00070" HPOS="416" VPOS="633" WIDTH="76" HEIGHT="31" CONTENT="have" WC="0.86" CC="0040"/>
						<SP ID="P144_SP00061" HPOS="492" VPOS="664" WIDTH="15"/>
						<String ID="P144_ST00071" HPOS="507" VPOS="643" WIDTH="41" HEIGHT="21" CONTENT="no" WC="0.64" CC="70"/>
						<SP ID="P144_SP00062" HPOS="548" VPOS="664" WIDTH="15"/>
						<String ID="P144_ST00072" HPOS="563" VPOS="633" WIDTH="75" HEIGHT="30" CONTENT="wish" WC="0.70" CC="6500"/>
						<SP ID="P144_SP00063" HPOS="638" VPOS="664" WIDTH="16"/>
						<String ID="P144_ST00073" HPOS="654" VPOS="638" WIDTH="33" HEIGHT="26" CONTENT="to" WC="0.86" CC="02"/>
						<SP ID="P144_SP00064" HPOS="687" VPOS="664" WIDTH="12"/>
						<String ID="P144_ST00074" HPOS="699" VPOS="633" WIDTH="144" HEIGHT="40" CONTENT="entangle" WC="0.81" CC="05007020"/>
						<SP ID="P144_SP00065" HPOS="843" VPOS="673" WIDTH="16"/>
						<String ID="P144_ST00075" HPOS="859" VPOS="632" WIDTH="116" HEIGHT="40" CONTENT="myself" WC="0.81" CC="030015"/>
						<SP ID="P144_SP00066" HPOS="975" VPOS="673" WIDTH="10"/>
						<String ID="P144_ST00076" HPOS="985" VPOS="642" WIDTH="34" HEIGHT="19" CONTENT="or" WC="0.83" CC="03"/>
						<SP ID="P144_SP00067" HPOS="1019" VPOS="673" WIDTH="10"/>
						<String ID="P144_ST00077" HPOS="1029" VPOS="631" WIDTH="52" HEIGHT="30" CONTENT="the" WC="0.94" CC="010"/>
					</TextLine>
					<TextLine ID="P144_TL00011" HPOS="252" VPOS="688" WIDTH="829" HEIGHT="42">
						<String ID="P144_ST00078" HPOS="252" VPOS="689" WIDTH="110" HEIGHT="30" CONTENT="reader" WC="0.76" CC="600403"/>
						<SP ID="P144_SP00068" HPOS="362" VPOS="719" WIDTH="18"/>
						<String ID="P144_ST00079" HPOS="380" VPOS="689" WIDTH="32" HEIGHT="29" CONTENT="in" WC="0.80" CC="03"/>
						<SP ID="P144_SP00069" HPOS="412" VPOS="719" WIDTH="16"/>
						<String ID="P144_ST00080" HPOS="428" VPOS="689" WIDTH="52" HEIGHT="30" CONTENT="the" WC="1.00" CC="000"/>
						<SP ID="P144_SP00070" HPOS="480" VPOS="719" WIDTH="17"/>
						<String ID="P144_ST00081" HPOS="497" VPOS="688" WIDTH="155" HEIGHT="42" CONTENT="labyrinth" WC="0.85" CC="500601000"/>
						<SP ID="P144_SP00071" HPOS="652" VPOS="730" WIDTH="22"/>
						<String ID="P144_ST00082" HPOS="674" VPOS="689" WIDTH="38" HEIGHT="30" CONTENT="of" WC="1.00" CC="00"/>
						<SP ID="P144_SP00072" HPOS="712" VPOS="730" WIDTH="20"/>
						<String ID="P144_ST00083" HPOS="732" VPOS="688" WIDTH="187" HEIGHT="40" CONTENT="attempting" WC="0.81" CC="0000425050"/>
						<SP ID="P144_SP00073" HPOS="919" VPOS="730" WIDTH="21"/>
						<String ID="P144_ST00084" HPOS="940" VPOS="693" WIDTH="34" HEIGHT="24" CONTENT="to" WC="1.00" CC="00"/>
						<SP ID="P144_SP00074" HPOS="974" VPOS="730" WIDTH="24"/>
						<String ID="P144_ST00085" HPOS="998" VPOS="693" WIDTH="83" HEIGHT="23" CONTENT="trace" WC="0.99" CC="00000"/>
					</TextLine>
					<TextLine ID="P144_TL00012" HPOS="253" VPOS="742" WIDTH="829" HEIGHT="43">
						<String ID="P144_ST00086" HPOS="253" VPOS="744" WIDTH="54" HEIGHT="30" CONTENT="the" WC="0.67" CC="540"/>
						<SP ID="P144_SP00075" HPOS="307" VPOS="774" WIDTH="17"/>
						<String ID="P144_ST00087" HPOS="324" VPOS="744" WIDTH="145" HEIGHT="31" CONTENT="channels" WC="0.86" CC="00036010"/>
						<SP ID="P144_SP00076" HPOS="469" VPOS="775" WIDTH="15"/>
						<String ID="P144_ST00088" HPOS="484" VPOS="745" WIDTH="134" HEIGHT="40" CONTENT="through" WC="0.90" CC="0100005"/>
						<SP ID="P144_SP00077" HPOS="618" VPOS="785" WIDTH="15"/>
						<String ID="P144_ST00089" HPOS="633" VPOS="744" WIDTH="102" HEIGHT="31" CONTENT="which" WC="0.77" CC="50500"/>
						<SP ID="P144_SP00078" HPOS="735" VPOS="785" WIDTH="16"/>
						<String ID="P144_ST00090" HPOS="751" VPOS="744" WIDTH="53" HEIGHT="30" CONTENT="the" WC="0.98" CC="000"/>
						<SP ID="P144_SP00079" HPOS="804" VPOS="785" WIDTH="16"/>
						<String ID="P144_ST00091" HPOS="820" VPOS="744" WIDTH="65" HEIGHT="30" CONTENT="tide" WC="0.82" CC="0070"/>
						<SP ID="P144_SP00080" HPOS="885" VPOS="785" WIDTH="15"/>
						<String ID="P144_ST00092" HPOS="900" VPOS="742" WIDTH="37" HEIGHT="31" CONTENT="of" WC="0.80" CC="03"/>
						<SP ID="P144_SP00081" HPOS="937" VPOS="785" WIDTH="19"/>
						<String ID="P144_ST00093" HPOS="956" VPOS="742" WIDTH="126" HEIGHT="41" CONTENT="popula" SUBS_TYPE="HypPart1" SUBS_CONTENT="population" WC="0.83" CC="6000004"/>
						<HYP CONTENT="-"/>
					</TextLine>
					<TextLine ID="P144_TL00013" HPOS="252" VPOS="799" WIDTH="830" HEIGHT="43">
						<String ID="P144_ST00094" HPOS="252" VPOS="800" WIDTH="67" HEIGHT="31" CONTENT="tion" SUBS_TYPE="HypPart2" SUBS_CONTENT="population" WC="0.75" CC="5102"/>
						<SP ID="P144_SP00082" HPOS="319" VPOS="831" WIDTH="16"/>
						<String ID="P144_ST00095" HPOS="335" VPOS="811" WIDTH="69" HEIGHT="31" CONTENT="may" WC="0.65" CC="305"/>
						<SP ID="P144_SP00083" HPOS="404" VPOS="842" WIDTH="14"/>
						<String ID="P144_ST00096" HPOS="418" VPOS="801" WIDTH="77" HEIGHT="31" CONTENT="have" WC="0.76" CC="1070"/>
						<SP ID="P144_SP00084" HPOS="495" VPOS="842" WIDTH="15"/>
						<String ID="P144_ST00097" HPOS="510" VPOS="801" WIDTH="65" HEIGHT="31" CONTENT="first" WC="0.91" CC="22000"/>
						<SP ID="P144_SP00085" HPOS="575" VPOS="842" WIDTH="17"/>
						<String ID="P144_ST00098" HPOS="592" VPOS="801" WIDTH="111" HEIGHT="31" CONTENT="flowed" WC="0.89" CC="000302"/>
						<SP ID="P144_SP00086" HPOS="703" VPOS="842" WIDTH="22"/>
						<String ID="P144_ST00099" HPOS="725" VPOS="805" WIDTH="33" HEIGHT="26" CONTENT="to" WC="1.00" CC="00"/>
						<SP ID="P144_SP00087" HPOS="758" VPOS="842" WIDTH="20"/>
						<String ID="P144_ST00100" HPOS="778" VPOS="799" WIDTH="204" HEIGHT="41" CONTENT="Madagascar" WC="0.95" CC="0004000000"/>
						<String ID="P144_ST00101" HPOS="992" VPOS="810" WIDTH="9" HEIGHT="26" CONTENT=";" WC="0.16" CC="8"/>
						<SP ID="P144_SP00088" HPOS="1001" VPOS="842" WIDTH="24"/>
						<String ID="P144_ST00102" HPOS="1025" VPOS="799" WIDTH="57" HEIGHT="29" CONTENT="but" WC="1.00" CC="000"/>
					</TextLine>
					<TextLine ID="P144_TL00014" HPOS="251" VPOS="854" WIDTH="831" HEIGHT="44">
						<String ID="P144_ST00103" HPOS="251" VPOS="855" WIDTH="78" HEIGHT="31" CONTENT="shall" WC="0.72" CC="81003"/>
						<SP ID="P144_SP00089" HPOS="329" VPOS="886" WIDTH="9"/>
						<String ID="P144_ST00104" HPOS="338" VPOS="856" WIDTH="67" HEIGHT="42" CONTENT="just" WC="1.00" CC="0000"/>
						<SP ID="P144_SP00090" HPOS="405" VPOS="898" WIDTH="14"/>
						<String ID="P144_ST00105" HPOS="419" VPOS="857" WIDTH="135" HEIGHT="36" CONTENT="observe," WC="0.84" CC="06000006"/>
						<SP ID="P144_SP00091" HPOS="554" VPOS="898" WIDTH="16"/>
						<String ID="P144_ST00106" HPOS="570" VPOS="857" WIDTH="68" HEIGHT="30" CONTENT="that" WC="1.00" CC="0000"/>
						<SP ID="P144_SP00092" HPOS="638" VPOS="898" WIDTH="14"/>
						<String ID="P144_ST00107" HPOS="652" VPOS="856" WIDTH="53" HEIGHT="31" CONTENT="the" WC="0.97" CC="000"/>
						<SP ID="P144_SP00093" HPOS="705" VPOS="898" WIDTH="22"/>
						<String ID="P144_ST00108" HPOS="727" VPOS="856" WIDTH="130" HEIGHT="31" CONTENT="division" WC="0.75" CC="03050605"/>
						<SP ID="P144_SP00094" HPOS="857" VPOS="898" WIDTH="20"/>
						<String ID="P144_ST00109" HPOS="877" VPOS="854" WIDTH="38" HEIGHT="31" CONTENT="of" WC="0.83" CC="03"/>
						<SP ID="P144_SP00095" HPOS="915" VPOS="898" WIDTH="20"/>
						<String ID="P144_ST00110" HPOS="935" VPOS="858" WIDTH="79" HEIGHT="27" CONTENT="casts" WC="0.90" CC="00500"/>
						<SP ID="P144_SP00096" HPOS="1014" VPOS="898" WIDTH="16"/>
						<String ID="P144_ST00111" HPOS="1030" VPOS="864" WIDTH="52" HEIGHT="30" CONTENT="op" SUBS_TYPE="HypPart1" SUBS_CONTENT="opposes" WC="0.81" CC="005"/>
						<HYP CONTENT="-"/>
					</TextLine>
					<TextLine ID="P144_TL00015" HPOS="252" VPOS="912" WIDTH="830" HEIGHT="42">
						<String ID="P144_ST00112" HPOS="252" VPOS="924" WIDTH="88" HEIGHT="30" CONTENT="poses" SUBS_TYPE="HypPart2" SUBS_CONTENT="opposes" WC="0.77" CC="40600"/>
						<SP ID="P144_SP00097" HPOS="340" VPOS="954" WIDTH="22"/>
						<String ID="P144_ST00113" HPOS="362" VPOS="925" WIDTH="40" HEIGHT="19" CONTENT="no" WC="0.89" CC="20"/>
						<SP ID="P144_SP00098" HPOS="402" VPOS="954" WIDTH="22"/>
						<String ID="P144_ST00114" HPOS="424" VPOS="915" WIDTH="137" HEIGHT="30" CONTENT="absolute" WC="0.92" CC="00006000"/>
						<SP ID="P144_SP00099" HPOS="561" VPOS="954" WIDTH="22"/>
						<String ID="P144_ST00115" HPOS="583" VPOS="915" WIDTH="55" HEIGHT="29" CONTENT="bar" WC="0.99" CC="000"/>
						<SP ID="P144_SP00100" HPOS="638" VPOS="954" WIDTH="24"/>
						<String ID="P144_ST00116" HPOS="662" VPOS="919" WIDTH="34" HEIGHT="25" CONTENT="to" WC="0.89" CC="02"/>
						<SP ID="P144_SP00101" HPOS="696" VPOS="954" WIDTH="22"/>
						<String ID="P144_ST00117" HPOS="718" VPOS="914" WIDTH="53" HEIGHT="30" CONTENT="the" WC="0.97" CC="000"/>
						<SP ID="P144_SP00102" HPOS="771" VPOS="954" WIDTH="23"/>
						<String ID="P144_ST00118" HPOS="794" VPOS="912" WIDTH="132" HEIGHT="42" CONTENT="possible" WC="0.87" CC="60002100"/>
						<SP ID="P144_SP00103" HPOS="926" VPOS="954" WIDTH="27"/>
						<String ID="P144_ST00119" HPOS="953" VPOS="912" WIDTH="129" HEIGHT="30" CONTENT="circum" SUBS_TYPE="HypPart1" SUBS_CONTENT="circumstance" WC="0.80" CC="0000236"/>
						<HYP CONTENT="-"/>
					</TextLine>
					<TextLine ID="P144_TL00016" HPOS="253" VPOS="966" WIDTH="828" HEIGHT="44">
						<String ID="P144_ST00120" HPOS="253" VPOS="973" WIDTH="106" HEIGHT="26" CONTENT="stance" SUBS_TYPE="HypPart2" SUBS_CONTENT="circumstance" WC="0.85" CC="102400"/>
						<SP ID="P144_SP00104" HPOS="359" VPOS="999" WIDTH="15"/>
						<String ID="P144_ST00121" HPOS="374" VPOS="970" WIDTH="37" HEIGHT="29" CONTENT="of" WC="0.73" CC="05"/>
						<SP ID="P144_SP00105" HPOS="411" VPOS="999" WIDTH="9"/>
						<String ID="P144_ST00122" HPOS="420" VPOS="970" WIDTH="53" HEIGHT="30" CONTENT="the" WC="0.91" CC="200"/>
						<SP ID="P144_SP00106" HPOS="473" VPOS="1000" WIDTH="16"/>
						<String ID="P144_ST00123" HPOS="489" VPOS="970" WIDTH="83" HEIGHT="40" CONTENT="early" WC="0.88" CC="00013"/>
						<SP ID="P144_SP00107" HPOS="572" VPOS="1010" WIDTH="13"/>
						<String ID="P144_ST00124" HPOS="585" VPOS="970" WIDTH="188" HEIGHT="29" CONTENT="inhabitants" WC="0.89" CC="26000000200"/>
						<SP ID="P144_SP00108" HPOS="773" VPOS="1010" WIDTH="23"/>
						<String ID="P144_ST00125" HPOS="796" VPOS="969" WIDTH="116" HEIGHT="39" CONTENT="having" WC="0.92" CC="100110"/>
						<SP ID="P144_SP00109" HPOS="912" VPOS="1010" WIDTH="23"/>
						<String ID="P144_ST00126" HPOS="935" VPOS="966" WIDTH="146" HEIGHT="41" CONTENT="proceed" SUBS_TYPE="HypPart1" SUBS_CONTENT="proceeded" WC="0.82" CC="60000052"/>
						<HYP CONTENT="-"/>
					</TextLine>
					<TextLine ID="P144_TL00017" HPOS="254" VPOS="1021" WIDTH="826" HEIGHT="43">
						<String ID="P144_ST00127" HPOS="254" VPOS="1025" WIDTH="41" HEIGHT="29" CONTENT="ed" SUBS_TYPE="HypPart2" SUBS_CONTENT="proceeded" WC="0.71" CC="05"/>
						<SP ID="P144_SP00110" HPOS="295" VPOS="1054" WIDTH="23"/>
						<String ID="P144_ST00128" HPOS="318" VPOS="1025" WIDTH="43" HEIGHT="39" CONTENT="by" WC="0.80" CC="04"/>
						<SP ID="P144_SP00111" HPOS="361" VPOS="1064" WIDTH="13"/>
						<String ID="P144_ST00129" HPOS="374" VPOS="1026" WIDTH="54" HEIGHT="29" CONTENT="the" WC="1.00" CC="000"/>
						<SP ID="P144_SP00112" HPOS="428" VPOS="1064" WIDTH="16"/>
						<String ID="P144_ST00130" HPOS="444" VPOS="1025" WIDTH="124" HEIGHT="30" CONTENT="Persian" WC="0.72" CC="7012052"/>
						<SP ID="P144_SP00113" HPOS="568" VPOS="1064" WIDTH="23"/>
						<String ID="P144_ST00131" HPOS="591" VPOS="1036" WIDTH="34" HEIGHT="19" CONTENT="or" WC="0.98" CC="00"/>
						<SP ID="P144_SP00114" HPOS="625" VPOS="1064" WIDTH="27"/>
						<String ID="P144_ST00132" HPOS="652" VPOS="1025" WIDTH="138" HEIGHT="30" CONTENT="Arabian" WC="0.90" CC="2000004"/>
						<SP ID="P144_SP00115" HPOS="790" VPOS="1064" WIDTH="24"/>
						<String ID="P144_ST00133" HPOS="814" VPOS="1023" WIDTH="123" HEIGHT="41" CONTENT="gulphs," WC="0.70" CC="0073306"/>
						<SP ID="P144_SP00116" HPOS="937" VPOS="1064" WIDTH="27"/>
						<String ID="P144_ST00134" HPOS="964" VPOS="1021" WIDTH="116" HEIGHT="41" CONTENT="though" WC="0.57" CC="420774"/>
					</TextLine>
					<TextLine ID="P144_TL00018" HPOS="254" VPOS="1079" WIDTH="827" HEIGHT="41">
						<String ID="P144_ST00135" HPOS="254" VPOS="1079" WIDTH="170" HEIGHT="41" CONTENT="belonging" WC="0.73" CC="005263040"/>
						<SP ID="P144_SP00117" HPOS="424" VPOS="1120" WIDTH="15"/>
						<String ID="P144_ST00136" HPOS="439" VPOS="1085" WIDTH="34" HEIGHT="25" CONTENT="to" WC="1.00" CC="00"/>
						<SP ID="P144_SP00118" HPOS="473" VPOS="1120" WIDTH="15"/>
						<String ID="P144_ST00137" HPOS="488" VPOS="1080" WIDTH="53" HEIGHT="30" CONTENT="the" WC="0.89" CC="030"/>
						<SP ID="P144_SP00119" HPOS="541" VPOS="1120" WIDTH="18"/>
						<String ID="P144_ST00138" HPOS="559" VPOS="1080" WIDTH="128" HEIGHT="30" CONTENT="Hindoo" WC="0.73" CC="430601"/>
						<SP ID="P144_SP00120" HPOS="687" VPOS="1120" WIDTH="15"/>
						<String ID="P144_ST00139" HPOS="702" VPOS="1085" WIDTH="89" HEIGHT="30" CONTENT="stem," WC="0.88" CC="00005"/>
						<SP ID="P144_SP00121" HPOS="791" VPOS="1120" WIDTH="24"/>
						<String ID="P144_ST00140" HPOS="815" VPOS="1089" WIDTH="31" HEIGHT="20" CONTENT="as" WC="1.00" CC="00"/>
						<SP ID="P144_SP00122" HPOS="846" VPOS="1120" WIDTH="15"/>
						<String ID="P144_ST00141" HPOS="861" VPOS="1089" WIDTH="46" HEIGHT="20" CONTENT="we" WC="0.79" CC="40"/>
						<SP ID="P144_SP00123" HPOS="907" VPOS="1120" WIDTH="16"/>
						<String ID="P144_ST00142" HPOS="923" VPOS="1087" WIDTH="51" HEIGHT="21" CONTENT="are" WC="0.80" CC="060"/>
						<SP ID="P144_SP00124" HPOS="974" VPOS="1120" WIDTH="16"/>
						<String ID="P144_ST00143" HPOS="990" VPOS="1087" WIDTH="91" HEIGHT="21" CONTENT="assur" SUBS_TYPE="HypPart1" SUBS_CONTENT="assured" WC="0.70" CC="310057"/>
						<HYP CONTENT="-"/>
					</TextLine>
					<TextLine ID="P144_TL00019" HPOS="255" VPOS="1133" WIDTH="823" HEIGHT="43">
						<String ID="P144_ST00144" HPOS="255" VPOS="1135" WIDTH="40" HEIGHT="30" CONTENT="ed" SUBS_TYPE="HypPart2" SUBS_CONTENT="assured" WC="0.96" CC="00"/>
						<SP ID="P144_SP00125" HPOS="295" VPOS="1165" WIDTH="14"/>
						<String ID="P144_ST00145" HPOS="309" VPOS="1136" WIDTH="42" HEIGHT="40" CONTENT="by" WC="0.60" CC="07"/>
						<SP ID="P144_SP00126" HPOS="351" VPOS="1176" WIDTH="15"/>
						<String ID="P144_ST00146" HPOS="366" VPOS="1136" WIDTH="53" HEIGHT="30" CONTENT="the" WC="1.00" CC="000"/>
						<SP ID="P144_SP00127" HPOS="419" VPOS="1176" WIDTH="16"/>
						<String ID="P144_ST00147" HPOS="435" VPOS="1146" WIDTH="82" HEIGHT="20" CONTENT="same" WC="1.00" CC="0000"/>
						<SP ID="P144_SP00128" HPOS="517" VPOS="1176" WIDTH="16"/>
						<String ID="P144_ST00148" HPOS="533" VPOS="1136" WIDTH="75" HEIGHT="40" CONTENT="high" WC="0.91" CC="0200"/>
						<SP ID="P144_SP00129" HPOS="608" VPOS="1176" WIDTH="13"/>
						<String ID="P144_ST00149" HPOS="621" VPOS="1135" WIDTH="155" HEIGHT="41" CONTENT="authority" WC="0.90" CC="000001205"/>
						<SP ID="P144_SP00130" HPOS="776" VPOS="1176" WIDTH="10"/>
						<String ID="P144_ST00150" HPOS="786" VPOS="1135" WIDTH="96" HEIGHT="30" CONTENT="above" WC="0.72" CC="05080"/>
						<SP ID="P144_SP00131" HPOS="882" VPOS="1176" WIDTH="12"/>
						<String ID="P144_ST00151" HPOS="894" VPOS="1133" WIDTH="135" HEIGHT="31" CONTENT="referred" WC="0.86" CC="30000007"/>
						<SP ID="P144_SP00132" HPOS="1029" VPOS="1176" WIDTH="10"/>
						<String ID="P144_ST00152" HPOS="1039" VPOS="1137" WIDTH="39" HEIGHT="32" CONTENT="to," WC="0.81" CC="005"/>
					</TextLine>
					<TextLine ID="P144_TL00020" HPOS="254" VPOS="1188" WIDTH="825" HEIGHT="41">
						<String ID="P144_ST00153" HPOS="254" VPOS="1191" WIDTH="69" HEIGHT="29" CONTENT="that" WC="0.80" CC="0700"/>
						<SP ID="P144_SP00133" HPOS="323" VPOS="1220" WIDTH="15"/>
						<String ID="P144_ST00154" HPOS="338" VPOS="1191" WIDTH="52" HEIGHT="30" CONTENT="the" WC="0.86" CC="040"/>
						<SP ID="P144_SP00134" HPOS="390" VPOS="1221" WIDTH="17"/>
						<String ID="P144_ST00155" HPOS="407" VPOS="1191" WIDTH="128" HEIGHT="30" CONTENT="Hindoo" WC="0.90" CC="500000"/>
						<SP ID="P144_SP00135" HPOS="535" VPOS="1221" WIDTH="24"/>
						<String ID="P144_ST00156" HPOS="559" VPOS="1191" WIDTH="132" HEIGHT="30" CONTENT="division" WC="0.94" CC="00000202"/>
						<SP ID="P144_SP00136" HPOS="691" VPOS="1221" WIDTH="27"/>
						<String ID="P144_ST00157" HPOS="718" VPOS="1191" WIDTH="38" HEIGHT="30" CONTENT="of" WC="0.61" CC="25"/>
						<SP ID="P144_SP00137" HPOS="756" VPOS="1221" WIDTH="16"/>
						<String ID="P144_ST00158" HPOS="772" VPOS="1196" WIDTH="80" HEIGHT="25" CONTENT="casts" WC="1.00" CC="00000"/>
						<SP ID="P144_SP00138" HPOS="852" VPOS="1221" WIDTH="24"/>
						<String ID="P144_ST00159" HPOS="876" VPOS="1190" WIDTH="61" HEIGHT="30" CONTENT="had" WC="0.84" CC="004"/>
						<SP ID="P144_SP00139" HPOS="937" VPOS="1221" WIDTH="24"/>
						<String ID="P144_ST00160" HPOS="961" VPOS="1188" WIDTH="118" HEIGHT="41" CONTENT="already" WC="0.82" CC="1020015"/>
					</TextLine>
					<TextLine ID="P144_TL00021" HPOS="254" VPOS="1246" WIDTH="824" HEIGHT="42">
						<String ID="P144_ST00161" HPOS="254" VPOS="1246" WIDTH="93" HEIGHT="29" CONTENT="taken" WC="0.74" CC="60005"/>
						<SP ID="P144_SP00140" HPOS="347" VPOS="1275" WIDTH="15"/>
						<String ID="P144_ST00162" HPOS="362" VPOS="1246" WIDTH="89" HEIGHT="40" CONTENT="place" WC="0.73" CC="60500"/>
						<SP ID="P144_SP00141" HPOS="451" VPOS="1286" WIDTH="14"/>
						<String ID="P144_ST00163" HPOS="465" VPOS="1248" WIDTH="32" HEIGHT="29" CONTENT="in" WC="0.71" CC="22"/>
						<SP ID="P144_SP00142" HPOS="497" VPOS="1286" WIDTH="15"/>
						<String ID="P144_ST00164" HPOS="512" VPOS="1247" WIDTH="55" HEIGHT="31" CONTENT="the" WC="1.00" CC="000"/>
						<SP ID="P144_SP00143" HPOS="567" VPOS="1286" WIDTH="15"/>
						<String ID="P144_ST00165" HPOS="582" VPOS="1247" WIDTH="84" HEIGHT="41" CONTENT="early" WC="0.73" CC="01056"/>
						<SP ID="P144_SP00144" HPOS="666" VPOS="1288" WIDTH="14"/>
						<String ID="P144_ST00166" HPOS="680" VPOS="1257" WIDTH="72" HEIGHT="31" CONTENT="ages" WC="0.83" CC="0204"/>
						<SP ID="P144_SP00145" HPOS="752" VPOS="1288" WIDTH="15"/>
						<String ID="P144_ST00167" HPOS="767" VPOS="1247" WIDTH="37" HEIGHT="30" CONTENT="of" WC="0.67" CC="06"/>
						<SP ID="P144_SP00146" HPOS="804" VPOS="1288" WIDTH="17"/>
						<String ID="P144_ST00168" HPOS="821" VPOS="1247" WIDTH="53" HEIGHT="30" CONTENT="the" WC="1.00" CC="000"/>
						<SP ID="P144_SP00147" HPOS="874" VPOS="1288" WIDTH="15"/>
						<String ID="P144_ST00169" HPOS="889" VPOS="1246" WIDTH="105" HEIGHT="35" CONTENT="world," WC="0.77" CC="200352"/>
						<SP ID="P144_SP00148" HPOS="994" VPOS="1288" WIDTH="23"/>
						<String ID="P144_ST00170" HPOS="1017" VPOS="1255" WIDTH="61" HEIGHT="31" CONTENT="pre" SUBS_TYPE="HypPart1" SUBS_CONTENT="previously" WC="0.78" CC="0800"/>
						<HYP CONTENT="-"/>
					</TextLine>
					<TextLine ID="P144_TL00022" HPOS="254" VPOS="1300" WIDTH="824" HEIGHT="42">
						<String ID="P144_ST00171" HPOS="254" VPOS="1300" WIDTH="120" HEIGHT="41" CONTENT="viously" SUBS_TYPE="HypPart2" SUBS_CONTENT="previously" WC="0.75" CC="4000084"/>
						<SP ID="P144_SP00149" HPOS="374" VPOS="1341" WIDTH="15"/>
						<String ID="P144_ST00172" HPOS="389" VPOS="1306" WIDTH="33" HEIGHT="25" CONTENT="to" WC="0.87" CC="20"/>
						<SP ID="P144_SP00150" HPOS="422" VPOS="1341" WIDTH="15"/>
						<String ID="P144_ST00173" HPOS="437" VPOS="1302" WIDTH="52" HEIGHT="29" CONTENT="the" WC="1.00" CC="000"/>
						<SP ID="P144_SP00151" HPOS="489" VPOS="1341" WIDTH="16"/>
						<String ID="P144_ST00174" HPOS="505" VPOS="1307" WIDTH="88" HEIGHT="34" CONTENT="great" WC="0.71" CC="00544"/>
						<SP ID="P144_SP00152" HPOS="593" VPOS="1341" WIDTH="14"/>
						<String ID="P144_ST00175" HPOS="607" VPOS="1302" WIDTH="164" HEIGHT="40" CONTENT="migration" WC="0.86" CC="610000004"/>
						<SP ID="P144_SP00153" HPOS="771" VPOS="1342" WIDTH="16"/>
						<String ID="P144_ST00176" HPOS="787" VPOS="1302" WIDTH="38" HEIGHT="30" CONTENT="of" WC="0.60" CC="07"/>
						<SP ID="P144_SP00154" HPOS="825" VPOS="1342" WIDTH="12"/>
						<String ID="P144_ST00177" HPOS="837" VPOS="1302" WIDTH="54" HEIGHT="30" CONTENT="the" WC="0.78" CC="150"/>
						<SP ID="P144_SP00155" HPOS="891" VPOS="1342" WIDTH="15"/>
						<String ID="P144_ST00178" HPOS="906" VPOS="1302" WIDTH="94" HEIGHT="29" CONTENT="tribes" WC="0.89" CC="000600"/>
						<SP ID="P144_SP00156" HPOS="1000" VPOS="1342" WIDTH="14"/>
						<String ID="P144_ST00179" HPOS="1014" VPOS="1300" WIDTH="64" HEIGHT="31" CONTENT="who" WC="0.38" CC="737"/>
					</TextLine>
					<TextLine ID="P144_TL00023" HPOS="253" VPOS="1356" WIDTH="826" HEIGHT="42">
						<String ID="P144_ST00180" HPOS="253" VPOS="1356" WIDTH="133" HEIGHT="41" CONTENT="peopled" WC="0.83" CC="6002200"/>
						<SP ID="P144_SP00157" HPOS="386" VPOS="1397" WIDTH="10"/>
						<String ID="P144_ST00181" HPOS="396" VPOS="1357" WIDTH="97" HEIGHT="36" CONTENT="India," WC="0.73" CC="040406"/>
						<SP ID="P144_SP00158" HPOS="493" VPOS="1397" WIDTH="13"/>
						<String ID="P144_ST00182" HPOS="506" VPOS="1357" WIDTH="79" HEIGHT="31" CONTENT="from" WC="0.61" CC="3407"/>
						<SP ID="P144_SP00159" HPOS="585" VPOS="1397" WIDTH="11"/>
						<String ID="P144_ST00183" HPOS="596" VPOS="1357" WIDTH="111" HEIGHT="36" CONTENT="Persia," WC="0.80" CC="7000006"/>
						<SP ID="P144_SP00160" HPOS="707" VPOS="1397" WIDTH="12"/>
						<String ID="P144_ST00184" HPOS="719" VPOS="1362" WIDTH="33" HEIGHT="26" CONTENT="to" WC="1.00" CC="00"/>
						<SP ID="P144_SP00161" HPOS="752" VPOS="1397" WIDTH="11"/>
						<String ID="P144_ST00185" HPOS="763" VPOS="1357" WIDTH="67" HEIGHT="31" CONTENT="that" WC="0.88" CC="0040"/>
						<SP ID="P144_SP00162" HPOS="830" VPOS="1397" WIDTH="15"/>
						<String ID="P144_ST00186" HPOS="845" VPOS="1362" WIDTH="141" HEIGHT="36" CONTENT="country." WC="0.78" CC="00040056"/>
						<SP ID="P144_SP00163" HPOS="986" VPOS="1398" WIDTH="24"/>
						<String ID="P144_ST00187" HPOS="1010" VPOS="1357" WIDTH="69" HEIGHT="39" CONTENT="Any" WC="0.43" CC="384"/>
					</TextLine>
					<TextLine ID="P144_TL00024" HPOS="255" VPOS="1412" WIDTH="824" HEIGHT="42">
						<String ID="P144_ST00188" HPOS="255" VPOS="1412" WIDTH="184" HEIGHT="42" CONTENT="knowledge" WC="0.87" CC="040040200"/>
						<SP ID="P144_SP00164" HPOS="439" VPOS="1454" WIDTH="15"/>
						<String ID="P144_ST00189" HPOS="454" VPOS="1412" WIDTH="37" HEIGHT="32" CONTENT="of" WC="0.93" CC="00"/>
						<SP ID="P144_SP00165" HPOS="491" VPOS="1454" WIDTH="18"/>
						<String ID="P144_ST00190" HPOS="509" VPOS="1413" WIDTH="157" HEIGHT="31" CONTENT="literature" WC="0.88" CC="6000000040"/>
						<SP ID="P144_SP00166" HPOS="666" VPOS="1454" WIDTH="16"/>
						<String ID="P144_ST00191" HPOS="682" VPOS="1412" WIDTH="67" HEIGHT="32" CONTENT="that" WC="0.84" CC="0600"/>
						<SP ID="P144_SP00167" HPOS="749" VPOS="1454" WIDTH="15"/>
						<String ID="P144_ST00192" HPOS="764" VPOS="1413" WIDTH="94" HEIGHT="31" CONTENT="exists" WC="0.91" CC="005000"/>
						<SP ID="P144_SP00168" HPOS="858" VPOS="1454" WIDTH="14"/>
						<String ID="P144_ST00193" HPOS="872" VPOS="1413" WIDTH="32" HEIGHT="30" CONTENT="in" WC="0.51" CC="54"/>
						<SP ID="P144_SP00169" HPOS="904" VPOS="1454" WIDTH="18"/>
						<String ID="P144_ST00194" HPOS="922" VPOS="1412" WIDTH="157" HEIGHT="40" CONTENT="Madagas" SUBS_TYPE="HypPart1" SUBS_CONTENT="Madagascar," WC="0.90" CC="01300100"/>
						<HYP CONTENT="-"/>
					</TextLine>
					<TextLine ID="P144_TL00025" HPOS="256" VPOS="1467" WIDTH="822" HEIGHT="42">
						<String ID="P144_ST00195" HPOS="256" VPOS="1478" WIDTH="60" HEIGHT="26" CONTENT="car," SUBS_TYPE="HypPart2" SUBS_CONTENT="Madagascar," WC="0.71" CC="0046"/>
						<SP ID="P144_SP00170" HPOS="316" VPOS="1504" WIDTH="18"/>
						<String ID="P144_ST00196" HPOS="334" VPOS="1478" WIDTH="135" HEIGHT="31" CONTENT="appears," WC="0.78" CC="04400206"/>
						<SP ID="P144_SP00171" HPOS="469" VPOS="1509" WIDTH="17"/>
						<String ID="P144_ST00197" HPOS="486" VPOS="1479" WIDTH="32" HEIGHT="20" CONTENT="as" WC="0.86" CC="02"/>
						<SP ID="P144_SP00172" HPOS="518" VPOS="1509" WIDTH="15"/>
						<String ID="P144_ST00198" HPOS="533" VPOS="1468" WIDTH="53" HEIGHT="31" CONTENT="has" WC="0.87" CC="300"/>
						<SP ID="P144_SP00173" HPOS="586" VPOS="1509" WIDTH="14"/>
						<String ID="P144_ST00199" HPOS="600" VPOS="1469" WIDTH="80" HEIGHT="30" CONTENT="been" WC="0.90" CC="3000"/>
						<SP ID="P144_SP00174" HPOS="680" VPOS="1509" WIDTH="16"/>
						<String ID="P144_ST00200" HPOS="696" VPOS="1469" WIDTH="109" HEIGHT="37" CONTENT="stated," WC="0.85" CC="0004006"/>
						<SP ID="P144_SP00175" HPOS="805" VPOS="1509" WIDTH="18"/>
						<String ID="P144_ST00201" HPOS="823" VPOS="1474" WIDTH="32" HEIGHT="25" CONTENT="to" WC="0.96" CC="00"/>
						<SP ID="P144_SP00176" HPOS="855" VPOS="1509" WIDTH="15"/>
						<String ID="P144_ST00202" HPOS="870" VPOS="1469" WIDTH="39" HEIGHT="31" CONTENT="be" WC="0.68" CC="60"/>
						<SP ID="P144_SP00177" HPOS="909" VPOS="1509" WIDTH="10"/>
						<String ID="P144_ST00203" HPOS="919" VPOS="1468" WIDTH="37" HEIGHT="30" CONTENT="of" WC="0.60" CC="07"/>
						<SP ID="P144_SP00178" HPOS="956" VPOS="1509" WIDTH="11"/>
						<String ID="P144_ST00204" HPOS="967" VPOS="1467" WIDTH="111" HEIGHT="32" CONTENT="Arabic" WC="0.49" CC="577820"/>
					</TextLine>
					<TextLine ID="P144_TL00026" HPOS="256" VPOS="1523" WIDTH="823" HEIGHT="42">
						<String ID="P144_ST00205" HPOS="256" VPOS="1524" WIDTH="108" HEIGHT="40" CONTENT="origin," WC="0.56" CC="4850065"/>
						<SP ID="P144_SP00179" HPOS="364" VPOS="1564" WIDTH="26"/>
						<String ID="P144_ST00206" HPOS="390" VPOS="1525" WIDTH="61" HEIGHT="31" CONTENT="and" WC="0.56" CC="066"/>
						<SP ID="P144_SP00180" HPOS="451" VPOS="1564" WIDTH="14"/>
						<String ID="P144_ST00207" HPOS="465" VPOS="1530" WIDTH="32" HEIGHT="26" CONTENT="to" WC="1.00" CC="00"/>
						<SP ID="P144_SP00181" HPOS="497" VPOS="1564" WIDTH="15"/>
						<String ID="P144_ST00208" HPOS="512" VPOS="1525" WIDTH="38" HEIGHT="31" CONTENT="be" WC="0.65" CC="70"/>
						<SP ID="P144_SP00182" HPOS="550" VPOS="1564" WIDTH="17"/>
						<String ID="P144_ST00209" HPOS="567" VPOS="1525" WIDTH="108" HEIGHT="31" CONTENT="almost" WC="0.71" CC="237110"/>
						<SP ID="P144_SP00183" HPOS="675" VPOS="1564" WIDTH="14"/>
						<String ID="P144_ST00210" HPOS="689" VPOS="1525" WIDTH="189" HEIGHT="40" CONTENT="exclusively" WC="0.68" CC="02014623067"/>
						<SP ID="P144_SP00184" HPOS="878" VPOS="1565" WIDTH="15"/>
						<String ID="P144_ST00211" HPOS="893" VPOS="1523" WIDTH="141" HEIGHT="33" CONTENT="confined" WC="0.66" CC="03057306"/>
						<SP ID="P144_SP00185" HPOS="1034" VPOS="1565" WIDTH="14"/>
						<String ID="P144_ST00212" HPOS="1048" VPOS="1530" WIDTH="31" HEIGHT="23" CONTENT="to" WC="0.48" CC="55"/>
					</TextLine>
				</TextBlock>
				<TextBlock ID="P144_TB00003" HPOS="250" VPOS="1611" WIDTH="832" HEIGHT="116" STYLEREFS="TXT_1 PAR_LEFT">
					<TextLine ID="P144_TL00027" HPOS="283" VPOS="1611" WIDTH="799" HEIGHT="37">
						<String ID="P144_ST00213" HPOS="283" VPOS="1613" WIDTH="13" HEIGHT="13" CONTENT="*" WC="0.37" CC="6"/>
						<SP ID="P144_SP00186" HPOS="296" VPOS="1626" WIDTH="13"/>
						<String ID="P144_ST00214" HPOS="309" VPOS="1612" WIDTH="83" HEIGHT="25" CONTENT="There" WC="0.82" CC="02050"/>
						<SP ID="P144_SP00187" HPOS="392" VPOS="1637" WIDTH="11"/>
						<String ID="P144_ST00215" HPOS="403" VPOS="1623" WIDTH="101" HEIGHT="23" CONTENT="appears" WC="0.64" CC="0850134"/>
						<SP ID="P144_SP00188" HPOS="504" VPOS="1646" WIDTH="13"/>
						<String ID="P144_ST00216" HPOS="517" VPOS="1619" WIDTH="83" HEIGHT="29" CONTENT="strong" WC="0.75" CC="600260"/>
						<SP ID="P144_SP00189" HPOS="600" VPOS="1648" WIDTH="12"/>
						<String ID="P144_ST00217" HPOS="612" VPOS="1615" WIDTH="103" HEIGHT="23" CONTENT="internal" WC="0.72" CC="67012002"/>
						<SP ID="P144_SP00190" HPOS="715" VPOS="1648" WIDTH="12"/>
						<String ID="P144_ST00218" HPOS="727" VPOS="1615" WIDTH="116" HEIGHT="23" CONTENT="evidence" WC="0.70" CC="00553602"/>
						<SP ID="P144_SP00191" HPOS="843" VPOS="1648" WIDTH="11"/>
						<String ID="P144_ST00219" HPOS="854" VPOS="1614" WIDTH="52" HEIGHT="24" CONTENT="that" WC="0.69" CC="6005"/>
						<SP ID="P144_SP00192" HPOS="906" VPOS="1648" WIDTH="10"/>
						<String ID="P144_ST00220" HPOS="916" VPOS="1612" WIDTH="74" HEIGHT="25" CONTENT="much" WC="0.48" CC="4555"/>
						<SP ID="P144_SP00193" HPOS="990" VPOS="1648" WIDTH="13"/>
						<String ID="P144_ST00221" HPOS="1003" VPOS="1612" WIDTH="27" HEIGHT="23" CONTENT="of" WC="0.45" CC="46"/>
						<SP ID="P144_SP00194" HPOS="1030" VPOS="1648" WIDTH="14"/>
						<String ID="P144_ST00222" HPOS="1044" VPOS="1611" WIDTH="38" HEIGHT="23" CONTENT="the" WC="0.81" CC="023"/>
					</TextLine>
					<TextLine ID="P144_TL00028" HPOS="251" VPOS="1651" WIDTH="831" HEIGHT="36">
						<String ID="P144_ST00223" HPOS="251" VPOS="1653" WIDTH="67" HEIGHT="24" CONTENT="work" WC="0.53" CC="8540"/>
						<SP ID="P144_SP00195" HPOS="318" VPOS="1677" WIDTH="13"/>
						<String ID="P144_ST00224" HPOS="331" VPOS="1653" WIDTH="105" HEIGHT="24" CONTENT="referred" WC="0.70" CC="36206050"/>
						<SP ID="P144_SP00196" HPOS="436" VPOS="1677" WIDTH="10"/>
						<String ID="P144_ST00225" HPOS="446" VPOS="1660" WIDTH="32" HEIGHT="23" CONTENT="to," WC="0.40" CC="637"/>
						<SP ID="P144_SP00197" HPOS="478" VPOS="1683" WIDTH="14"/>
						<String ID="P144_ST00226" HPOS="492" VPOS="1663" WIDTH="49" HEIGHT="15" CONTENT="was" WC="0.53" CC="741"/>
						<SP ID="P144_SP00198" HPOS="541" VPOS="1683" WIDTH="12"/>
						<String ID="P144_ST00227" HPOS="553" VPOS="1660" WIDTH="42" HEIGHT="19" CONTENT="not" WC="0.48" CC="482"/>
						<SP ID="P144_SP00199" HPOS="595" VPOS="1683" WIDTH="17"/>
						<String ID="P144_ST00228" HPOS="612" VPOS="1655" WIDTH="98" HEIGHT="25" CONTENT="written" WC="0.56" CC="6217075"/>
						<SP ID="P144_SP00200" HPOS="710" VPOS="1683" WIDTH="11"/>
						<String ID="P144_ST00229" HPOS="721" VPOS="1655" WIDTH="34" HEIGHT="32" CONTENT="by" WC="0.30" CC="76"/>
						<SP ID="P144_SP00201" HPOS="755" VPOS="1687" WIDTH="19"/>
						<String ID="P144_ST00230" HPOS="774" VPOS="1655" WIDTH="121" HEIGHT="28" CONTENT="Flacourt," WC="0.66" CC="301028652"/>
						<SP ID="P144_SP00202" HPOS="895" VPOS="1687" WIDTH="19"/>
						<String ID="P144_ST00231" HPOS="914" VPOS="1654" WIDTH="43" HEIGHT="23" CONTENT="but" WC="0.65" CC="820"/>
						<SP ID="P144_SP00203" HPOS="957" VPOS="1687" WIDTH="12"/>
						<String ID="P144_ST00232" HPOS="969" VPOS="1651" WIDTH="113" HEIGHT="34" CONTENT="probably" WC="0.39" CC="81888804"/>
					</TextLine>
					<TextLine ID="P144_TL00029" HPOS="252" VPOS="1693" WIDTH="801" HEIGHT="34">
						<String ID="P144_ST00233" HPOS="252" VPOS="1694" WIDTH="33" HEIGHT="33" CONTENT="by" WC="0.41" CC="83"/>
						<SP ID="P144_SP00204" HPOS="285" VPOS="1727" WIDTH="13"/>
						<String ID="P144_ST00234" HPOS="298" VPOS="1701" WIDTH="45" HEIGHT="16" CONTENT="one" WC="0.60" CC="640"/>
						<SP ID="P144_SP00205" HPOS="343" VPOS="1727" WIDTH="9"/>
						<String ID="P144_ST00235" HPOS="352" VPOS="1693" WIDTH="28" HEIGHT="24" CONTENT="of" WC="0.33" CC="48"/>
						<SP ID="P144_SP00206" HPOS="380" VPOS="1727" WIDTH="9"/>
						<String ID="P144_ST00236" HPOS="389" VPOS="1693" WIDTH="40" HEIGHT="24" CONTENT="the" WC="0.64" CC="640"/>
						<SP ID="P144_SP00207" HPOS="429" VPOS="1727" WIDTH="12"/>
						<String ID="P144_ST00237" HPOS="441" VPOS="1694" WIDTH="86" HEIGHT="32" CONTENT="priests" WC="0.42" CC="7436574"/>
						<SP ID="P144_SP00208" HPOS="527" VPOS="1727" WIDTH="10"/>
						<String ID="P144_ST00238" HPOS="537" VPOS="1694" WIDTH="56" HEIGHT="25" CONTENT="who" WC="0.61" CC="703"/>
						<SP ID="P144_SP00209" HPOS="593" VPOS="1727" WIDTH="11"/>
						<String ID="P144_ST00239" HPOS="604" VPOS="1695" WIDTH="172" HEIGHT="32" CONTENT="accompanied" WC="0.64" CC="00087636401"/>
						<SP ID="P144_SP00210" HPOS="776" VPOS="1727" WIDTH="12"/>
						<String ID="P144_ST00240" HPOS="788" VPOS="1695" WIDTH="51" HEIGHT="24" CONTENT="him" WC="0.36" CC="467"/>
						<SP ID="P144_SP00211" HPOS="839" VPOS="1727" WIDTH="13"/>
						<String ID="P144_ST00241" HPOS="852" VPOS="1699" WIDTH="25" HEIGHT="20" CONTENT="to" WC="0.31" CC="67"/>
						<SP ID="P144_SP00212" HPOS="877" VPOS="1727" WIDTH="13"/>
						<String ID="P144_ST00242" HPOS="890" VPOS="1694" WIDTH="163" HEIGHT="32" CONTENT="Madagascar." WC="0.50" CC="03808746860"/>
					</TextLine>
				</TextBlock>
			</PrintSpace>
		</Page>
	</Layout>
</alto>
